[
  {
    "x": 0,
    "y": 577.4
  },
  {
    "x": 1.4,
    "y": 577.8
  },
  {
    "x": 3.7,
    "y": 577.9
  },
  {
    "x": 3.9,
    "y": 577.9
  },
  {
    "x": 16.7,
    "y": 578.9
  },
  {
    "x": 19.5,
    "y": 579.1
  },
  {
    "x": 23.9,
    "y": 579.6
  },
  {
    "x": 25.6,
    "y": 579.8
  },
  {
    "x": 28.7,
    "y": 580.7
  },
  {
    "x": 31.4,
    "y": 581.4
  },
  {
    "x": 32.8,
    "y": 581.6
  },
  {
    "x": 36.4,
    "y": 582.4
  },
  {
    "x": 37.6,
    "y": 582.5
  },
  {
    "x": 39.4,
    "y": 582.6
  },
  {
    "x": 53.6,
    "y": 590.5
  },
  {
    "x": 56.8,
    "y": 593.5
  },
  {
    "x": 66.5,
    "y": 596.5
  },
  {
    "x": 68.1,
    "y": 596.9
  },
  {
    "x": 69.2,
    "y": 597.3
  },
  {
    "x": 69.9,
    "y": 597.5
  },
  {
    "x": 70.7,
    "y": 597.6
  },
  {
    "x": 75,
    "y": 599.7
  },
  {
    "x": 78.5,
    "y": 602.2
  },
  {
    "x": 81.8,
    "y": 605
  },
  {
    "x": 82.2,
    "y": 605.7
  },
  {
    "x": 83.1,
    "y": 606.9
  },
  {
    "x": 86.6,
    "y": 609.9
  },
  {
    "x": 87.8,
    "y": 610.1
  },
  {
    "x": 89.5,
    "y": 610.5
  },
  {
    "x": 92.9,
    "y": 611.9
  },
  {
    "x": 94.6,
    "y": 612.1
  },
  {
    "x": 95.6,
    "y": 612.4
  },
  {
    "x": 97.6,
    "y": 613
  },
  {
    "x": 98,
    "y": 613.1
  },
  {
    "x": 99.4,
    "y": 614.6
  },
  {
    "x": 104.1,
    "y": 617.1
  },
  {
    "x": 108.2,
    "y": 618
  },
  {
    "x": 109.5,
    "y": 618.4
  },
  {
    "x": 111.2,
    "y": 618.1
  },
  {
    "x": 113.7,
    "y": 617.3
  },
  {
    "x": 115,
    "y": 617.1
  },
  {
    "x": 119.6,
    "y": 617.5
  },
  {
    "x": 121,
    "y": 617.4
  },
  {
    "x": 122.3,
    "y": 617.4
  },
  {
    "x": 123.2,
    "y": 617.4
  },
  {
    "x": 125,
    "y": 617.4
  },
  {
    "x": 127.7,
    "y": 617.5
  },
  {
    "x": 127.7,
    "y": 617.5
  },
  {
    "x": 131,
    "y": 617.5
  },
  {
    "x": 132.9,
    "y": 617.5
  },
  {
    "x": 134.2,
    "y": 617.4
  },
  {
    "x": 135.5,
    "y": 617.5
  },
  {
    "x": 137.2,
    "y": 617.4
  },
  {
    "x": 140.4,
    "y": 617.6
  },
  {
    "x": 141,
    "y": 617.6
  },
  {
    "x": 143.9,
    "y": 617.4
  },
  {
    "x": 146.2,
    "y": 617.4
  },
  {
    "x": 147.8,
    "y": 617.3
  },
  {
    "x": 149,
    "y": 617.2
  },
  {
    "x": 150.1,
    "y": 617
  },
  {
    "x": 151.8,
    "y": 617
  },
  {
    "x": 154.4,
    "y": 617
  },
  {
    "x": 155.9,
    "y": 616.9
  },
  {
    "x": 157.5,
    "y": 617
  },
  {
    "x": 161.2,
    "y": 617.5
  },
  {
    "x": 162.3,
    "y": 617.9
  }
]