[
  {
    "x": 0,
    "y": 577
  },
  {
    "x": 0.2,
    "y": 577.1
  },
  {
    "x": 2,
    "y": 577.4
  },
  {
    "x": 3,
    "y": 577.3
  },
  {
    "x": 4.4,
    "y": 577.3
  },
  {
    "x": 5.8,
    "y": 577.5
  },
  {
    "x": 6.7,
    "y": 577.5
  },
  {
    "x": 8.5,
    "y": 577.6
  },
  {
    "x": 9.3,
    "y": 577.7
  },
  {
    "x": 11.3,
    "y": 577.8
  },
  {
    "x": 11.3,
    "y": 577.8
  },
  {
    "x": 13.7,
    "y": 578
  },
  {
    "x": 15.3,
    "y": 578
  },
  {
    "x": 16.1,
    "y": 578.1
  },
  {
    "x": 17.3,
    "y": 578.2
  },
  {
    "x": 18.5,
    "y": 578.3
  },
  {
    "x": 19.4,
    "y": 578.3
  },
  {
    "x": 20.9,
    "y": 578.6
  },
  {
    "x": 21.4,
    "y": 578.6
  },
  {
    "x": 23.2,
    "y": 578.9
  },
  {
    "x": 23.3,
    "y": 578.9
  },
  {
    "x": 24,
    "y": 578.9
  },
  {
    "x": 25.4,
    "y": 579
  },
  {
    "x": 25.7,
    "y": 579
  },
  {
    "x": 27.5,
    "y": 579
  },
  {
    "x": 28.3,
    "y": 579
  },
  {
    "x": 29.7,
    "y": 579
  },
  {
    "x": 30.8,
    "y": 579
  },
  {
    "x": 31.8,
    "y": 579
  },
  {
    "x": 33.3,
    "y": 579.1
  },
  {
    "x": 33.9,
    "y": 579
  },
  {
    "x": 35.9,
    "y": 579.1
  },
  {
    "x": 36,
    "y": 579.1
  },
  {
    "x": 36.7,
    "y": 579.1
  },
  {
    "x": 38.2,
    "y": 579.2
  },
  {
    "x": 38.6,
    "y": 579.2
  },
  {
    "x": 40.5,
    "y": 579.2
  },
  {
    "x": 41.3,
    "y": 579.3
  },
  {
    "x": 42.9,
    "y": 579.3
  },
  {
    "x": 44.2,
    "y": 579.4
  },
  {
    "x": 45.2,
    "y": 579.4
  },
  {
    "x": 46.9,
    "y": 579.5
  },
  {
    "x": 47.5,
    "y": 579.5
  },
  {
    "x": 49.7,
    "y": 579.5
  },
  {
    "x": 49.8,
    "y": 579.5
  },
  {
    "x": 50.5,
    "y": 579.5
  },
  {
    "x": 52.2,
    "y": 579.6
  },
  {
    "x": 54,
    "y": 579.7
  },
  {
    "x": 54.7,
    "y": 579.7
  },
  {
    "x": 56,
    "y": 579.7
  },
  {
    "x": 57.1,
    "y": 579.7
  },
  {
    "x": 58.7,
    "y": 579.8
  },
  {
    "x": 59.6,
    "y": 579.8
  },
  {
    "x": 60.1,
    "y": 579.8
  },
  {
    "x": 62,
    "y": 579.9
  },
  {
    "x": 62.2,
    "y": 579.9
  },
  {
    "x": 63.1,
    "y": 579.9
  },
  {
    "x": 64.4,
    "y": 580
  },
  {
    "x": 64.6,
    "y": 580
  },
  {
    "x": 66.6,
    "y": 580.1
  },
  {
    "x": 67.4,
    "y": 580.1
  },
  {
    "x": 68.9,
    "y": 580.2
  },
  {
    "x": 70.2,
    "y": 580.3
  },
  {
    "x": 71.1,
    "y": 580.4
  },
  {
    "x": 72.9,
    "y": 580.5
  },
  {
    "x": 73.3,
    "y": 580.5
  },
  {
    "x": 75.2,
    "y": 580.6
  },
  {
    "x": 75.6,
    "y": 580.6
  },
  {
    "x": 75.6,
    "y": 580.6
  },
  {
    "x": 77.8,
    "y": 580.8
  },
  {
    "x": 78.3,
    "y": 580.8
  },
  {
    "x": 79.9,
    "y": 581
  },
  {
    "x": 80.9,
    "y": 581
  },
  {
    "x": 82.1,
    "y": 581.1
  },
  {
    "x": 83.5,
    "y": 581.1
  },
  {
    "x": 84.4,
    "y": 581.2
  },
  {
    "x": 86.2,
    "y": 581.3
  },
  {
    "x": 86.6,
    "y": 581.3
  },
  {
    "x": 88.5,
    "y": 581.5
  },
  {
    "x": 88.7,
    "y": 581.5
  },
  {
    "x": 88.8,
    "y": 581.5
  },
  {
    "x": 90.9,
    "y": 581.7
  },
  {
    "x": 91.4,
    "y": 581.7
  },
  {
    "x": 93.1,
    "y": 581.8
  },
  {
    "x": 94.1,
    "y": 581.9
  },
  {
    "x": 95.3,
    "y": 582.1
  },
  {
    "x": 96.7,
    "y": 582.4
  },
  {
    "x": 97.5,
    "y": 582.4
  },
  {
    "x": 99.4,
    "y": 582.6
  },
  {
    "x": 99.6,
    "y": 582.7
  },
  {
    "x": 100.8,
    "y": 582.7
  },
  {
    "x": 101.9,
    "y": 582.8
  },
  {
    "x": 102.1,
    "y": 582.8
  },
  {
    "x": 104.2,
    "y": 582.9
  },
  {
    "x": 105,
    "y": 582.9
  },
  {
    "x": 106.6,
    "y": 583
  },
  {
    "x": 107.9,
    "y": 583
  },
  {
    "x": 108.9,
    "y": 583.1
  },
  {
    "x": 110.8,
    "y": 583.2
  },
  {
    "x": 111.2,
    "y": 583.2
  },
  {
    "x": 113.1,
    "y": 583.6
  },
  {
    "x": 113.5,
    "y": 583.6
  },
  {
    "x": 113.5,
    "y": 583.6
  },
  {
    "x": 115.7,
    "y": 583.9
  },
  {
    "x": 116.2,
    "y": 584
  },
  {
    "x": 117.9,
    "y": 584.2
  },
  {
    "x": 118.8,
    "y": 584.6
  },
  {
    "x": 120,
    "y": 584.7
  },
  {
    "x": 121.3,
    "y": 584.9
  },
  {
    "x": 122.2,
    "y": 585.1
  },
  {
    "x": 124,
    "y": 585.5
  },
  {
    "x": 124.4,
    "y": 585.6
  },
  {
    "x": 126.4,
    "y": 586
  },
  {
    "x": 126.5,
    "y": 586.1
  },
  {
    "x": 126.5,
    "y": 586.1
  },
  {
    "x": 128.8,
    "y": 586.4
  },
  {
    "x": 129.4,
    "y": 586.5
  },
  {
    "x": 131.1,
    "y": 586.9
  },
  {
    "x": 132.2,
    "y": 587
  },
  {
    "x": 133.4,
    "y": 587.2
  },
  {
    "x": 135,
    "y": 587.4
  },
  {
    "x": 135.7,
    "y": 587.6
  },
  {
    "x": 137.9,
    "y": 587.8
  },
  {
    "x": 138.1,
    "y": 587.8
  },
  {
    "x": 138.8,
    "y": 587.9
  },
  {
    "x": 140.8,
    "y": 588
  },
  {
    "x": 143.7,
    "y": 588.1
  },
  {
    "x": 146,
    "y": 587.9
  },
  {
    "x": 150.3,
    "y": 587.7
  },
  {
    "x": 152.3,
    "y": 587.5
  },
  {
    "x": 155.4,
    "y": 587.6
  },
  {
    "x": 156.7,
    "y": 587.3
  },
  {
    "x": 157.9,
    "y": 587.3
  },
  {
    "x": 159.2,
    "y": 587.2
  },
  {
    "x": 160.9,
    "y": 587.1
  },
  {
    "x": 161.7,
    "y": 586.9
  },
  {
    "x": 163.8,
    "y": 587.1
  },
  {
    "x": 164.3,
    "y": 587.1
  },
  {
    "x": 170.2,
    "y": 588
  },
  {
    "x": 175.7,
    "y": 588.4
  },
  {
    "x": 177.5,
    "y": 588.4
  },
  {
    "x": 180.3,
    "y": 589.4
  },
  {
    "x": 182.4,
    "y": 590
  },
  {
    "x": 188.2,
    "y": 592.3
  },
  {
    "x": 196.8,
    "y": 597.6
  },
  {
    "x": 197.6,
    "y": 597.9
  },
  {
    "x": 201.2,
    "y": 597.3
  },
  {
    "x": 207.1,
    "y": 597.2
  },
  {
    "x": 209.8,
    "y": 597.2
  },
  {
    "x": 215.3,
    "y": 597
  },
  {
    "x": 219.2,
    "y": 597
  },
  {
    "x": 220.4,
    "y": 597.1
  },
  {
    "x": 223.1,
    "y": 597
  },
  {
    "x": 225,
    "y": 597
  },
  {
    "x": 228,
    "y": 597
  },
  {
    "x": 232.1,
    "y": 597.1
  },
  {
    "x": 232.6,
    "y": 597.1
  },
  {
    "x": 234.6,
    "y": 597.1
  },
  {
    "x": 234.7,
    "y": 597.1
  },
  {
    "x": 235,
    "y": 597.1
  },
  {
    "x": 236.7,
    "y": 597.1
  },
  {
    "x": 237,
    "y": 597.1
  },
  {
    "x": 238.8,
    "y": 597.2
  },
  {
    "x": 239.5,
    "y": 597.2
  },
  {
    "x": 243,
    "y": 597.3
  },
  {
    "x": 244.5,
    "y": 597.3
  },
  {
    "x": 245.7,
    "y": 597.4
  },
  {
    "x": 247.1,
    "y": 597.5
  },
  {
    "x": 248.5,
    "y": 597.5
  },
  {
    "x": 249.1,
    "y": 597.6
  },
  {
    "x": 249.4,
    "y": 597.6
  },
  {
    "x": 251.8,
    "y": 597.5
  },
  {
    "x": 251.9,
    "y": 597.5
  },
  {
    "x": 251.9,
    "y": 597.5
  },
  {
    "x": 255.7,
    "y": 597.7
  },
  {
    "x": 256.9,
    "y": 598
  },
  {
    "x": 257.1,
    "y": 598
  },
  {
    "x": 257.4,
    "y": 598.1
  },
  {
    "x": 258.4,
    "y": 598.1
  },
  {
    "x": 262.5,
    "y": 598.5
  },
  {
    "x": 265.1,
    "y": 599.1
  },
  {
    "x": 265.4,
    "y": 599.1
  },
  {
    "x": 268.9,
    "y": 599.2
  },
  {
    "x": 269.8,
    "y": 599.2
  },
  {
    "x": 271,
    "y": 599.2
  },
  {
    "x": 272.9,
    "y": 599.8
  },
  {
    "x": 274.9,
    "y": 599.7
  },
  {
    "x": 276.6,
    "y": 602.4
  },
  {
    "x": 298.6,
    "y": 609.1
  },
  {
    "x": 304.1,
    "y": 614
  },
  {
    "x": 309.5,
    "y": 615.8
  },
  {
    "x": 328.6,
    "y": 620.7
  },
  {
    "x": 330.5,
    "y": 621.4
  },
  {
    "x": 331.9,
    "y": 621.6
  },
  {
    "x": 332.9,
    "y": 621.7
  },
  {
    "x": 355.8,
    "y": 630
  },
  {
    "x": 356.4,
    "y": 630.5
  },
  {
    "x": 356.6,
    "y": 630.6
  },
  {
    "x": 361,
    "y": 633.6
  },
  {
    "x": 376.5,
    "y": 640.8
  },
  {
    "x": 379.6,
    "y": 642
  },
  {
    "x": 383.9,
    "y": 643
  },
  {
    "x": 422.3,
    "y": 664.3
  },
  {
    "x": 436.3,
    "y": 665.8
  },
  {
    "x": 443.9,
    "y": 669.4
  },
  {
    "x": 446.3,
    "y": 670.8
  },
  {
    "x": 450.6,
    "y": 671
  },
  {
    "x": 464.1,
    "y": 673.6
  },
  {
    "x": 466.4,
    "y": 674.2
  },
  {
    "x": 469,
    "y": 673.8
  },
  {
    "x": 470.5,
    "y": 673.4
  },
  {
    "x": 472.9,
    "y": 673.5
  },
  {
    "x": 473.8,
    "y": 673.5
  },
  {
    "x": 475.3,
    "y": 673.4
  },
  {
    "x": 476.3,
    "y": 673.4
  },
  {
    "x": 478.2,
    "y": 673.5
  },
  {
    "x": 479.2,
    "y": 673.5
  },
  {
    "x": 481,
    "y": 673.5
  },
  {
    "x": 482.1,
    "y": 673.4
  },
  {
    "x": 483.9,
    "y": 673.4
  },
  {
    "x": 485,
    "y": 673.5
  },
  {
    "x": 487.1,
    "y": 673.5
  },
  {
    "x": 487.9,
    "y": 673.6
  },
  {
    "x": 489.6,
    "y": 673.5
  },
  {
    "x": 490.8,
    "y": 673.5
  },
  {
    "x": 491.5,
    "y": 673.5
  },
  {
    "x": 492.5,
    "y": 673.5
  },
  {
    "x": 493.7,
    "y": 673.5
  },
  {
    "x": 495.3,
    "y": 673.5
  },
  {
    "x": 496.6,
    "y": 673.5
  },
  {
    "x": 498.2,
    "y": 673.5
  },
  {
    "x": 499.5,
    "y": 673.5
  },
  {
    "x": 501,
    "y": 673.6
  },
  {
    "x": 502.4,
    "y": 673.6
  },
  {
    "x": 503.9,
    "y": 673.6
  },
  {
    "x": 505.3,
    "y": 673.6
  },
  {
    "x": 506.7,
    "y": 673.6
  },
  {
    "x": 507.9,
    "y": 673.6
  },
  {
    "x": 509.3,
    "y": 673.6
  },
  {
    "x": 510.7,
    "y": 673.6
  },
  {
    "x": 512.5,
    "y": 673.6
  },
  {
    "x": 513.1,
    "y": 673.6
  },
  {
    "x": 513.4,
    "y": 673.6
  },
  {
    "x": 513.9,
    "y": 673.6
  },
  {
    "x": 516.2,
    "y": 673.4
  },
  {
    "x": 516.2,
    "y": 673.4
  },
  {
    "x": 518.3,
    "y": 673.2
  },
  {
    "x": 519,
    "y": 673.2
  },
  {
    "x": 519.8,
    "y": 673.2
  },
  {
    "x": 521.7,
    "y": 673.2
  },
  {
    "x": 522.2,
    "y": 673.3
  },
  {
    "x": 523.2,
    "y": 673.3
  },
  {
    "x": 524.3,
    "y": 673.3
  },
  {
    "x": 525.1,
    "y": 673.4
  },
  {
    "x": 526.8,
    "y": 673.3
  },
  {
    "x": 527.1,
    "y": 673.3
  },
  {
    "x": 528,
    "y": 673.3
  },
  {
    "x": 529.6,
    "y": 673.2
  },
  {
    "x": 530.1,
    "y": 673.2
  },
  {
    "x": 532.1,
    "y": 673.2
  },
  {
    "x": 533.3,
    "y": 673.1
  },
  {
    "x": 534.6,
    "y": 673.1
  },
  {
    "x": 536.2,
    "y": 673.1
  },
  {
    "x": 536.4,
    "y": 673.1
  },
  {
    "x": 537,
    "y": 673.1
  },
  {
    "x": 537.3,
    "y": 673.1
  },
  {
    "x": 539.2,
    "y": 673
  },
  {
    "x": 539.6,
    "y": 673
  },
  {
    "x": 539.7,
    "y": 673
  },
  {
    "x": 542.3,
    "y": 672.9
  },
  {
    "x": 543.2,
    "y": 672.9
  },
  {
    "x": 545.1,
    "y": 672.8
  },
  {
    "x": 546.7,
    "y": 672.8
  },
  {
    "x": 547.8,
    "y": 672.8
  },
  {
    "x": 550.2,
    "y": 672.8
  },
  {
    "x": 550.6,
    "y": 672.8
  },
  {
    "x": 551.9,
    "y": 672.8
  },
  {
    "x": 552.3,
    "y": 672.8
  },
  {
    "x": 553.3,
    "y": 672.8
  },
  {
    "x": 553.6,
    "y": 672.8
  },
  {
    "x": 554.5,
    "y": 672.8
  },
  {
    "x": 556.1,
    "y": 672.8
  },
  {
    "x": 557,
    "y": 672.7
  },
  {
    "x": 558.4,
    "y": 672.7
  },
  {
    "x": 560.4,
    "y": 672.6
  },
  {
    "x": 561.1,
    "y": 672.6
  },
  {
    "x": 563.4,
    "y": 672.5
  },
  {
    "x": 563.6,
    "y": 672.5
  },
  {
    "x": 563.7,
    "y": 672.5
  },
  {
    "x": 563.7,
    "y": 672.5
  },
  {
    "x": 566.3,
    "y": 672.5
  },
  {
    "x": 566.9,
    "y": 672.4
  },
  {
    "x": 567.5,
    "y": 672.4
  },
  {
    "x": 569,
    "y": 672.4
  },
  {
    "x": 570.7,
    "y": 672.3
  },
  {
    "x": 571.6,
    "y": 672.3
  },
  {
    "x": 574.2,
    "y": 672.3
  },
  {
    "x": 574.3,
    "y": 672.3
  },
  {
    "x": 574.5,
    "y": 672.3
  },
  {
    "x": 576.8,
    "y": 672.3
  },
  {
    "x": 577.2,
    "y": 672.3
  },
  {
    "x": 577.8,
    "y": 672.3
  },
  {
    "x": 578.2,
    "y": 672.3
  },
  {
    "x": 580.5,
    "y": 672.2
  },
  {
    "x": 581.8,
    "y": 672.1
  },
  {
    "x": 583.5,
    "y": 672.3
  },
  {
    "x": 583.6,
    "y": 672.3
  },
  {
    "x": 586.7,
    "y": 672.1
  },
  {
    "x": 586.7,
    "y": 672.1
  },
  {
    "x": 587,
    "y": 672.1
  },
  {
    "x": 589.5,
    "y": 672.1
  },
  {
    "x": 590.3,
    "y": 672.1
  },
  {
    "x": 592.3,
    "y": 672.1
  },
  {
    "x": 594,
    "y": 672
  },
  {
    "x": 595.1,
    "y": 672
  },
  {
    "x": 597.9,
    "y": 672
  },
  {
    "x": 597.9,
    "y": 672
  },
  {
    "x": 598,
    "y": 672
  },
  {
    "x": 598.4,
    "y": 672
  },
  {
    "x": 599.8,
    "y": 672
  },
  {
    "x": 600,
    "y": 672
  },
  {
    "x": 602.5,
    "y": 672
  },
  {
    "x": 602.7,
    "y": 671.9
  },
  {
    "x": 605.2,
    "y": 672
  },
  {
    "x": 605.4,
    "y": 671.9
  },
  {
    "x": 608,
    "y": 672
  },
  {
    "x": 608.3,
    "y": 672
  },
  {
    "x": 608.4,
    "y": 672
  },
  {
    "x": 610.7,
    "y": 672
  },
  {
    "x": 611,
    "y": 671.9
  },
  {
    "x": 613.3,
    "y": 671.9
  },
  {
    "x": 613.7,
    "y": 671.9
  },
  {
    "x": 616,
    "y": 671.9
  },
  {
    "x": 616.4,
    "y": 671.8
  },
  {
    "x": 618.7,
    "y": 671.8
  },
  {
    "x": 619.2,
    "y": 671.8
  },
  {
    "x": 621.4,
    "y": 671.8
  },
  {
    "x": 621.9,
    "y": 671.8
  },
  {
    "x": 624,
    "y": 671.7
  },
  {
    "x": 624.5,
    "y": 671.7
  },
  {
    "x": 626.7,
    "y": 671.6
  },
  {
    "x": 627.3,
    "y": 671.6
  },
  {
    "x": 629.3,
    "y": 671.5
  },
  {
    "x": 629.9,
    "y": 671.5
  },
  {
    "x": 632,
    "y": 671.5
  },
  {
    "x": 632.6,
    "y": 671.5
  },
  {
    "x": 634.6,
    "y": 671.4
  },
  {
    "x": 635.3,
    "y": 671.4
  },
  {
    "x": 637.3,
    "y": 671.4
  },
  {
    "x": 638.1,
    "y": 671.4
  },
  {
    "x": 639.9,
    "y": 671.3
  },
  {
    "x": 640.7,
    "y": 671.3
  },
  {
    "x": 642.6,
    "y": 671.3
  },
  {
    "x": 643.4,
    "y": 671.3
  },
  {
    "x": 645.3,
    "y": 671.3
  },
  {
    "x": 646.2,
    "y": 671.3
  },
  {
    "x": 648,
    "y": 671.3
  },
  {
    "x": 648.8,
    "y": 671.3
  },
  {
    "x": 650.6,
    "y": 671.3
  },
  {
    "x": 651.6,
    "y": 671.3
  },
  {
    "x": 653.3,
    "y": 671.3
  },
  {
    "x": 654.2,
    "y": 671.3
  },
  {
    "x": 655.5,
    "y": 671.3
  },
  {
    "x": 656.5,
    "y": 671.3
  },
  {
    "x": 657.9,
    "y": 671.4
  },
  {
    "x": 658.8,
    "y": 671.3
  },
  {
    "x": 660.4,
    "y": 671.3
  },
  {
    "x": 662.1,
    "y": 671.3
  },
  {
    "x": 662.6,
    "y": 671.3
  },
  {
    "x": 662.9,
    "y": 671.3
  },
  {
    "x": 664.6,
    "y": 671.3
  },
  {
    "x": 664.8,
    "y": 671.3
  },
  {
    "x": 664.9,
    "y": 671.3
  },
  {
    "x": 665.9,
    "y": 671.2
  }
]