[
  {
    "x": 0,
    "y": 577.3
  },
  {
    "x": 0.3,
    "y": 577.2
  },
  {
    "x": 2,
    "y": 577.2
  },
  {
    "x": 2.6,
    "y": 577.3
  },
  {
    "x": 4.3,
    "y": 577.3
  },
  {
    "x": 4.9,
    "y": 577.3
  },
  {
    "x": 6.6,
    "y": 577.4
  },
  {
    "x": 7.2,
    "y": 577.5
  },
  {
    "x": 8.9,
    "y": 577.6
  },
  {
    "x": 9.5,
    "y": 577.6
  },
  {
    "x": 11.2,
    "y": 577.8
  },
  {
    "x": 11.8,
    "y": 577.8
  },
  {
    "x": 13.5,
    "y": 578.2
  },
  {
    "x": 14.1,
    "y": 578.3
  },
  {
    "x": 15.8,
    "y": 578.5
  },
  {
    "x": 16.5,
    "y": 578.4
  },
  {
    "x": 18,
    "y": 578.6
  },
  {
    "x": 18.7,
    "y": 578.6
  },
  {
    "x": 20.1,
    "y": 578.8
  },
  {
    "x": 20.4,
    "y": 578.8
  },
  {
    "x": 20.7,
    "y": 578.8
  },
  {
    "x": 23,
    "y": 579
  },
  {
    "x": 23.7,
    "y": 579.1
  },
  {
    "x": 24.9,
    "y": 579.1
  },
  {
    "x": 25.5,
    "y": 579.1
  },
  {
    "x": 26.5,
    "y": 579.2
  },
  {
    "x": 27.2,
    "y": 579.3
  },
  {
    "x": 28,
    "y": 579.3
  },
  {
    "x": 29.1,
    "y": 579.5
  },
  {
    "x": 30.4,
    "y": 579.6
  },
  {
    "x": 31.7,
    "y": 579.8
  },
  {
    "x": 32.8,
    "y": 579.9
  },
  {
    "x": 34.2,
    "y": 580.1
  },
  {
    "x": 34.9,
    "y": 580.3
  },
  {
    "x": 36.4,
    "y": 580.4
  },
  {
    "x": 36.7,
    "y": 580.4
  },
  {
    "x": 37.4,
    "y": 580.6
  },
  {
    "x": 39,
    "y": 580.7
  },
  {
    "x": 39.9,
    "y": 580.8
  },
  {
    "x": 40.8,
    "y": 581.1
  },
  {
    "x": 44.4,
    "y": 582.3
  },
  {
    "x": 46,
    "y": 582.1
  },
  {
    "x": 49.8,
    "y": 582.7
  },
  {
    "x": 52.2,
    "y": 582.7
  },
  {
    "x": 53.4,
    "y": 582.8
  },
  {
    "x": 54.7,
    "y": 582.7
  },
  {
    "x": 56,
    "y": 582.8
  },
  {
    "x": 56.3,
    "y": 582.8
  },
  {
    "x": 56.7,
    "y": 583
  },
  {
    "x": 58,
    "y": 583.1
  },
  {
    "x": 59.5,
    "y": 583.9
  },
  {
    "x": 63.8,
    "y": 584.1
  },
  {
    "x": 65,
    "y": 584.4
  },
  {
    "x": 74.7,
    "y": 584.6
  },
  {
    "x": 78,
    "y": 585.4
  },
  {
    "x": 82.3,
    "y": 588.3
  },
  {
    "x": 83.8,
    "y": 588
  },
  {
    "x": 90.4,
    "y": 589.6
  },
  {
    "x": 104.5,
    "y": 594.1
  },
  {
    "x": 114.3,
    "y": 593.8
  },
  {
    "x": 122.4,
    "y": 594
  },
  {
    "x": 122.9,
    "y": 594
  },
  {
    "x": 126.3,
    "y": 594.2
  },
  {
    "x": 128.1,
    "y": 594.1
  },
  {
    "x": 129.8,
    "y": 594.2
  },
  {
    "x": 131.5,
    "y": 594.5
  },
  {
    "x": 131.5,
    "y": 594.5
  },
  {
    "x": 133.5,
    "y": 594.5
  },
  {
    "x": 135.2,
    "y": 594.3
  },
  {
    "x": 137.4,
    "y": 594.7
  },
  {
    "x": 138.4,
    "y": 594.8
  },
  {
    "x": 138.5,
    "y": 594.8
  },
  {
    "x": 140.8,
    "y": 594.9
  },
  {
    "x": 140.8,
    "y": 594.9
  },
  {
    "x": 140.9,
    "y": 594.9
  },
  {
    "x": 142.8,
    "y": 595
  },
  {
    "x": 142.8,
    "y": 595
  },
  {
    "x": 143,
    "y": 594.9
  },
  {
    "x": 147.3,
    "y": 594.5
  },
  {
    "x": 147.7,
    "y": 594.5
  },
  {
    "x": 149.4,
    "y": 594.6
  },
  {
    "x": 150.3,
    "y": 594.7
  },
  {
    "x": 150.4,
    "y": 594.7
  },
  {
    "x": 152.6,
    "y": 594.6
  },
  {
    "x": 152.8,
    "y": 594.6
  },
  {
    "x": 155.1,
    "y": 594.3
  },
  {
    "x": 155.3,
    "y": 594.3
  },
  {
    "x": 157.3,
    "y": 594.7
  },
  {
    "x": 157.8,
    "y": 594.7
  },
  {
    "x": 163,
    "y": 594.9
  },
  {
    "x": 164.7,
    "y": 594.8
  },
  {
    "x": 167.9,
    "y": 594.9
  },
  {
    "x": 170.7,
    "y": 595
  },
  {
    "x": 171.7,
    "y": 595
  },
  {
    "x": 174,
    "y": 594.7
  },
  {
    "x": 186.5,
    "y": 594.7
  },
  {
    "x": 203.4,
    "y": 594.7
  },
  {
    "x": 205.5,
    "y": 594.7
  },
  {
    "x": 207.4,
    "y": 594.7
  },
  {
    "x": 207.4,
    "y": 594.7
  },
  {
    "x": 209.8,
    "y": 594.5
  },
  {
    "x": 210.3,
    "y": 594.7
  },
  {
    "x": 212.5,
    "y": 594.6
  },
  {
    "x": 214.8,
    "y": 594.8
  },
  {
    "x": 217.4,
    "y": 594.8
  },
  {
    "x": 222,
    "y": 594.9
  },
  {
    "x": 223.7,
    "y": 595
  },
  {
    "x": 224.6,
    "y": 595
  },
  {
    "x": 225.4,
    "y": 595
  },
  {
    "x": 232.8,
    "y": 595
  },
  {
    "x": 234.7,
    "y": 595.1
  },
  {
    "x": 236.6,
    "y": 595.2
  },
  {
    "x": 243.4,
    "y": 595.4
  },
  {
    "x": 248.1,
    "y": 595.5
  },
  {
    "x": 248.6,
    "y": 595.6
  },
  {
    "x": 251,
    "y": 595.7
  },
  {
    "x": 251.5,
    "y": 595.6
  },
  {
    "x": 259.6,
    "y": 595.6
  },
  {
    "x": 262.7,
    "y": 595.6
  },
  {
    "x": 264.4,
    "y": 595.5
  },
  {
    "x": 264.9,
    "y": 595.4
  },
  {
    "x": 268.6,
    "y": 595.8
  },
  {
    "x": 269.4,
    "y": 595.7
  },
  {
    "x": 270.7,
    "y": 595.7
  },
  {
    "x": 271.5,
    "y": 595.5
  },
  {
    "x": 271.6,
    "y": 595.5
  },
  {
    "x": 271.7,
    "y": 595.5
  },
  {
    "x": 274.1,
    "y": 595.5
  },
  {
    "x": 275.5,
    "y": 595.5
  },
  {
    "x": 277.6,
    "y": 595.8
  },
  {
    "x": 280.4,
    "y": 595.8
  },
  {
    "x": 281.4,
    "y": 595.8
  },
  {
    "x": 282.9,
    "y": 595.8
  },
  {
    "x": 283.8,
    "y": 595.8
  },
  {
    "x": 284.8,
    "y": 595.9
  },
  {
    "x": 287.7,
    "y": 596.2
  },
  {
    "x": 289.5,
    "y": 596.3
  },
  {
    "x": 290.8,
    "y": 596.5
  },
  {
    "x": 291.6,
    "y": 596.5
  },
  {
    "x": 293.2,
    "y": 596.7
  },
  {
    "x": 294.9,
    "y": 596.8
  },
  {
    "x": 295.7,
    "y": 597
  },
  {
    "x": 297.3,
    "y": 597.3
  },
  {
    "x": 298.1,
    "y": 597.3
  },
  {
    "x": 299.7,
    "y": 597.4
  },
  {
    "x": 300.5,
    "y": 597.6
  },
  {
    "x": 302,
    "y": 598.2
  },
  {
    "x": 303.3,
    "y": 598.3
  },
  {
    "x": 304.8,
    "y": 599.2
  },
  {
    "x": 305.4,
    "y": 599.3
  },
  {
    "x": 310.2,
    "y": 601.1
  },
  {
    "x": 312.2,
    "y": 602.6
  },
  {
    "x": 313.8,
    "y": 602.4
  },
  {
    "x": 319.8,
    "y": 605.5
  },
  {
    "x": 320.3,
    "y": 605.7
  },
  {
    "x": 323.6,
    "y": 606.9
  },
  {
    "x": 324.7,
    "y": 608.1
  },
  {
    "x": 326.4,
    "y": 608.5
  },
  {
    "x": 330.5,
    "y": 609.9
  },
  {
    "x": 331.6,
    "y": 610.8
  },
  {
    "x": 333.9,
    "y": 611.6
  },
  {
    "x": 334.6,
    "y": 612.5
  },
  {
    "x": 336,
    "y": 612.9
  },
  {
    "x": 337.1,
    "y": 613.9
  },
  {
    "x": 339.1,
    "y": 614.9
  },
  {
    "x": 339.4,
    "y": 614.9
  },
  {
    "x": 339.6,
    "y": 614.9
  },
  {
    "x": 345.2,
    "y": 616.6
  },
  {
    "x": 347.8,
    "y": 618.1
  },
  {
    "x": 348.9,
    "y": 618.6
  },
  {
    "x": 350.4,
    "y": 619.2
  },
  {
    "x": 353,
    "y": 619.7
  },
  {
    "x": 356.1,
    "y": 623.5
  },
  {
    "x": 360.6,
    "y": 623.1
  },
  {
    "x": 365.3,
    "y": 626.5
  },
  {
    "x": 366.1,
    "y": 627
  },
  {
    "x": 367.7,
    "y": 627.9
  },
  {
    "x": 369.6,
    "y": 628
  },
  {
    "x": 371.6,
    "y": 629.2
  },
  {
    "x": 373.2,
    "y": 629.1
  },
  {
    "x": 374.9,
    "y": 630.9
  },
  {
    "x": 386,
    "y": 634.6
  },
  {
    "x": 387.1,
    "y": 634.4
  },
  {
    "x": 387.8,
    "y": 634.7
  },
  {
    "x": 388.9,
    "y": 635.5
  },
  {
    "x": 417.6,
    "y": 644.5
  },
  {
    "x": 421.5,
    "y": 647.9
  },
  {
    "x": 421.8,
    "y": 647.9
  },
  {
    "x": 435.7,
    "y": 655.6
  },
  {
    "x": 439.9,
    "y": 661.8
  },
  {
    "x": 447,
    "y": 663
  },
  {
    "x": 447.4,
    "y": 663
  },
  {
    "x": 450.3,
    "y": 663.8
  },
  {
    "x": 450.5,
    "y": 663.8
  },
  {
    "x": 454.6,
    "y": 665
  },
  {
    "x": 456.5,
    "y": 665.5
  },
  {
    "x": 458.7,
    "y": 665.3
  },
  {
    "x": 462.9,
    "y": 666.4
  },
  {
    "x": 465.8,
    "y": 666.8
  },
  {
    "x": 468.3,
    "y": 667.5
  },
  {
    "x": 469.8,
    "y": 667.6
  },
  {
    "x": 470.6,
    "y": 667.4
  },
  {
    "x": 473.4,
    "y": 667.6
  },
  {
    "x": 475.6,
    "y": 667.7
  },
  {
    "x": 478.3,
    "y": 667.9
  },
  {
    "x": 479,
    "y": 667.9
  },
  {
    "x": 481.6,
    "y": 668
  },
  {
    "x": 482.9,
    "y": 667.9
  },
  {
    "x": 489.2,
    "y": 668.1
  },
  {
    "x": 494.7,
    "y": 667.7
  },
  {
    "x": 495,
    "y": 667.7
  },
  {
    "x": 496.2,
    "y": 667.7
  },
  {
    "x": 496.9,
    "y": 667.8
  },
  {
    "x": 498.4,
    "y": 667.8
  },
  {
    "x": 499.3,
    "y": 667.7
  },
  {
    "x": 500,
    "y": 667.6
  },
  {
    "x": 502.9,
    "y": 667.7
  },
  {
    "x": 506.2,
    "y": 667.5
  },
  {
    "x": 518.2,
    "y": 667.3
  },
  {
    "x": 521.1,
    "y": 667.5
  }
]