[
  {
    "x": 0,
    "y": 577.2
  },
  {
    "x": 0,
    "y": 577.2
  },
  {
    "x": 0,
    "y": 577.2
  },
  {
    "x": 0.3,
    "y": 577.2
  },
  {
    "x": 1.2,
    "y": 577.3
  },
  {
    "x": 2.7,
    "y": 577.4
  },
  {
    "x": 3.3,
    "y": 577.5
  },
  {
    "x": 5,
    "y": 577.6
  },
  {
    "x": 5.6,
    "y": 577.6
  },
  {
    "x": 6.4,
    "y": 577.6
  },
  {
    "x": 7.3,
    "y": 577.7
  },
  {
    "x": 7.7,
    "y": 577.8
  },
  {
    "x": 8.9,
    "y": 577.8
  },
  {
    "x": 10.3,
    "y": 578
  },
  {
    "x": 11.4,
    "y": 578.1
  },
  {
    "x": 12.7,
    "y": 578.2
  },
  {
    "x": 13.9,
    "y": 578.4
  },
  {
    "x": 14.1,
    "y": 578.4
  },
  {
    "x": 15,
    "y": 578.5
  },
  {
    "x": 16.4,
    "y": 578.9
  },
  {
    "x": 17.6,
    "y": 579.2
  },
  {
    "x": 18.8,
    "y": 579.3
  },
  {
    "x": 20,
    "y": 579.4
  },
  {
    "x": 21.2,
    "y": 579.8
  },
  {
    "x": 22.4,
    "y": 579.9
  },
  {
    "x": 23.6,
    "y": 580.4
  },
  {
    "x": 24.8,
    "y": 580.4
  },
  {
    "x": 26.1,
    "y": 580.7
  },
  {
    "x": 27.1,
    "y": 580.9
  },
  {
    "x": 27.6,
    "y": 581
  },
  {
    "x": 29.5,
    "y": 581.3
  },
  {
    "x": 29.7,
    "y": 581.3
  },
  {
    "x": 29.9,
    "y": 581.3
  },
  {
    "x": 30.5,
    "y": 581.4
  },
  {
    "x": 33.4,
    "y": 582.2
  },
  {
    "x": 34.5,
    "y": 582.2
  },
  {
    "x": 35.8,
    "y": 582.7
  },
  {
    "x": 36.9,
    "y": 582.7
  },
  {
    "x": 39.8,
    "y": 582.9
  },
  {
    "x": 40.9,
    "y": 583.2
  },
  {
    "x": 41.8,
    "y": 583.9
  },
  {
    "x": 43.2,
    "y": 584.1
  },
  {
    "x": 43.5,
    "y": 584.1
  },
  {
    "x": 45.6,
    "y": 584.2
  },
  {
    "x": 47.2,
    "y": 584.4
  },
  {
    "x": 48.4,
    "y": 584.4
  },
  {
    "x": 49.4,
    "y": 584.1
  },
  {
    "x": 50.8,
    "y": 584
  },
  {
    "x": 52.4,
    "y": 584.2
  },
  {
    "x": 53.4,
    "y": 584.6
  },
  {
    "x": 54.8,
    "y": 584.6
  },
  {
    "x": 55.2,
    "y": 584.7
  },
  {
    "x": 56,
    "y": 584.6
  },
  {
    "x": 57,
    "y": 584.7
  },
  {
    "x": 58.5,
    "y": 584.7
  },
  {
    "x": 60.1,
    "y": 584.7
  },
  {
    "x": 61.2,
    "y": 584.6
  },
  {
    "x": 62.3,
    "y": 584.6
  },
  {
    "x": 63.8,
    "y": 584.6
  },
  {
    "x": 64.9,
    "y": 584.6
  },
  {
    "x": 66.5,
    "y": 584.6
  },
  {
    "x": 67.6,
    "y": 584.6
  },
  {
    "x": 69.1,
    "y": 584.5
  },
  {
    "x": 70.2,
    "y": 584.4
  },
  {
    "x": 71.8,
    "y": 584.4
  },
  {
    "x": 72.9,
    "y": 584.4
  },
  {
    "x": 74.4,
    "y": 584.4
  },
  {
    "x": 75.6,
    "y": 584.4
  },
  {
    "x": 77.1,
    "y": 584.4
  },
  {
    "x": 78.2,
    "y": 584.4
  },
  {
    "x": 79.6,
    "y": 584.6
  },
  {
    "x": 80.7,
    "y": 584.6
  },
  {
    "x": 82.2,
    "y": 584.7
  },
  {
    "x": 83.3,
    "y": 584.7
  },
  {
    "x": 84.8,
    "y": 584.8
  },
  {
    "x": 85.9,
    "y": 584.8
  },
  {
    "x": 87.4,
    "y": 584.9
  },
  {
    "x": 88.6,
    "y": 584.8
  },
  {
    "x": 90.1,
    "y": 584.8
  },
  {
    "x": 91.3,
    "y": 584.8
  },
  {
    "x": 92.8,
    "y": 584.8
  },
  {
    "x": 93.9,
    "y": 584.8
  },
  {
    "x": 95.4,
    "y": 584.8
  },
  {
    "x": 96.6,
    "y": 584.7
  },
  {
    "x": 98.1,
    "y": 584.7
  },
  {
    "x": 99.3,
    "y": 584.5
  },
  {
    "x": 100.8,
    "y": 584.5
  },
  {
    "x": 102,
    "y": 584.5
  },
  {
    "x": 103.5,
    "y": 584.5
  },
  {
    "x": 104.6,
    "y": 584.6
  },
  {
    "x": 106.1,
    "y": 584.5
  },
  {
    "x": 107.3,
    "y": 584.6
  },
  {
    "x": 108.8,
    "y": 584.6
  },
  {
    "x": 110,
    "y": 584.6
  },
  {
    "x": 111.4,
    "y": 584.7
  },
  {
    "x": 112.6,
    "y": 584.7
  },
  {
    "x": 114,
    "y": 584.7
  },
  {
    "x": 115.2,
    "y": 584.8
  },
  {
    "x": 116.7,
    "y": 584.8
  },
  {
    "x": 117.9,
    "y": 584.8
  },
  {
    "x": 119.4,
    "y": 584.8
  },
  {
    "x": 120.6,
    "y": 584.7
  },
  {
    "x": 122.1,
    "y": 584.7
  },
  {
    "x": 123.3,
    "y": 584.7
  },
  {
    "x": 124.8,
    "y": 584.7
  },
  {
    "x": 126,
    "y": 584.7
  },
  {
    "x": 127.4,
    "y": 584.7
  },
  {
    "x": 128.6,
    "y": 584.8
  },
  {
    "x": 130.1,
    "y": 584.9
  },
  {
    "x": 131.3,
    "y": 584.9
  },
  {
    "x": 132.8,
    "y": 584.9
  },
  {
    "x": 134,
    "y": 584.9
  },
  {
    "x": 135.4,
    "y": 585
  },
  {
    "x": 136.6,
    "y": 585.1
  },
  {
    "x": 138,
    "y": 585.2
  },
  {
    "x": 139.2,
    "y": 585.3
  },
  {
    "x": 140.6,
    "y": 585.5
  },
  {
    "x": 141.8,
    "y": 585.5
  },
  {
    "x": 143.3,
    "y": 585.6
  },
  {
    "x": 144.1,
    "y": 585.6
  },
  {
    "x": 144.4,
    "y": 585.6
  },
  {
    "x": 146.4,
    "y": 585.8
  },
  {
    "x": 147.1,
    "y": 585.8
  },
  {
    "x": 148.6,
    "y": 585.8
  },
  {
    "x": 149.9,
    "y": 585.8
  },
  {
    "x": 151.3,
    "y": 585.9
  },
  {
    "x": 152.3,
    "y": 585.8
  },
  {
    "x": 153.8,
    "y": 585.8
  },
  {
    "x": 154,
    "y": 585.8
  },
  {
    "x": 155.2,
    "y": 585.8
  },
  {
    "x": 156.7,
    "y": 585.9
  },
  {
    "x": 157.9,
    "y": 585.8
  },
  {
    "x": 159.4,
    "y": 585.9
  },
  {
    "x": 160.7,
    "y": 585.9
  },
  {
    "x": 162.1,
    "y": 586
  },
  {
    "x": 162.9,
    "y": 586.1
  },
  {
    "x": 163.1,
    "y": 586.1
  },
  {
    "x": 163.7,
    "y": 586.1
  },
  {
    "x": 167.5,
    "y": 586.1
  },
  {
    "x": 169,
    "y": 586.1
  },
  {
    "x": 170.4,
    "y": 586.2
  },
  {
    "x": 172.1,
    "y": 586.1
  },
  {
    "x": 173,
    "y": 586.3
  },
  {
    "x": 174.1,
    "y": 586.3
  },
  {
    "x": 176.2,
    "y": 586.4
  },
  {
    "x": 178,
    "y": 586.5
  },
  {
    "x": 179.8,
    "y": 586.5
  },
  {
    "x": 182.4,
    "y": 587.4
  },
  {
    "x": 185.3,
    "y": 588.4
  },
  {
    "x": 185.9,
    "y": 588.9
  },
  {
    "x": 186.9,
    "y": 589.2
  },
  {
    "x": 190.5,
    "y": 589.9
  },
  {
    "x": 191.9,
    "y": 590.4
  },
  {
    "x": 192.6,
    "y": 591
  },
  {
    "x": 193.6,
    "y": 590.9
  },
  {
    "x": 195.3,
    "y": 591.7
  },
  {
    "x": 196.1,
    "y": 591.8
  },
  {
    "x": 197.5,
    "y": 592.6
  },
  {
    "x": 198.3,
    "y": 593
  },
  {
    "x": 199.2,
    "y": 593.5
  },
  {
    "x": 199.6,
    "y": 593.5
  },
  {
    "x": 200.2,
    "y": 593.8
  },
  {
    "x": 202,
    "y": 594.3
  },
  {
    "x": 202.9,
    "y": 594.8
  },
  {
    "x": 204.5,
    "y": 595.9
  },
  {
    "x": 204.8,
    "y": 596
  },
  {
    "x": 205.5,
    "y": 596.5
  },
  {
    "x": 207.2,
    "y": 597
  },
  {
    "x": 208.2,
    "y": 597.8
  },
  {
    "x": 209.2,
    "y": 598.2
  },
  {
    "x": 209.3,
    "y": 598.2
  },
  {
    "x": 209.6,
    "y": 598.2
  },
  {
    "x": 211,
    "y": 599.1
  },
  {
    "x": 211.5,
    "y": 599.1
  },
  {
    "x": 212.1,
    "y": 599.3
  },
  {
    "x": 213.9,
    "y": 600.2
  },
  {
    "x": 215.9,
    "y": 600.5
  },
  {
    "x": 217.6,
    "y": 601.2
  },
  {
    "x": 220,
    "y": 601.5
  },
  {
    "x": 221.2,
    "y": 602
  },
  {
    "x": 224,
    "y": 602.7
  },
  {
    "x": 224.7,
    "y": 602.7
  },
  {
    "x": 227.9,
    "y": 603.3
  },
  {
    "x": 228.1,
    "y": 603.3
  },
  {
    "x": 228.4,
    "y": 603.4
  },
  {
    "x": 230.4,
    "y": 603.8
  },
  {
    "x": 231.5,
    "y": 603.8
  },
  {
    "x": 231.6,
    "y": 603.8
  },
  {
    "x": 234.7,
    "y": 604.2
  },
  {
    "x": 235.1,
    "y": 604.1
  },
  {
    "x": 237.1,
    "y": 604.5
  },
  {
    "x": 237.1,
    "y": 604.5
  },
  {
    "x": 237.1,
    "y": 604.5
  },
  {
    "x": 237.1,
    "y": 604.5
  },
  {
    "x": 238.9,
    "y": 604.4
  },
  {
    "x": 239.4,
    "y": 604.5
  },
  {
    "x": 240,
    "y": 604.6
  },
  {
    "x": 240.8,
    "y": 604.6
  },
  {
    "x": 242,
    "y": 604.5
  },
  {
    "x": 243.9,
    "y": 604.8
  },
  {
    "x": 245.4,
    "y": 605
  },
  {
    "x": 246.2,
    "y": 605.1
  },
  {
    "x": 247,
    "y": 605.1
  },
  {
    "x": 248,
    "y": 604.9
  },
  {
    "x": 248.8,
    "y": 604.9
  },
  {
    "x": 249.1,
    "y": 604.9
  },
  {
    "x": 249.9,
    "y": 604.9
  },
  {
    "x": 250,
    "y": 605.1
  },
  {
    "x": 252,
    "y": 604.9
  },
  {
    "x": 252.9,
    "y": 605.1
  },
  {
    "x": 253.8,
    "y": 605.1
  },
  {
    "x": 255.4,
    "y": 605
  },
  {
    "x": 256.6,
    "y": 605.1
  },
  {
    "x": 257.4,
    "y": 605
  },
  {
    "x": 258.1,
    "y": 605.1
  },
  {
    "x": 258.9,
    "y": 605.1
  },
  {
    "x": 259,
    "y": 605
  },
  {
    "x": 260.7,
    "y": 604.9
  },
  {
    "x": 260.9,
    "y": 604.7
  }
]