[
  {
    "x": 0,
    "y": 577.4
  },
  {
    "x": 0.1,
    "y": 577.3
  },
  {
    "x": 1.1,
    "y": 577.5
  },
  {
    "x": 1.7,
    "y": 577.4
  },
  {
    "x": 2.3,
    "y": 577.4
  },
  {
    "x": 3.8,
    "y": 577.4
  },
  {
    "x": 4.5,
    "y": 577.5
  },
  {
    "x": 4.8,
    "y": 577.6
  },
  {
    "x": 6.2,
    "y": 578.7
  },
  {
    "x": 6.3,
    "y": 579
  },
  {
    "x": 7,
    "y": 578.5
  },
  {
    "x": 7.9,
    "y": 579.2
  },
  {
    "x": 8.7,
    "y": 578.5
  },
  {
    "x": 9.1,
    "y": 578.8
  },
  {
    "x": 10.9,
    "y": 578.9
  },
  {
    "x": 10.9,
    "y": 578.9
  },
  {
    "x": 11,
    "y": 578.9
  },
  {
    "x": 11.1,
    "y": 578.9
  },
  {
    "x": 11.6,
    "y": 578.8
  },
  {
    "x": 11.7,
    "y": 579
  },
  {
    "x": 13.5,
    "y": 579.4
  },
  {
    "x": 14.1,
    "y": 579.4
  },
  {
    "x": 14.4,
    "y": 579.5
  },
  {
    "x": 14.9,
    "y": 579.4
  },
  {
    "x": 15.8,
    "y": 579.5
  },
  {
    "x": 17.2,
    "y": 579.9
  },
  {
    "x": 17.3,
    "y": 580
  },
  {
    "x": 18,
    "y": 580.1
  },
  {
    "x": 18.2,
    "y": 580.2
  },
  {
    "x": 19.7,
    "y": 580.5
  },
  {
    "x": 20.4,
    "y": 581.2
  },
  {
    "x": 21,
    "y": 581.5
  },
  {
    "x": 21.8,
    "y": 581.4
  },
  {
    "x": 22.1,
    "y": 581.4
  },
  {
    "x": 23.9,
    "y": 581.9
  },
  {
    "x": 24,
    "y": 582
  },
  {
    "x": 24,
    "y": 582
  },
  {
    "x": 24.1,
    "y": 582
  },
  {
    "x": 25.7,
    "y": 582.6
  },
  {
    "x": 33.7,
    "y": 587.4
  },
  {
    "x": 40.1,
    "y": 588.3
  },
  {
    "x": 40.3,
    "y": 588.5
  },
  {
    "x": 43,
    "y": 590.3
  },
  {
    "x": 44.7,
    "y": 592.9
  },
  {
    "x": 46.7,
    "y": 593.2
  },
  {
    "x": 50,
    "y": 597.6
  },
  {
    "x": 51.3,
    "y": 598.3
  },
  {
    "x": 52.6,
    "y": 598.7
  },
  {
    "x": 55.6,
    "y": 601
  },
  {
    "x": 56.9,
    "y": 604.4
  },
  {
    "x": 58.3,
    "y": 606.1
  },
  {
    "x": 58.8,
    "y": 605.9
  },
  {
    "x": 59,
    "y": 606.3
  },
  {
    "x": 60.7,
    "y": 607.4
  },
  {
    "x": 62.8,
    "y": 608.8
  },
  {
    "x": 63.2,
    "y": 609.2
  },
  {
    "x": 63.4,
    "y": 609.2
  },
  {
    "x": 64.7,
    "y": 609.9
  },
  {
    "x": 64.8,
    "y": 609.9
  },
  {
    "x": 64.9,
    "y": 609.9
  },
  {
    "x": 67.1,
    "y": 610.6
  },
  {
    "x": 67.8,
    "y": 610.8
  },
  {
    "x": 69,
    "y": 611
  },
  {
    "x": 69.3,
    "y": 611
  },
  {
    "x": 70.5,
    "y": 611
  },
  {
    "x": 71.1,
    "y": 611.1
  },
  {
    "x": 71.3,
    "y": 611.1
  },
  {
    "x": 73.7,
    "y": 611.3
  },
  {
    "x": 74.4,
    "y": 611.5
  },
  {
    "x": 75.7,
    "y": 611.6
  },
  {
    "x": 76.1,
    "y": 611.6
  },
  {
    "x": 77.4,
    "y": 611.7
  },
  {
    "x": 77.7,
    "y": 611.7
  },
  {
    "x": 77.7,
    "y": 611.7
  },
  {
    "x": 78.4,
    "y": 611.9
  },
  {
    "x": 79.3,
    "y": 612
  },
  {
    "x": 80.7,
    "y": 612
  },
  {
    "x": 82.5,
    "y": 612.1
  },
  {
    "x": 82.9,
    "y": 612.2
  },
  {
    "x": 83.3,
    "y": 612.3
  },
  {
    "x": 83.5,
    "y": 612.3
  },
  {
    "x": 85.3,
    "y": 612.4
  },
  {
    "x": 85.7,
    "y": 612.4
  },
  {
    "x": 87.1,
    "y": 612.5
  },
  {
    "x": 88.1,
    "y": 612.6
  },
  {
    "x": 88.5,
    "y": 612.5
  },
  {
    "x": 90.3,
    "y": 612.6
  },
  {
    "x": 93.9,
    "y": 613.4
  },
  {
    "x": 94.2,
    "y": 613.7
  },
  {
    "x": 94.7,
    "y": 613.7
  },
  {
    "x": 96.1,
    "y": 614.1
  },
  {
    "x": 97.1,
    "y": 614.6
  },
  {
    "x": 99.5,
    "y": 616.6
  },
  {
    "x": 101.1,
    "y": 617
  },
  {
    "x": 102.5,
    "y": 618.1
  },
  {
    "x": 103.1,
    "y": 618.2
  },
  {
    "x": 104.9,
    "y": 619.4
  },
  {
    "x": 105.2,
    "y": 620.2
  },
  {
    "x": 105.4,
    "y": 620.2
  },
  {
    "x": 105.8,
    "y": 621
  },
  {
    "x": 108,
    "y": 622.2
  },
  {
    "x": 110.6,
    "y": 625.5
  },
  {
    "x": 111.4,
    "y": 625.6
  },
  {
    "x": 112.8,
    "y": 626.9
  },
  {
    "x": 113.8,
    "y": 627.1
  },
  {
    "x": 116.2,
    "y": 627.4
  },
  {
    "x": 116.2,
    "y": 627.4
  },
  {
    "x": 116.2,
    "y": 627.4
  },
  {
    "x": 118.1,
    "y": 628.2
  },
  {
    "x": 120,
    "y": 629.1
  },
  {
    "x": 120.5,
    "y": 629.3
  },
  {
    "x": 120.8,
    "y": 629.2
  },
  {
    "x": 121.7,
    "y": 629.6
  },
  {
    "x": 122.1,
    "y": 629.6
  },
  {
    "x": 122.4,
    "y": 630
  },
  {
    "x": 124.3,
    "y": 631.2
  },
  {
    "x": 124.8,
    "y": 631.6
  },
  {
    "x": 126,
    "y": 632.1
  },
  {
    "x": 127.6,
    "y": 633.3
  },
  {
    "x": 128,
    "y": 633.3
  },
  {
    "x": 128.7,
    "y": 634.3
  },
  {
    "x": 129.9,
    "y": 635
  },
  {
    "x": 130.8,
    "y": 636.1
  },
  {
    "x": 132,
    "y": 636.7
  },
  {
    "x": 133.7,
    "y": 638.1
  },
  {
    "x": 134.1,
    "y": 637.8
  },
  {
    "x": 134.6,
    "y": 638.3
  },
  {
    "x": 135.3,
    "y": 638.6
  },
  {
    "x": 135.8,
    "y": 639.5
  },
  {
    "x": 136.8,
    "y": 639.8
  },
  {
    "x": 137.1,
    "y": 639.9
  },
  {
    "x": 138.4,
    "y": 640.6
  },
  {
    "x": 139.7,
    "y": 641.8
  },
  {
    "x": 140.2,
    "y": 641.9
  },
  {
    "x": 140.9,
    "y": 643.2
  },
  {
    "x": 141.8,
    "y": 643.5
  },
  {
    "x": 141.9,
    "y": 643.6
  },
  {
    "x": 143.3,
    "y": 644.4
  },
  {
    "x": 144.3,
    "y": 645.4
  },
  {
    "x": 146,
    "y": 647.1
  },
  {
    "x": 147.1,
    "y": 647.2
  },
  {
    "x": 147.8,
    "y": 647.7
  },
  {
    "x": 148.4,
    "y": 648.8
  },
  {
    "x": 148.8,
    "y": 648.8
  },
  {
    "x": 148.9,
    "y": 648.8
  },
  {
    "x": 150.7,
    "y": 650
  },
  {
    "x": 151.6,
    "y": 650.4
  },
  {
    "x": 152.7,
    "y": 651
  },
  {
    "x": 154.4,
    "y": 652.1
  },
  {
    "x": 154.7,
    "y": 652.2
  },
  {
    "x": 155.4,
    "y": 652.3
  },
  {
    "x": 156.5,
    "y": 653.2
  },
  {
    "x": 157,
    "y": 653.5
  },
  {
    "x": 158.3,
    "y": 653.9
  },
  {
    "x": 159.5,
    "y": 654.7
  },
  {
    "x": 160,
    "y": 655.1
  },
  {
    "x": 161.3,
    "y": 655.7
  },
  {
    "x": 161.8,
    "y": 656.2
  },
  {
    "x": 162,
    "y": 656.4
  },
  {
    "x": 163.7,
    "y": 657.1
  },
  {
    "x": 164.9,
    "y": 657.6
  },
  {
    "x": 167.2,
    "y": 657.8
  },
  {
    "x": 175.3,
    "y": 659.9
  },
  {
    "x": 176.3,
    "y": 659.9
  },
  {
    "x": 176.5,
    "y": 659.9
  },
  {
    "x": 176.5,
    "y": 660
  },
  {
    "x": 178.7,
    "y": 660.3
  },
  {
    "x": 179.1,
    "y": 660.4
  },
  {
    "x": 182.8,
    "y": 660.7
  },
  {
    "x": 183.1,
    "y": 660.7
  },
  {
    "x": 189.6,
    "y": 661
  },
  {
    "x": 190.3,
    "y": 661
  },
  {
    "x": 192.7,
    "y": 661.1
  },
  {
    "x": 195.1,
    "y": 661.1
  },
  {
    "x": 197.9,
    "y": 661.1
  },
  {
    "x": 202.3,
    "y": 661.3
  },
  {
    "x": 203.4,
    "y": 661.3
  },
  {
    "x": 204.8,
    "y": 661.3
  },
  {
    "x": 205.5,
    "y": 661.3
  },
  {
    "x": 207.1,
    "y": 661.4
  },
  {
    "x": 209.1,
    "y": 661.4
  },
  {
    "x": 209.4,
    "y": 661.4
  },
  {
    "x": 209.5,
    "y": 661.4
  },
  {
    "x": 211,
    "y": 661.5
  },
  {
    "x": 216.7,
    "y": 661.8
  },
  {
    "x": 218.8,
    "y": 661.8
  },
  {
    "x": 219.4,
    "y": 661.8
  },
  {
    "x": 219.7,
    "y": 661.7
  },
  {
    "x": 221.8,
    "y": 661.8
  },
  {
    "x": 222.6,
    "y": 661.9
  },
  {
    "x": 225.5,
    "y": 662
  },
  {
    "x": 225.9,
    "y": 662
  },
  {
    "x": 226.6,
    "y": 662
  },
  {
    "x": 228,
    "y": 662
  },
  {
    "x": 229,
    "y": 662
  },
  {
    "x": 229.3,
    "y": 662
  },
  {
    "x": 229.7,
    "y": 662
  },
  {
    "x": 231.8,
    "y": 662
  },
  {
    "x": 234.1,
    "y": 662.2
  },
  {
    "x": 234.7,
    "y": 662.2
  },
  {
    "x": 235.3,
    "y": 662.2
  },
  {
    "x": 236,
    "y": 662.6
  },
  {
    "x": 272.2,
    "y": 663
  },
  {
    "x": 274.4,
    "y": 663
  }
]