[
  {
    "x": 0,
    "y": 577.4
  },
  {
    "x": 0.1,
    "y": 577.4
  },
  {
    "x": 4.4,
    "y": 577.9
  },
  {
    "x": 4.9,
    "y": 577.9
  },
  {
    "x": 5.2,
    "y": 577.9
  },
  {
    "x": 5.8,
    "y": 578
  },
  {
    "x": 5.9,
    "y": 578
  },
  {
    "x": 7.3,
    "y": 578.3
  },
  {
    "x": 8.1,
    "y": 578.3
  },
  {
    "x": 8.3,
    "y": 578.4
  },
  {
    "x": 8.4,
    "y": 578.4
  },
  {
    "x": 8.7,
    "y": 578.4
  },
  {
    "x": 12.1,
    "y": 578.4
  },
  {
    "x": 13.3,
    "y": 578.5
  },
  {
    "x": 13.5,
    "y": 578.5
  },
  {
    "x": 13.6,
    "y": 578.5
  },
  {
    "x": 15.8,
    "y": 578.6
  },
  {
    "x": 16.1,
    "y": 578.6
  },
  {
    "x": 16.1,
    "y": 578.6
  },
  {
    "x": 18.3,
    "y": 578.9
  },
  {
    "x": 18.6,
    "y": 578.9
  },
  {
    "x": 20.8,
    "y": 579.2
  },
  {
    "x": 21.2,
    "y": 579.3
  },
  {
    "x": 23.3,
    "y": 579.5
  },
  {
    "x": 23.7,
    "y": 579.6
  },
  {
    "x": 25.8,
    "y": 579.9
  },
  {
    "x": 26.2,
    "y": 580
  },
  {
    "x": 28.2,
    "y": 580.3
  },
  {
    "x": 28.7,
    "y": 580.3
  },
  {
    "x": 30.7,
    "y": 580.6
  },
  {
    "x": 31.1,
    "y": 580.7
  },
  {
    "x": 31.3,
    "y": 580.7
  },
  {
    "x": 33,
    "y": 581
  },
  {
    "x": 33.6,
    "y": 581
  },
  {
    "x": 33.9,
    "y": 581
  },
  {
    "x": 34,
    "y": 581
  },
  {
    "x": 34,
    "y": 581
  },
  {
    "x": 35,
    "y": 581.1
  },
  {
    "x": 36.2,
    "y": 581.2
  },
  {
    "x": 36.2,
    "y": 581.2
  },
  {
    "x": 36.2,
    "y": 581.2
  },
  {
    "x": 38.7,
    "y": 581.8
  },
  {
    "x": 38.7,
    "y": 581.8
  },
  {
    "x": 38.7,
    "y": 581.8
  },
  {
    "x": 39.1,
    "y": 581.8
  },
  {
    "x": 41.1,
    "y": 582.1
  },
  {
    "x": 41.1,
    "y": 582.1
  },
  {
    "x": 41.2,
    "y": 582.1
  },
  {
    "x": 43.7,
    "y": 582.5
  },
  {
    "x": 43.7,
    "y": 582.5
  },
  {
    "x": 43.7,
    "y": 582.5
  },
  {
    "x": 45.9,
    "y": 582.8
  },
  {
    "x": 46.3,
    "y": 582.8
  },
  {
    "x": 46.7,
    "y": 582.8
  },
  {
    "x": 48.8,
    "y": 583
  },
  {
    "x": 48.8,
    "y": 583
  },
  {
    "x": 49.2,
    "y": 583
  },
  {
    "x": 51.3,
    "y": 583.1
  },
  {
    "x": 51.4,
    "y": 583.1
  },
  {
    "x": 51.4,
    "y": 583.1
  },
  {
    "x": 52.7,
    "y": 583.2
  },
  {
    "x": 54,
    "y": 583.3
  },
  {
    "x": 54,
    "y": 583.3
  },
  {
    "x": 55,
    "y": 583.4
  },
  {
    "x": 56.5,
    "y": 583.5
  },
  {
    "x": 56.6,
    "y": 583.5
  },
  {
    "x": 59.1,
    "y": 583.7
  },
  {
    "x": 59.2,
    "y": 583.7
  },
  {
    "x": 61.7,
    "y": 584
  },
  {
    "x": 61.7,
    "y": 584
  },
  {
    "x": 64.4,
    "y": 584.2
  },
  {
    "x": 64.7,
    "y": 584.2
  },
  {
    "x": 66.9,
    "y": 584.5
  },
  {
    "x": 67,
    "y": 584.5
  },
  {
    "x": 69.4,
    "y": 584.7
  },
  {
    "x": 69.5,
    "y": 584.7
  },
  {
    "x": 69.5,
    "y": 584.7
  },
  {
    "x": 70,
    "y": 584.8
  },
  {
    "x": 72,
    "y": 585
  },
  {
    "x": 72.1,
    "y": 585
  },
  {
    "x": 74.5,
    "y": 585.3
  },
  {
    "x": 74.6,
    "y": 585.3
  },
  {
    "x": 74.9,
    "y": 585.3
  },
  {
    "x": 77,
    "y": 585.7
  },
  {
    "x": 77.2,
    "y": 585.7
  },
  {
    "x": 79.6,
    "y": 586.1
  },
  {
    "x": 79.7,
    "y": 586.1
  },
  {
    "x": 81.8,
    "y": 587.1
  },
  {
    "x": 83.9,
    "y": 588.1
  },
  {
    "x": 84.2,
    "y": 588.1
  },
  {
    "x": 86.5,
    "y": 588.8
  },
  {
    "x": 86.7,
    "y": 588.9
  },
  {
    "x": 90.8,
    "y": 590.8
  },
  {
    "x": 91,
    "y": 591.2
  },
  {
    "x": 93.1,
    "y": 591.8
  },
  {
    "x": 93.4,
    "y": 592.3
  },
  {
    "x": 93.8,
    "y": 592.7
  },
  {
    "x": 94.4,
    "y": 592.4
  },
  {
    "x": 97.7,
    "y": 594
  },
  {
    "x": 99,
    "y": 595.1
  },
  {
    "x": 101.6,
    "y": 596
  },
  {
    "x": 102.2,
    "y": 596.6
  },
  {
    "x": 103.3,
    "y": 596.8
  },
  {
    "x": 105.4,
    "y": 598.5
  },
  {
    "x": 106.2,
    "y": 598.7
  },
  {
    "x": 108.2,
    "y": 599.8
  },
  {
    "x": 108.9,
    "y": 599.7
  },
  {
    "x": 109.6,
    "y": 600
  },
  {
    "x": 111.1,
    "y": 600.8
  },
  {
    "x": 111.9,
    "y": 601.1
  },
  {
    "x": 112.7,
    "y": 601.7
  },
  {
    "x": 115.7,
    "y": 602.3
  },
  {
    "x": 116.3,
    "y": 603.1
  },
  {
    "x": 118.6,
    "y": 603
  },
  {
    "x": 119.7,
    "y": 604
  },
  {
    "x": 123,
    "y": 605.6
  },
  {
    "x": 123.5,
    "y": 605.5
  },
  {
    "x": 125.9,
    "y": 606.5
  },
  {
    "x": 126.6,
    "y": 606.6
  },
  {
    "x": 127.4,
    "y": 606.8
  },
  {
    "x": 131,
    "y": 606.8
  },
  {
    "x": 131.2,
    "y": 606.7
  },
  {
    "x": 131.4,
    "y": 606.7
  },
  {
    "x": 133.6,
    "y": 606.8
  },
  {
    "x": 133.7,
    "y": 606.9
  },
  {
    "x": 135.3,
    "y": 607.5
  },
  {
    "x": 136.4,
    "y": 607.9
  },
  {
    "x": 137.7,
    "y": 608.2
  },
  {
    "x": 138.8,
    "y": 608.7
  },
  {
    "x": 140.1,
    "y": 608.9
  },
  {
    "x": 140.8,
    "y": 609.2
  },
  {
    "x": 141.5,
    "y": 609.3
  },
  {
    "x": 142.4,
    "y": 609.6
  },
  {
    "x": 143.7,
    "y": 609.9
  },
  {
    "x": 144.9,
    "y": 610.5
  },
  {
    "x": 146.1,
    "y": 610.9
  },
  {
    "x": 147.3,
    "y": 611.2
  },
  {
    "x": 148,
    "y": 611.4
  },
  {
    "x": 148.2,
    "y": 611.5
  },
  {
    "x": 148.8,
    "y": 611.6
  },
  {
    "x": 149.6,
    "y": 611.8
  },
  {
    "x": 149.9,
    "y": 612.1
  },
  {
    "x": 151.2,
    "y": 612.4
  },
  {
    "x": 152,
    "y": 612.5
  },
  {
    "x": 153.4,
    "y": 613.1
  },
  {
    "x": 154.5,
    "y": 613.3
  },
  {
    "x": 155.8,
    "y": 613.6
  },
  {
    "x": 156.9,
    "y": 613.9
  },
  {
    "x": 158.3,
    "y": 614.5
  },
  {
    "x": 159.3,
    "y": 614.6
  },
  {
    "x": 160.8,
    "y": 615.1
  },
  {
    "x": 162.4,
    "y": 615.4
  },
  {
    "x": 163,
    "y": 615.7
  },
  {
    "x": 164.2,
    "y": 616
  },
  {
    "x": 165.7,
    "y": 616.4
  },
  {
    "x": 166.6,
    "y": 616.5
  },
  {
    "x": 168.2,
    "y": 617.1
  },
  {
    "x": 169.1,
    "y": 617.2
  },
  {
    "x": 170.6,
    "y": 618
  },
  {
    "x": 171.7,
    "y": 618.4
  },
  {
    "x": 172.8,
    "y": 618.4
  },
  {
    "x": 173.9,
    "y": 618.6
  },
  {
    "x": 175.8,
    "y": 618.5
  },
  {
    "x": 176.5,
    "y": 618.5
  },
  {
    "x": 177.9,
    "y": 618.5
  },
  {
    "x": 183.1,
    "y": 618.6
  },
  {
    "x": 185.1,
    "y": 618.5
  },
  {
    "x": 185.8,
    "y": 618.5
  },
  {
    "x": 187.9,
    "y": 618
  },
  {
    "x": 188.3,
    "y": 618
  },
  {
    "x": 190.3,
    "y": 617.8
  },
  {
    "x": 190.6,
    "y": 617.7
  },
  {
    "x": 191.3,
    "y": 617.7
  },
  {
    "x": 193.3,
    "y": 617.4
  },
  {
    "x": 194.9,
    "y": 617.5
  },
  {
    "x": 195.3,
    "y": 617.5
  },
  {
    "x": 197.3,
    "y": 617.5
  },
  {
    "x": 197.7,
    "y": 617.5
  },
  {
    "x": 198.2,
    "y": 617.5
  },
  {
    "x": 203.8,
    "y": 617.6
  },
  {
    "x": 205.4,
    "y": 617.6
  },
  {
    "x": 208,
    "y": 617.4
  },
  {
    "x": 208.4,
    "y": 617.4
  },
  {
    "x": 211.4,
    "y": 617.5
  },
  {
    "x": 211.5,
    "y": 617.5
  },
  {
    "x": 214.5,
    "y": 617.5
  },
  {
    "x": 214.6,
    "y": 617.5
  },
  {
    "x": 216,
    "y": 617.5
  },
  {
    "x": 217.7,
    "y": 617.5
  },
  {
    "x": 217.7,
    "y": 617.5
  },
  {
    "x": 220.7,
    "y": 617.5
  },
  {
    "x": 220.8,
    "y": 617.5
  },
  {
    "x": 223.8,
    "y": 617.6
  },
  {
    "x": 224.1,
    "y": 617.6
  },
  {
    "x": 227.3,
    "y": 618.2
  },
  {
    "x": 228.1,
    "y": 618.2
  },
  {
    "x": 228.2,
    "y": 618.2
  },
  {
    "x": 228.2,
    "y": 618.2
  }
]