[
  {
    "x": 0,
    "y": 576.9
  },
  {
    "x": 0,
    "y": 577
  },
  {
    "x": 0.5,
    "y": 576.9
  },
  {
    "x": 2,
    "y": 577
  },
  {
    "x": 2.6,
    "y": 577
  },
  {
    "x": 6,
    "y": 577.2
  },
  {
    "x": 7.8,
    "y": 577
  },
  {
    "x": 8,
    "y": 577
  },
  {
    "x": 10.5,
    "y": 577.3
  },
  {
    "x": 10.9,
    "y": 577.4
  },
  {
    "x": 12.9,
    "y": 577.7
  },
  {
    "x": 13,
    "y": 577.7
  },
  {
    "x": 15.7,
    "y": 578.1
  },
  {
    "x": 15.7,
    "y": 578.1
  },
  {
    "x": 15.8,
    "y": 578.1
  },
  {
    "x": 18.3,
    "y": 578.5
  },
  {
    "x": 18.4,
    "y": 578.5
  },
  {
    "x": 20.9,
    "y": 578.9
  },
  {
    "x": 21.2,
    "y": 578.9
  },
  {
    "x": 23.4,
    "y": 579.4
  },
  {
    "x": 23.9,
    "y": 579.5
  },
  {
    "x": 26.1,
    "y": 579.7
  },
  {
    "x": 26.7,
    "y": 579.8
  },
  {
    "x": 26.9,
    "y": 579.8
  },
  {
    "x": 27.3,
    "y": 579.8
  },
  {
    "x": 29.2,
    "y": 580
  },
  {
    "x": 29.6,
    "y": 580
  },
  {
    "x": 31.5,
    "y": 580.1
  },
  {
    "x": 32.4,
    "y": 580.2
  },
  {
    "x": 34.3,
    "y": 580.3
  },
  {
    "x": 35.2,
    "y": 580.5
  },
  {
    "x": 36.9,
    "y": 580.6
  },
  {
    "x": 38.1,
    "y": 580.8
  },
  {
    "x": 38.9,
    "y": 580.9
  },
  {
    "x": 40.3,
    "y": 580.9
  },
  {
    "x": 42.2,
    "y": 581
  },
  {
    "x": 42.9,
    "y": 581.1
  },
  {
    "x": 43.4,
    "y": 581.2
  },
  {
    "x": 43.8,
    "y": 581.2
  },
  {
    "x": 44.4,
    "y": 581.2
  },
  {
    "x": 46.8,
    "y": 581.6
  },
  {
    "x": 47,
    "y": 581.7
  },
  {
    "x": 47.7,
    "y": 581.7
  },
  {
    "x": 49.4,
    "y": 582.1
  },
  {
    "x": 49.7,
    "y": 582.1
  },
  {
    "x": 50.8,
    "y": 582.5
  },
  {
    "x": 53,
    "y": 582.5
  },
  {
    "x": 54.4,
    "y": 582.7
  },
  {
    "x": 56.1,
    "y": 583.3
  },
  {
    "x": 58.7,
    "y": 584.5
  },
  {
    "x": 61.4,
    "y": 584.2
  },
  {
    "x": 63.1,
    "y": 585.2
  },
  {
    "x": 69,
    "y": 588.7
  },
  {
    "x": 71.6,
    "y": 590.3
  },
  {
    "x": 72.2,
    "y": 590.4
  },
  {
    "x": 74.3,
    "y": 591.1
  },
  {
    "x": 77.4,
    "y": 593.4
  },
  {
    "x": 78.6,
    "y": 593.4
  },
  {
    "x": 83.6,
    "y": 595.8
  },
  {
    "x": 84.2,
    "y": 596.5
  },
  {
    "x": 85,
    "y": 596.6
  },
  {
    "x": 88.7,
    "y": 598.4
  },
  {
    "x": 90.1,
    "y": 600.1
  },
  {
    "x": 93.6,
    "y": 601.4
  },
  {
    "x": 94,
    "y": 601.7
  },
  {
    "x": 94.4,
    "y": 602
  },
  {
    "x": 94.8,
    "y": 602
  },
  {
    "x": 99.7,
    "y": 605.9
  },
  {
    "x": 101.3,
    "y": 606.5
  },
  {
    "x": 102.4,
    "y": 606.9
  },
  {
    "x": 105.3,
    "y": 609.9
  },
  {
    "x": 106.1,
    "y": 609.9
  },
  {
    "x": 108.5,
    "y": 613.6
  },
  {
    "x": 109.3,
    "y": 614.6
  },
  {
    "x": 110.9,
    "y": 613.8
  },
  {
    "x": 113.5,
    "y": 615.5
  },
  {
    "x": 117.4,
    "y": 620.4
  },
  {
    "x": 118.5,
    "y": 621.7
  },
  {
    "x": 120.8,
    "y": 623.5
  },
  {
    "x": 122.8,
    "y": 625.5
  },
  {
    "x": 123.3,
    "y": 626.6
  },
  {
    "x": 123.6,
    "y": 626.6
  },
  {
    "x": 124.9,
    "y": 628.8
  },
  {
    "x": 128.6,
    "y": 631.1
  },
  {
    "x": 129.7,
    "y": 632.1
  },
  {
    "x": 130,
    "y": 632.1
  },
  {
    "x": 130.6,
    "y": 633.1
  },
  {
    "x": 132.5,
    "y": 633.9
  },
  {
    "x": 134,
    "y": 635.5
  },
  {
    "x": 134,
    "y": 635.6
  },
  {
    "x": 134.1,
    "y": 635.6
  },
  {
    "x": 138.4,
    "y": 638.8
  },
  {
    "x": 140.1,
    "y": 640.4
  },
  {
    "x": 142.8,
    "y": 643.4
  },
  {
    "x": 143,
    "y": 643.4
  },
  {
    "x": 143.4,
    "y": 643.5
  },
  {
    "x": 144.6,
    "y": 644.5
  },
  {
    "x": 145.5,
    "y": 645.5
  },
  {
    "x": 147.6,
    "y": 647.9
  },
  {
    "x": 149.5,
    "y": 648.3
  },
  {
    "x": 150.1,
    "y": 648.7
  },
  {
    "x": 151.3,
    "y": 649.1
  },
  {
    "x": 153.4,
    "y": 651.5
  },
  {
    "x": 153.8,
    "y": 651.9
  },
  {
    "x": 157,
    "y": 653.8
  },
  {
    "x": 158.4,
    "y": 655.2
  },
  {
    "x": 159.4,
    "y": 656.2
  },
  {
    "x": 160.9,
    "y": 656.6
  },
  {
    "x": 163.1,
    "y": 658.3
  },
  {
    "x": 163.5,
    "y": 658.4
  },
  {
    "x": 164.3,
    "y": 659.2
  },
  {
    "x": 165.2,
    "y": 660.3
  },
  {
    "x": 166.5,
    "y": 660.4
  },
  {
    "x": 167,
    "y": 661
  },
  {
    "x": 168.3,
    "y": 661.6
  },
  {
    "x": 168.9,
    "y": 662.2
  },
  {
    "x": 169.4,
    "y": 662.7
  },
  {
    "x": 173.4,
    "y": 665.1
  },
  {
    "x": 174.1,
    "y": 665.1
  },
  {
    "x": 174.3,
    "y": 665.4
  },
  {
    "x": 175.7,
    "y": 666.3
  },
  {
    "x": 176.7,
    "y": 666.6
  },
  {
    "x": 176.8,
    "y": 666.7
  },
  {
    "x": 178.9,
    "y": 668.6
  },
  {
    "x": 179,
    "y": 668.7
  },
  {
    "x": 179,
    "y": 668.7
  },
  {
    "x": 179,
    "y": 668.8
  },
  {
    "x": 180.8,
    "y": 669.9
  },
  {
    "x": 181.8,
    "y": 670.8
  },
  {
    "x": 185.1,
    "y": 672.8
  },
  {
    "x": 189.1,
    "y": 675.7
  },
  {
    "x": 191.2,
    "y": 679.8
  },
  {
    "x": 192.6,
    "y": 681.5
  },
  {
    "x": 193.3,
    "y": 682.9
  },
  {
    "x": 196.5,
    "y": 685.5
  },
  {
    "x": 197.4,
    "y": 687
  },
  {
    "x": 199,
    "y": 687.6
  },
  {
    "x": 199.6,
    "y": 688.3
  },
  {
    "x": 200.7,
    "y": 689.3
  },
  {
    "x": 201.6,
    "y": 689.4
  },
  {
    "x": 203.1,
    "y": 690
  },
  {
    "x": 203.8,
    "y": 690.6
  },
  {
    "x": 204.5,
    "y": 691.4
  },
  {
    "x": 206,
    "y": 692
  },
  {
    "x": 206.7,
    "y": 693
  },
  {
    "x": 207.7,
    "y": 693.2
  },
  {
    "x": 209.6,
    "y": 694.8
  },
  {
    "x": 209.7,
    "y": 694.8
  },
  {
    "x": 211.7,
    "y": 696.6
  },
  {
    "x": 211.7,
    "y": 696.6
  },
  {
    "x": 211.7,
    "y": 696.7
  },
  {
    "x": 213.6,
    "y": 697.2
  },
  {
    "x": 213.6,
    "y": 697.6
  },
  {
    "x": 215.8,
    "y": 698.7
  },
  {
    "x": 216.9,
    "y": 699.5
  },
  {
    "x": 217.3,
    "y": 698.8
  },
  {
    "x": 220.4,
    "y": 700
  },
  {
    "x": 220.9,
    "y": 700.2
  },
  {
    "x": 221,
    "y": 700.5
  },
  {
    "x": 222.6,
    "y": 701.8
  },
  {
    "x": 222.6,
    "y": 701.9
  },
  {
    "x": 222.7,
    "y": 701.9
  },
  {
    "x": 224.8,
    "y": 700.1
  },
  {
    "x": 226.8,
    "y": 702.6
  },
  {
    "x": 227.6,
    "y": 702.2
  },
  {
    "x": 228.7,
    "y": 703.1
  },
  {
    "x": 229.7,
    "y": 703.2
  },
  {
    "x": 229.9,
    "y": 703.2
  },
  {
    "x": 233.2,
    "y": 699.2
  },
  {
    "x": 235.9,
    "y": 700.1
  },
  {
    "x": 239,
    "y": 704.5
  },
  {
    "x": 242.8,
    "y": 706.8
  },
  {
    "x": 243.2,
    "y": 706.7
  },
  {
    "x": 244.5,
    "y": 706.7
  },
  {
    "x": 245.4,
    "y": 706.9
  },
  {
    "x": 245.7,
    "y": 706.9
  },
  {
    "x": 248.3,
    "y": 707
  },
  {
    "x": 251.5,
    "y": 707.3
  },
  {
    "x": 251.5,
    "y": 707.3
  },
  {
    "x": 251.6,
    "y": 707.3
  },
  {
    "x": 251.7,
    "y": 707.3
  },
  {
    "x": 258.3,
    "y": 707.3
  },
  {
    "x": 259.4,
    "y": 707.3
  },
  {
    "x": 260.3,
    "y": 707.5
  },
  {
    "x": 268.8,
    "y": 708
  },
  {
    "x": 272.5,
    "y": 708.5
  },
  {
    "x": 273.6,
    "y": 708.5
  },
  {
    "x": 273.8,
    "y": 708.5
  },
  {
    "x": 274.1,
    "y": 708.6
  },
  {
    "x": 285.2,
    "y": 709.1
  },
  {
    "x": 286.6,
    "y": 709.2
  },
  {
    "x": 287.5,
    "y": 709.3
  },
  {
    "x": 289.2,
    "y": 709.2
  },
  {
    "x": 290,
    "y": 709.4
  },
  {
    "x": 291.4,
    "y": 709.3
  },
  {
    "x": 293.1,
    "y": 709.4
  },
  {
    "x": 296.1,
    "y": 709.6
  },
  {
    "x": 299.7,
    "y": 709.4
  },
  {
    "x": 304.1,
    "y": 709.4
  },
  {
    "x": 305.8,
    "y": 709.6
  },
  {
    "x": 310.2,
    "y": 709.8
  },
  {
    "x": 311.5,
    "y": 709.8
  },
  {
    "x": 312.1,
    "y": 709.9
  },
  {
    "x": 317.6,
    "y": 710.2
  },
  {
    "x": 318.1,
    "y": 710.2
  },
  {
    "x": 320,
    "y": 710
  }
]