[
  {
    "x": 0,
    "y": 577.5
  },
  {
    "x": 0.1,
    "y": 577.3
  },
  {
    "x": 2.4,
    "y": 577.8
  },
  {
    "x": 2.6,
    "y": 577.8
  },
  {
    "x": 2.9,
    "y": 577.9
  },
  {
    "x": 5.1,
    "y": 578.1
  },
  {
    "x": 5.8,
    "y": 578.1
  },
  {
    "x": 7.5,
    "y": 578.3
  },
  {
    "x": 8.6,
    "y": 578.6
  },
  {
    "x": 8.8,
    "y": 578.5
  },
  {
    "x": 10.2,
    "y": 578.8
  },
  {
    "x": 11.4,
    "y": 579
  },
  {
    "x": 12.6,
    "y": 579.4
  },
  {
    "x": 14.2,
    "y": 579.5
  },
  {
    "x": 15.1,
    "y": 579.5
  },
  {
    "x": 17.1,
    "y": 579.6
  },
  {
    "x": 17.7,
    "y": 579.7
  },
  {
    "x": 19,
    "y": 579.8
  },
  {
    "x": 19.1,
    "y": 579.8
  },
  {
    "x": 19.9,
    "y": 579.8
  },
  {
    "x": 20.1,
    "y": 579.9
  },
  {
    "x": 20.2,
    "y": 579.9
  },
  {
    "x": 21.9,
    "y": 580
  },
  {
    "x": 22.6,
    "y": 580.2
  },
  {
    "x": 22.6,
    "y": 580.1
  },
  {
    "x": 23.4,
    "y": 580.4
  },
  {
    "x": 25.3,
    "y": 580.6
  },
  {
    "x": 25.9,
    "y": 580.7
  },
  {
    "x": 27.9,
    "y": 581.3
  },
  {
    "x": 29.5,
    "y": 581.9
  },
  {
    "x": 31,
    "y": 582
  },
  {
    "x": 31.1,
    "y": 582
  },
  {
    "x": 31.1,
    "y": 582
  },
  {
    "x": 34,
    "y": 582.5
  },
  {
    "x": 34.5,
    "y": 582.6
  },
  {
    "x": 35.8,
    "y": 582.8
  },
  {
    "x": 36.6,
    "y": 582.9
  },
  {
    "x": 37.7,
    "y": 583.1
  },
  {
    "x": 39.8,
    "y": 584
  },
  {
    "x": 44.4,
    "y": 586.2
  },
  {
    "x": 44.9,
    "y": 586.6
  },
  {
    "x": 45.7,
    "y": 586.8
  },
  {
    "x": 46.4,
    "y": 586.8
  },
  {
    "x": 47.6,
    "y": 587.2
  },
  {
    "x": 47.9,
    "y": 587.3
  },
  {
    "x": 48.6,
    "y": 587.5
  },
  {
    "x": 49.1,
    "y": 587.8
  },
  {
    "x": 50.3,
    "y": 588.3
  },
  {
    "x": 53.4,
    "y": 589.4
  },
  {
    "x": 54.8,
    "y": 590.7
  },
  {
    "x": 55.9,
    "y": 591.3
  },
  {
    "x": 56.9,
    "y": 591.7
  },
  {
    "x": 57.3,
    "y": 592.1
  },
  {
    "x": 58.7,
    "y": 592.4
  },
  {
    "x": 59.6,
    "y": 593.4
  },
  {
    "x": 59.8,
    "y": 593.5
  },
  {
    "x": 61.8,
    "y": 594.9
  },
  {
    "x": 62.4,
    "y": 595.3
  },
  {
    "x": 64.1,
    "y": 597
  },
  {
    "x": 65,
    "y": 597.8
  },
  {
    "x": 65.9,
    "y": 598
  },
  {
    "x": 68.8,
    "y": 599.8
  },
  {
    "x": 70.1,
    "y": 600.9
  },
  {
    "x": 70.6,
    "y": 601.1
  },
  {
    "x": 71.1,
    "y": 602
  },
  {
    "x": 72.6,
    "y": 601.7
  },
  {
    "x": 77.9,
    "y": 606.1
  },
  {
    "x": 77.9,
    "y": 606.1
  },
  {
    "x": 77.9,
    "y": 606.1
  },
  {
    "x": 80.3,
    "y": 608.7
  },
  {
    "x": 81.1,
    "y": 608.8
  },
  {
    "x": 82.9,
    "y": 611.1
  },
  {
    "x": 84.1,
    "y": 611.1
  },
  {
    "x": 84.8,
    "y": 613.4
  },
  {
    "x": 85.9,
    "y": 613.3
  },
  {
    "x": 86.7,
    "y": 613.9
  },
  {
    "x": 87.8,
    "y": 614.9
  },
  {
    "x": 89.4,
    "y": 615.8
  },
  {
    "x": 90.2,
    "y": 615.9
  },
  {
    "x": 90.2,
    "y": 616
  },
  {
    "x": 91.1,
    "y": 616.8
  },
  {
    "x": 91.7,
    "y": 616.8
  },
  {
    "x": 92.7,
    "y": 618.4
  },
  {
    "x": 93.3,
    "y": 618
  },
  {
    "x": 96.7,
    "y": 624.6
  },
  {
    "x": 98.7,
    "y": 626.2
  },
  {
    "x": 99.7,
    "y": 626.9
  },
  {
    "x": 101.1,
    "y": 628.4
  },
  {
    "x": 102.2,
    "y": 629
  },
  {
    "x": 103.5,
    "y": 630.1
  },
  {
    "x": 105.1,
    "y": 631.4
  },
  {
    "x": 105.2,
    "y": 631.5
  },
  {
    "x": 106.6,
    "y": 631.8
  },
  {
    "x": 110.1,
    "y": 634.3
  },
  {
    "x": 110.1,
    "y": 634.5
  },
  {
    "x": 112.4,
    "y": 635.2
  },
  {
    "x": 113.3,
    "y": 635.8
  },
  {
    "x": 114.6,
    "y": 636.1
  },
  {
    "x": 115.1,
    "y": 636.8
  },
  {
    "x": 118.9,
    "y": 637.7
  },
  {
    "x": 123.7,
    "y": 643.1
  },
  {
    "x": 127.9,
    "y": 643.6
  },
  {
    "x": 135,
    "y": 645.7
  },
  {
    "x": 138.2,
    "y": 647.7
  },
  {
    "x": 140.2,
    "y": 650.3
  },
  {
    "x": 142.8,
    "y": 651.8
  },
  {
    "x": 170.3,
    "y": 654.1
  },
  {
    "x": 194.2,
    "y": 664.7
  },
  {
    "x": 200.8,
    "y": 670.7
  },
  {
    "x": 202,
    "y": 671
  },
  {
    "x": 202.5,
    "y": 671.4
  },
  {
    "x": 204.8,
    "y": 672.9
  },
  {
    "x": 204.8,
    "y": 672.9
  },
  {
    "x": 205.3,
    "y": 673
  },
  {
    "x": 207.2,
    "y": 674.5
  },
  {
    "x": 208.6,
    "y": 675
  },
  {
    "x": 208.9,
    "y": 675.2
  },
  {
    "x": 209.3,
    "y": 675.6
  },
  {
    "x": 222.7,
    "y": 682.6
  },
  {
    "x": 229,
    "y": 682.1
  },
  {
    "x": 230.7,
    "y": 682.7
  },
  {
    "x": 233.2,
    "y": 682.5
  },
  {
    "x": 235.7,
    "y": 682.4
  },
  {
    "x": 238.3,
    "y": 682.3
  },
  {
    "x": 246.2,
    "y": 682.7
  },
  {
    "x": 247.6,
    "y": 683.1
  },
  {
    "x": 249.2,
    "y": 683.4
  },
  {
    "x": 249.3,
    "y": 683.5
  },
  {
    "x": 252,
    "y": 683.5
  },
  {
    "x": 254.8,
    "y": 683.6
  },
  {
    "x": 255.1,
    "y": 683.6
  },
  {
    "x": 257.5,
    "y": 683.7
  },
  {
    "x": 259.5,
    "y": 683.6
  },
  {
    "x": 260.1,
    "y": 683.6
  },
  {
    "x": 260.4,
    "y": 683.6
  },
  {
    "x": 261.7,
    "y": 683.7
  },
  {
    "x": 261.7,
    "y": 683.7
  },
  {
    "x": 262.9,
    "y": 683.7
  },
  {
    "x": 263.4,
    "y": 683.7
  },
  {
    "x": 270.4,
    "y": 682.2
  },
  {
    "x": 273.2,
    "y": 682.7
  },
  {
    "x": 273.3,
    "y": 682.7
  },
  {
    "x": 274.1,
    "y": 683.3
  },
  {
    "x": 276.1,
    "y": 683.1
  },
  {
    "x": 276.1,
    "y": 683.1
  },
  {
    "x": 279.1,
    "y": 683.8
  },
  {
    "x": 279.2,
    "y": 683.8
  },
  {
    "x": 284.2,
    "y": 683.4
  },
  {
    "x": 284.2,
    "y": 683.4
  },
  {
    "x": 287.2,
    "y": 683.9
  },
  {
    "x": 287.3,
    "y": 683.9
  },
  {
    "x": 292.4,
    "y": 683.7
  },
  {
    "x": 292.5,
    "y": 683.7
  },
  {
    "x": 292.5,
    "y": 683.7
  }
]