[
  {
    "x": 0,
    "y": 578.1
  },
  {
    "x": 1.5,
    "y": 578.2
  },
  {
    "x": 2.3,
    "y": 578.3
  },
  {
    "x": 2.6,
    "y": 578.3
  },
  {
    "x": 4.7,
    "y": 578.6
  },
  {
    "x": 5.6,
    "y": 578.6
  },
  {
    "x": 7,
    "y": 578.8
  },
  {
    "x": 8.7,
    "y": 579
  },
  {
    "x": 9.4,
    "y": 579
  },
  {
    "x": 11.4,
    "y": 579.1
  },
  {
    "x": 11.6,
    "y": 579.1
  },
  {
    "x": 11.7,
    "y": 579.1
  },
  {
    "x": 12.4,
    "y": 579.1
  },
  {
    "x": 13.6,
    "y": 579
  },
  {
    "x": 13.8,
    "y": 579
  },
  {
    "x": 14.4,
    "y": 579.2
  },
  {
    "x": 16.1,
    "y": 579.3
  },
  {
    "x": 16.7,
    "y": 579.3
  },
  {
    "x": 18.7,
    "y": 579.7
  },
  {
    "x": 19.9,
    "y": 579.7
  },
  {
    "x": 21.4,
    "y": 579.7
  },
  {
    "x": 22.7,
    "y": 580
  },
  {
    "x": 23.9,
    "y": 580.7
  },
  {
    "x": 28.6,
    "y": 583.7
  },
  {
    "x": 29.9,
    "y": 585.5
  },
  {
    "x": 31,
    "y": 586.7
  },
  {
    "x": 33.4,
    "y": 588.8
  },
  {
    "x": 34.3,
    "y": 589.5
  },
  {
    "x": 40.5,
    "y": 592.9
  },
  {
    "x": 41.4,
    "y": 592.9
  },
  {
    "x": 42.6,
    "y": 593.1
  },
  {
    "x": 44.4,
    "y": 593.3
  },
  {
    "x": 46.1,
    "y": 594.4
  },
  {
    "x": 46.3,
    "y": 594.4
  },
  {
    "x": 51,
    "y": 599
  },
  {
    "x": 54,
    "y": 598.8
  },
  {
    "x": 55.2,
    "y": 601.9
  },
  {
    "x": 58.8,
    "y": 602.1
  },
  {
    "x": 60.4,
    "y": 604
  },
  {
    "x": 64,
    "y": 605.4
  },
  {
    "x": 64.4,
    "y": 605.6
  },
  {
    "x": 64.5,
    "y": 605.7
  },
  {
    "x": 64.7,
    "y": 605.7
  },
  {
    "x": 66.8,
    "y": 606.9
  },
  {
    "x": 69.1,
    "y": 608.1
  },
  {
    "x": 69.3,
    "y": 608.1
  },
  {
    "x": 69.4,
    "y": 608.2
  },
  {
    "x": 71.5,
    "y": 609.6
  },
  {
    "x": 72.4,
    "y": 609.7
  },
  {
    "x": 75.3,
    "y": 611.5
  },
  {
    "x": 75.8,
    "y": 611.9
  },
  {
    "x": 77,
    "y": 612.6
  },
  {
    "x": 77.9,
    "y": 613
  },
  {
    "x": 79.2,
    "y": 613.9
  },
  {
    "x": 80.9,
    "y": 614.3
  },
  {
    "x": 82.2,
    "y": 614.9
  },
  {
    "x": 83.6,
    "y": 615.8
  },
  {
    "x": 87,
    "y": 617.4
  },
  {
    "x": 88.6,
    "y": 618.4
  },
  {
    "x": 89.6,
    "y": 618.7
  },
  {
    "x": 91.2,
    "y": 619.7
  },
  {
    "x": 91.5,
    "y": 619.7
  },
  {
    "x": 92.5,
    "y": 620.3
  },
  {
    "x": 93.6,
    "y": 620.5
  },
  {
    "x": 94.8,
    "y": 621.3
  },
  {
    "x": 96.3,
    "y": 622
  },
  {
    "x": 98.1,
    "y": 622.6
  },
  {
    "x": 100.3,
    "y": 623.5
  },
  {
    "x": 101.4,
    "y": 623.7
  },
  {
    "x": 102.1,
    "y": 624.3
  },
  {
    "x": 102.8,
    "y": 625
  },
  {
    "x": 103.7,
    "y": 624.8
  },
  {
    "x": 105,
    "y": 626
  },
  {
    "x": 105.4,
    "y": 626
  },
  {
    "x": 106.6,
    "y": 626.7
  },
  {
    "x": 107,
    "y": 626.8
  },
  {
    "x": 107.7,
    "y": 626.9
  },
  {
    "x": 112.6,
    "y": 630.6
  },
  {
    "x": 115.5,
    "y": 632
  },
  {
    "x": 116,
    "y": 632.4
  },
  {
    "x": 116.4,
    "y": 632.7
  },
  {
    "x": 118.3,
    "y": 633.1
  },
  {
    "x": 119.4,
    "y": 633.7
  },
  {
    "x": 121.1,
    "y": 634.2
  },
  {
    "x": 121.3,
    "y": 634.3
  },
  {
    "x": 121.8,
    "y": 634.4
  },
  {
    "x": 122.8,
    "y": 635
  },
  {
    "x": 123.7,
    "y": 635.6
  },
  {
    "x": 123.9,
    "y": 635.6
  },
  {
    "x": 124.2,
    "y": 636
  },
  {
    "x": 125,
    "y": 636.4
  },
  {
    "x": 126.1,
    "y": 636.9
  },
  {
    "x": 126.3,
    "y": 637.1
  },
  {
    "x": 128.5,
    "y": 638.1
  },
  {
    "x": 129,
    "y": 638
  },
  {
    "x": 130.3,
    "y": 638.6
  },
  {
    "x": 131.8,
    "y": 639
  },
  {
    "x": 132,
    "y": 639.1
  },
  {
    "x": 132.2,
    "y": 639.3
  },
  {
    "x": 133.6,
    "y": 640.3
  },
  {
    "x": 134.1,
    "y": 640.4
  },
  {
    "x": 135.2,
    "y": 641.5
  },
  {
    "x": 135.9,
    "y": 641.6
  },
  {
    "x": 136.5,
    "y": 641.8
  },
  {
    "x": 137.3,
    "y": 642.9
  },
  {
    "x": 138.1,
    "y": 642.5
  },
  {
    "x": 140.8,
    "y": 644.7
  },
  {
    "x": 141.1,
    "y": 644.7
  },
  {
    "x": 141.3,
    "y": 644.7
  },
  {
    "x": 141.3,
    "y": 644.6
  },
  {
    "x": 141.6,
    "y": 644.7
  },
  {
    "x": 143.7,
    "y": 646.3
  },
  {
    "x": 144.8,
    "y": 646.7
  },
  {
    "x": 147.4,
    "y": 647.8
  },
  {
    "x": 148.2,
    "y": 648.9
  },
  {
    "x": 148.6,
    "y": 649
  },
  {
    "x": 149.4,
    "y": 649.9
  },
  {
    "x": 155.7,
    "y": 652.9
  },
  {
    "x": 157.3,
    "y": 654.8
  },
  {
    "x": 157.5,
    "y": 654.8
  },
  {
    "x": 157.6,
    "y": 654.9
  },
  {
    "x": 160.2,
    "y": 656.6
  },
  {
    "x": 165.6,
    "y": 659.4
  },
  {
    "x": 165.7,
    "y": 659.6
  },
  {
    "x": 165.7,
    "y": 659.5
  },
  {
    "x": 165.7,
    "y": 659.5
  },
  {
    "x": 177.5,
    "y": 667.3
  },
  {
    "x": 182.2,
    "y": 668.8
  },
  {
    "x": 183.9,
    "y": 671.5
  },
  {
    "x": 185.3,
    "y": 671.3
  },
  {
    "x": 185.8,
    "y": 671.5
  },
  {
    "x": 186.4,
    "y": 671.7
  },
  {
    "x": 187.5,
    "y": 672.1
  },
  {
    "x": 188.4,
    "y": 672.2
  },
  {
    "x": 189,
    "y": 672.2
  },
  {
    "x": 191.4,
    "y": 672.5
  },
  {
    "x": 191.7,
    "y": 672.5
  },
  {
    "x": 192.4,
    "y": 672.5
  },
  {
    "x": 193.6,
    "y": 672.8
  },
  {
    "x": 194.4,
    "y": 672.8
  },
  {
    "x": 194.4,
    "y": 672.8
  },
  {
    "x": 194.5,
    "y": 672.8
  },
  {
    "x": 194.6,
    "y": 672.8
  },
  {
    "x": 197.7,
    "y": 672.9
  },
  {
    "x": 199.7,
    "y": 672.8
  },
  {
    "x": 199.9,
    "y": 672.8
  },
  {
    "x": 200.2,
    "y": 672.8
  },
  {
    "x": 201.9,
    "y": 672.7
  },
  {
    "x": 202.4,
    "y": 672.7
  },
  {
    "x": 203.3,
    "y": 672.6
  },
  {
    "x": 204.2,
    "y": 672.6
  },
  {
    "x": 204.5,
    "y": 672.6
  },
  {
    "x": 206.4,
    "y": 672.7
  },
  {
    "x": 206.9,
    "y": 672.7
  },
  {
    "x": 207.1,
    "y": 672.7
  },
  {
    "x": 207.1,
    "y": 672.7
  },
  {
    "x": 207.3,
    "y": 672.7
  },
  {
    "x": 210,
    "y": 672.7
  },
  {
    "x": 210.9,
    "y": 672.8
  },
  {
    "x": 212.8,
    "y": 672.8
  },
  {
    "x": 214.5,
    "y": 672.8
  },
  {
    "x": 215.4,
    "y": 672.8
  },
  {
    "x": 220,
    "y": 672.9
  },
  {
    "x": 221.1,
    "y": 673
  },
  {
    "x": 221.4,
    "y": 673
  },
  {
    "x": 221.8,
    "y": 673
  },
  {
    "x": 223.3,
    "y": 673.2
  },
  {
    "x": 224.2,
    "y": 673.2
  },
  {
    "x": 225.5,
    "y": 673.2
  },
  {
    "x": 227,
    "y": 673.2
  },
  {
    "x": 227.3,
    "y": 673.2
  },
  {
    "x": 228.9,
    "y": 673.2
  },
  {
    "x": 231.5,
    "y": 673.3
  },
  {
    "x": 232.3,
    "y": 673.4
  },
  {
    "x": 233.7,
    "y": 673.4
  },
  {
    "x": 235.8,
    "y": 673.4
  },
  {
    "x": 235.9,
    "y": 673.4
  },
  {
    "x": 235.9,
    "y": 673.4
  },
  {
    "x": 238.1,
    "y": 673.4
  },
  {
    "x": 239,
    "y": 673.3
  },
  {
    "x": 240.1,
    "y": 673.3
  },
  {
    "x": 240.6,
    "y": 673.4
  },
  {
    "x": 242.9,
    "y": 673.4
  },
  {
    "x": 243.1,
    "y": 673.4
  },
  {
    "x": 244.2,
    "y": 673.5
  },
  {
    "x": 246,
    "y": 673.5
  },
  {
    "x": 246.1,
    "y": 673.5
  },
  {
    "x": 246.8,
    "y": 673.5
  },
  {
    "x": 247.1,
    "y": 673.5
  },
  {
    "x": 247.7,
    "y": 673.5
  },
  {
    "x": 249.1,
    "y": 673.5
  },
  {
    "x": 250.5,
    "y": 673.5
  },
  {
    "x": 251.5,
    "y": 673.5
  },
  {
    "x": 251.7,
    "y": 673.5
  },
  {
    "x": 252.2,
    "y": 673.5
  },
  {
    "x": 253.6,
    "y": 673.6
  },
  {
    "x": 253.7,
    "y": 673.6
  },
  {
    "x": 255.5,
    "y": 673.7
  },
  {
    "x": 256,
    "y": 673.6
  },
  {
    "x": 257.3,
    "y": 673.7
  },
  {
    "x": 258.4,
    "y": 673.7
  },
  {
    "x": 259.2,
    "y": 673.7
  },
  {
    "x": 260.8,
    "y": 673.7
  },
  {
    "x": 261,
    "y": 673.7
  },
  {
    "x": 261.9,
    "y": 673.7
  },
  {
    "x": 262.9,
    "y": 673.8
  },
  {
    "x": 263.1,
    "y": 673.8
  },
  {
    "x": 264.7,
    "y": 673.9
  },
  {
    "x": 265.4,
    "y": 673.8
  },
  {
    "x": 266.6,
    "y": 673.9
  },
  {
    "x": 267.8,
    "y": 674
  },
  {
    "x": 268.5,
    "y": 674.1
  },
  {
    "x": 270.2,
    "y": 674.1
  },
  {
    "x": 270.4,
    "y": 674.1
  },
  {
    "x": 271.2,
    "y": 674.1
  },
  {
    "x": 272.3,
    "y": 674.2
  },
  {
    "x": 272.6,
    "y": 674.1
  },
  {
    "x": 274.3,
    "y": 674.2
  },
  {
    "x": 276.2,
    "y": 674.2
  },
  {
    "x": 276.9,
    "y": 674.1
  },
  {
    "x": 277.4,
    "y": 674.2
  },
  {
    "x": 278.6,
    "y": 674.2
  },
  {
    "x": 279.6,
    "y": 674.3
  },
  {
    "x": 281.1,
    "y": 674.3
  },
  {
    "x": 282.4,
    "y": 674.3
  },
  {
    "x": 284.5,
    "y": 674.4
  },
  {
    "x": 285.1,
    "y": 674.4
  },
  {
    "x": 285.4,
    "y": 674.4
  },
  {
    "x": 287.3,
    "y": 674.5
  },
  {
    "x": 287.8,
    "y": 674.5
  },
  {
    "x": 288,
    "y": 674.5
  },
  {
    "x": 289,
    "y": 674.6
  },
  {
    "x": 289.1,
    "y": 674.6
  }
]