[
  {
    "x": 0,
    "y": 577.7
  },
  {
    "x": 0,
    "y": 577.7
  },
  {
    "x": 0,
    "y": 577.7
  },
  {
    "x": 2.8,
    "y": 577.8
  },
  {
    "x": 3.9,
    "y": 577.7
  },
  {
    "x": 4.4,
    "y": 577.3
  },
  {
    "x": 5.3,
    "y": 577.2
  },
  {
    "x": 5.5,
    "y": 577.2
  },
  {
    "x": 6.4,
    "y": 577.9
  },
  {
    "x": 7,
    "y": 578.6
  },
  {
    "x": 7.6,
    "y": 579
  },
  {
    "x": 9,
    "y": 579.1
  },
  {
    "x": 9.2,
    "y": 579.1
  },
  {
    "x": 9.5,
    "y": 579.1
  },
  {
    "x": 9.8,
    "y": 579.5
  },
  {
    "x": 10.1,
    "y": 579.4
  },
  {
    "x": 10.5,
    "y": 579.5
  },
  {
    "x": 11.9,
    "y": 580.6
  },
  {
    "x": 12.2,
    "y": 580.5
  },
  {
    "x": 12.5,
    "y": 580.5
  },
  {
    "x": 13.8,
    "y": 582.8
  },
  {
    "x": 14.2,
    "y": 583.3
  },
  {
    "x": 15.4,
    "y": 582.8
  },
  {
    "x": 16.2,
    "y": 582.7
  },
  {
    "x": 16.6,
    "y": 582.1
  },
  {
    "x": 17,
    "y": 582.4
  },
  {
    "x": 19.5,
    "y": 585.3
  },
  {
    "x": 21.2,
    "y": 586.4
  },
  {
    "x": 21.4,
    "y": 586.6
  },
  {
    "x": 21.6,
    "y": 586.6
  },
  {
    "x": 22.3,
    "y": 586.7
  },
  {
    "x": 23.4,
    "y": 586
  },
  {
    "x": 23.8,
    "y": 586.7
  },
  {
    "x": 25.2,
    "y": 586.9
  },
  {
    "x": 25.4,
    "y": 587.1
  },
  {
    "x": 26.3,
    "y": 585.7
  },
  {
    "x": 26.9,
    "y": 585
  },
  {
    "x": 27.7,
    "y": 585.2
  },
  {
    "x": 28.9,
    "y": 584.8
  },
  {
    "x": 28.9,
    "y": 586.1
  },
  {
    "x": 29.2,
    "y": 585.3
  },
  {
    "x": 30.4,
    "y": 586.9
  },
  {
    "x": 30.9,
    "y": 586.2
  },
  {
    "x": 31.5,
    "y": 586.2
  },
  {
    "x": 33.3,
    "y": 586.1
  },
  {
    "x": 33.4,
    "y": 586.1
  },
  {
    "x": 33.6,
    "y": 586.1
  },
  {
    "x": 33.6,
    "y": 586.1
  },
  {
    "x": 33.6,
    "y": 586.1
  },
  {
    "x": 35.6,
    "y": 586.2
  },
  {
    "x": 35.9,
    "y": 586.5
  },
  {
    "x": 36.3,
    "y": 586.6
  },
  {
    "x": 37.6,
    "y": 586.9
  },
  {
    "x": 38.5,
    "y": 586.4
  },
  {
    "x": 40.5,
    "y": 586
  },
  {
    "x": 40.7,
    "y": 585.7
  },
  {
    "x": 40.9,
    "y": 585.7
  },
  {
    "x": 41.2,
    "y": 585.7
  },
  {
    "x": 43.8,
    "y": 585.8
  },
  {
    "x": 44.8,
    "y": 586.1
  },
  {
    "x": 46.5,
    "y": 586.4
  },
  {
    "x": 47,
    "y": 586.7
  },
  {
    "x": 49.2,
    "y": 586.9
  },
  {
    "x": 49.2,
    "y": 586.9
  },
  {
    "x": 51.7,
    "y": 586.9
  },
  {
    "x": 52.6,
    "y": 587
  },
  {
    "x": 54,
    "y": 587.2
  },
  {
    "x": 54.2,
    "y": 587.1
  },
  {
    "x": 56.1,
    "y": 587.2
  },
  {
    "x": 56.7,
    "y": 587.2
  },
  {
    "x": 58.1,
    "y": 587.2
  },
  {
    "x": 59.1,
    "y": 587.3
  },
  {
    "x": 59.3,
    "y": 587.3
  },
  {
    "x": 61,
    "y": 587.4
  },
  {
    "x": 61.9,
    "y": 587.4
  },
  {
    "x": 63.6,
    "y": 587.1
  },
  {
    "x": 66.6,
    "y": 586.4
  },
  {
    "x": 66.9,
    "y": 586.4
  },
  {
    "x": 67,
    "y": 586.3
  },
  {
    "x": 69.1,
    "y": 585.5
  },
  {
    "x": 70.1,
    "y": 585.4
  },
  {
    "x": 71.4,
    "y": 584.7
  },
  {
    "x": 73.5,
    "y": 584.4
  },
  {
    "x": 73.8,
    "y": 584.4
  },
  {
    "x": 74.6,
    "y": 584.3
  },
  {
    "x": 76.2,
    "y": 584.2
  },
  {
    "x": 76.5,
    "y": 584.1
  },
  {
    "x": 77,
    "y": 584.1
  },
  {
    "x": 78.7,
    "y": 584.5
  },
  {
    "x": 79.6,
    "y": 584.4
  },
  {
    "x": 80.1,
    "y": 584.5
  },
  {
    "x": 80.8,
    "y": 584.6
  },
  {
    "x": 81.2,
    "y": 584.6
  },
  {
    "x": 82.9,
    "y": 585.2
  },
  {
    "x": 82.9,
    "y": 585.2
  },
  {
    "x": 83,
    "y": 585.2
  },
  {
    "x": 83.5,
    "y": 585.5
  },
  {
    "x": 83.6,
    "y": 585.5
  },
  {
    "x": 87.9,
    "y": 587.4
  },
  {
    "x": 89,
    "y": 587.5
  },
  {
    "x": 90.9,
    "y": 588.4
  },
  {
    "x": 91,
    "y": 588.4
  },
  {
    "x": 92.4,
    "y": 589
  },
  {
    "x": 94.4,
    "y": 589.6
  },
  {
    "x": 94.7,
    "y": 589.8
  },
  {
    "x": 94.9,
    "y": 589.9
  },
  {
    "x": 96,
    "y": 590.8
  },
  {
    "x": 96.7,
    "y": 590.8
  },
  {
    "x": 96.8,
    "y": 591
  },
  {
    "x": 97.6,
    "y": 591.2
  },
  {
    "x": 98.3,
    "y": 591.6
  },
  {
    "x": 98.6,
    "y": 591.6
  },
  {
    "x": 101.2,
    "y": 593.1
  },
  {
    "x": 101.7,
    "y": 592.9
  },
  {
    "x": 103.2,
    "y": 593.8
  },
  {
    "x": 104.3,
    "y": 594.1
  },
  {
    "x": 105,
    "y": 594.6
  },
  {
    "x": 105.3,
    "y": 595
  },
  {
    "x": 107.3,
    "y": 595.7
  },
  {
    "x": 107.4,
    "y": 595.9
  },
  {
    "x": 109.5,
    "y": 596.7
  },
  {
    "x": 109.7,
    "y": 596.9
  },
  {
    "x": 109.9,
    "y": 596.9
  },
  {
    "x": 112.5,
    "y": 598.2
  },
  {
    "x": 113.7,
    "y": 598.5
  },
  {
    "x": 115.6,
    "y": 599.4
  },
  {
    "x": 115.8,
    "y": 599.6
  },
  {
    "x": 116,
    "y": 599.6
  },
  {
    "x": 118.2,
    "y": 600.1
  },
  {
    "x": 120.3,
    "y": 602.1
  },
  {
    "x": 120.9,
    "y": 601.8
  },
  {
    "x": 121,
    "y": 602
  },
  {
    "x": 121.4,
    "y": 602.1
  },
  {
    "x": 122.2,
    "y": 602.3
  },
  {
    "x": 124.2,
    "y": 603.4
  },
  {
    "x": 125.3,
    "y": 604
  },
  {
    "x": 125.7,
    "y": 604.3
  },
  {
    "x": 126.1,
    "y": 604.3
  },
  {
    "x": 127.4,
    "y": 605
  },
  {
    "x": 127.9,
    "y": 605.3
  },
  {
    "x": 129.1,
    "y": 605.7
  },
  {
    "x": 130.2,
    "y": 606.3
  },
  {
    "x": 131,
    "y": 606.5
  },
  {
    "x": 132.4,
    "y": 607.3
  },
  {
    "x": 134.4,
    "y": 608.2
  },
  {
    "x": 134.8,
    "y": 608.4
  },
  {
    "x": 135.7,
    "y": 608.6
  },
  {
    "x": 136.5,
    "y": 609.5
  },
  {
    "x": 136.9,
    "y": 609.6
  },
  {
    "x": 136.9,
    "y": 609.6
  },
  {
    "x": 137.1,
    "y": 609.6
  },
  {
    "x": 139,
    "y": 610.7
  },
  {
    "x": 140.1,
    "y": 610.9
  },
  {
    "x": 140.4,
    "y": 611.2
  },
  {
    "x": 140.7,
    "y": 611.2
  },
  {
    "x": 141.3,
    "y": 611.5
  },
  {
    "x": 142.2,
    "y": 611.7
  },
  {
    "x": 143.2,
    "y": 612.2
  },
  {
    "x": 143.5,
    "y": 612.4
  },
  {
    "x": 145.6,
    "y": 613.5
  },
  {
    "x": 145.6,
    "y": 613.6
  },
  {
    "x": 145.7,
    "y": 613.6
  },
  {
    "x": 148,
    "y": 614.6
  },
  {
    "x": 148.2,
    "y": 614.5
  },
  {
    "x": 151.2,
    "y": 616.1
  },
  {
    "x": 152,
    "y": 616.4
  },
  {
    "x": 153.8,
    "y": 617.7
  },
  {
    "x": 155.3,
    "y": 618.2
  },
  {
    "x": 156.2,
    "y": 619.1
  },
  {
    "x": 158,
    "y": 619.6
  },
  {
    "x": 158.5,
    "y": 620.1
  },
  {
    "x": 159.1,
    "y": 620.2
  },
  {
    "x": 161.4,
    "y": 621
  },
  {
    "x": 163.3,
    "y": 622.6
  },
  {
    "x": 164.7,
    "y": 623.2
  },
  {
    "x": 165,
    "y": 623.3
  },
  {
    "x": 165.8,
    "y": 623.4
  },
  {
    "x": 167.5,
    "y": 624.6
  },
  {
    "x": 167.9,
    "y": 624.5
  },
  {
    "x": 169.5,
    "y": 625.4
  },
  {
    "x": 170.4,
    "y": 625.9
  },
  {
    "x": 171.8,
    "y": 626.6
  },
  {
    "x": 172,
    "y": 626.8
  },
  {
    "x": 172.9,
    "y": 627
  },
  {
    "x": 174.2,
    "y": 627.8
  },
  {
    "x": 176,
    "y": 628.7
  },
  {
    "x": 176.2,
    "y": 628.9
  },
  {
    "x": 177.2,
    "y": 629.6
  },
  {
    "x": 178.3,
    "y": 629.9
  },
  {
    "x": 178.8,
    "y": 630
  },
  {
    "x": 181,
    "y": 631.2
  },
  {
    "x": 182.7,
    "y": 632.7
  },
  {
    "x": 183.6,
    "y": 632.9
  },
  {
    "x": 183.8,
    "y": 633
  },
  {
    "x": 184.7,
    "y": 633.3
  },
  {
    "x": 185.8,
    "y": 633.9
  },
  {
    "x": 186,
    "y": 634.1
  },
  {
    "x": 186.1,
    "y": 634.1
  },
  {
    "x": 190.8,
    "y": 636
  },
  {
    "x": 191,
    "y": 636.4
  },
  {
    "x": 191.4,
    "y": 636.4
  },
  {
    "x": 193,
    "y": 637.4
  },
  {
    "x": 193.6,
    "y": 637.7
  },
  {
    "x": 195.5,
    "y": 638.5
  },
  {
    "x": 200.5,
    "y": 639.5
  },
  {
    "x": 200.7,
    "y": 639.5
  },
  {
    "x": 202.2,
    "y": 639.3
  },
  {
    "x": 202.9,
    "y": 639
  },
  {
    "x": 203.2,
    "y": 638.9
  },
  {
    "x": 205.3,
    "y": 638.7
  },
  {
    "x": 206.6,
    "y": 638.6
  },
  {
    "x": 207.7,
    "y": 638.6
  },
  {
    "x": 208.4,
    "y": 638.7
  },
  {
    "x": 210,
    "y": 638.9
  },
  {
    "x": 210.1,
    "y": 639
  },
  {
    "x": 210.3,
    "y": 639.2
  },
  {
    "x": 212.2,
    "y": 640
  },
  {
    "x": 213.6,
    "y": 640.5
  },
  {
    "x": 214,
    "y": 640.8
  },
  {
    "x": 215.9,
    "y": 641.4
  },
  {
    "x": 216.2,
    "y": 641.6
  },
  {
    "x": 216.3,
    "y": 641.6
  },
  {
    "x": 216.7,
    "y": 641.7
  },
  {
    "x": 217.3,
    "y": 642.2
  },
  {
    "x": 217.4,
    "y": 642.2
  },
  {
    "x": 217.6,
    "y": 642.2
  },
  {
    "x": 218.5,
    "y": 642.7
  },
  {
    "x": 218.9,
    "y": 642.7
  },
  {
    "x": 220.7,
    "y": 643.4
  },
  {
    "x": 221.8,
    "y": 644.5
  },
  {
    "x": 222.9,
    "y": 644.7
  },
  {
    "x": 223.7,
    "y": 644.8
  },
  {
    "x": 225.1,
    "y": 645.8
  },
  {
    "x": 226.6,
    "y": 646.7
  },
  {
    "x": 227.1,
    "y": 647.1
  },
  {
    "x": 227.5,
    "y": 647.4
  },
  {
    "x": 229,
    "y": 648.1
  },
  {
    "x": 229.2,
    "y": 648.3
  },
  {
    "x": 230.4,
    "y": 649
  },
  {
    "x": 232.3,
    "y": 650.2
  },
  {
    "x": 232.7,
    "y": 650
  },
  {
    "x": 234.1,
    "y": 650.6
  },
  {
    "x": 235.1,
    "y": 651.3
  },
  {
    "x": 235.4,
    "y": 651.7
  },
  {
    "x": 235.5,
    "y": 651.6
  },
  {
    "x": 237.2,
    "y": 652.3
  },
  {
    "x": 237.8,
    "y": 652.7
  },
  {
    "x": 239.1,
    "y": 653.7
  },
  {
    "x": 240.1,
    "y": 653.7
  },
  {
    "x": 241.2,
    "y": 654.4
  },
  {
    "x": 241.4,
    "y": 654.4
  },
  {
    "x": 242.3,
    "y": 654.8
  },
  {
    "x": 242.6,
    "y": 654.9
  },
  {
    "x": 243.2,
    "y": 654.9
  },
  {
    "x": 245.5,
    "y": 656.2
  },
  {
    "x": 246.6,
    "y": 656.6
  },
  {
    "x": 248.1,
    "y": 657.3
  },
  {
    "x": 249.3,
    "y": 657.8
  },
  {
    "x": 250.6,
    "y": 658.7
  },
  {
    "x": 251.9,
    "y": 659
  },
  {
    "x": 254.8,
    "y": 659.7
  },
  {
    "x": 256.4,
    "y": 660.6
  },
  {
    "x": 256.4,
    "y": 660.7
  },
  {
    "x": 257.6,
    "y": 661.6
  },
  {
    "x": 258.1,
    "y": 661.5
  },
  {
    "x": 258.6,
    "y": 661.8
  },
  {
    "x": 260.3,
    "y": 662.9
  },
  {
    "x": 260.9,
    "y": 663.1
  },
  {
    "x": 261.7,
    "y": 663.9
  },
  {
    "x": 263.2,
    "y": 664.2
  },
  {
    "x": 264.4,
    "y": 665.2
  },
  {
    "x": 266.4,
    "y": 666
  },
  {
    "x": 266.4,
    "y": 666
  },
  {
    "x": 266.5,
    "y": 666.1
  },
  {
    "x": 266.6,
    "y": 666.1
  },
  {
    "x": 268.6,
    "y": 667.2
  },
  {
    "x": 270.3,
    "y": 667.9
  },
  {
    "x": 270.6,
    "y": 668.2
  },
  {
    "x": 271.4,
    "y": 668.8
  },
  {
    "x": 272.6,
    "y": 669.2
  },
  {
    "x": 273,
    "y": 669.5
  },
  {
    "x": 274.1,
    "y": 670.3
  },
  {
    "x": 275,
    "y": 670.2
  },
  {
    "x": 275.8,
    "y": 671.1
  },
  {
    "x": 276.5,
    "y": 671.6
  },
  {
    "x": 277.7,
    "y": 672.3
  },
  {
    "x": 278.9,
    "y": 672.6
  },
  {
    "x": 279.6,
    "y": 672.7
  },
  {
    "x": 280.5,
    "y": 674
  },
  {
    "x": 281.2,
    "y": 674
  },
  {
    "x": 281.6,
    "y": 674.2
  },
  {
    "x": 284.1,
    "y": 675.1
  },
  {
    "x": 284.8,
    "y": 675.4
  },
  {
    "x": 286.3,
    "y": 676.4
  },
  {
    "x": 286.4,
    "y": 676.5
  },
  {
    "x": 288.5,
    "y": 677.3
  },
  {
    "x": 290.4,
    "y": 678.1
  },
  {
    "x": 290.9,
    "y": 678.4
  },
  {
    "x": 292.3,
    "y": 679.1
  },
  {
    "x": 293.1,
    "y": 679.5
  },
  {
    "x": 296,
    "y": 680.7
  },
  {
    "x": 297.2,
    "y": 681.7
  },
  {
    "x": 297.9,
    "y": 682.4
  },
  {
    "x": 298.5,
    "y": 682.8
  },
  {
    "x": 299.7,
    "y": 683.3
  },
  {
    "x": 299.8,
    "y": 683.3
  },
  {
    "x": 300.6,
    "y": 683.5
  },
  {
    "x": 301.8,
    "y": 684.6
  },
  {
    "x": 302,
    "y": 684.6
  },
  {
    "x": 303.7,
    "y": 685.6
  },
  {
    "x": 304.6,
    "y": 685.8
  },
  {
    "x": 305.7,
    "y": 686.4
  },
  {
    "x": 307.5,
    "y": 687.5
  },
  {
    "x": 307.6,
    "y": 687.5
  },
  {
    "x": 307.6,
    "y": 687.5
  },
  {
    "x": 310.1,
    "y": 688.9
  },
  {
    "x": 311.8,
    "y": 689.5
  },
  {
    "x": 312.2,
    "y": 689.8
  },
  {
    "x": 314.2,
    "y": 690.9
  },
  {
    "x": 314.3,
    "y": 690.9
  },
  {
    "x": 314.9,
    "y": 691.1
  },
  {
    "x": 316.3,
    "y": 692.2
  },
  {
    "x": 316.4,
    "y": 692.2
  },
  {
    "x": 317.5,
    "y": 692.9
  },
  {
    "x": 318.2,
    "y": 692.9
  },
  {
    "x": 318.7,
    "y": 693.1
  },
  {
    "x": 320.3,
    "y": 693.8
  },
  {
    "x": 321.1,
    "y": 694.2
  },
  {
    "x": 322.5,
    "y": 694.8
  },
  {
    "x": 323.1,
    "y": 695.3
  },
  {
    "x": 324.8,
    "y": 695.6
  },
  {
    "x": 326.8,
    "y": 696.7
  },
  {
    "x": 327.6,
    "y": 697.1
  },
  {
    "x": 328.8,
    "y": 697.6
  },
  {
    "x": 329.7,
    "y": 698.4
  },
  {
    "x": 331.7,
    "y": 699.4
  },
  {
    "x": 332.3,
    "y": 700
  },
  {
    "x": 332.7,
    "y": 700
  },
  {
    "x": 334.5,
    "y": 700.9
  },
  {
    "x": 335.8,
    "y": 701.3
  },
  {
    "x": 336.5,
    "y": 701.7
  },
  {
    "x": 336.9,
    "y": 701.7
  },
  {
    "x": 337.9,
    "y": 701.9
  },
  {
    "x": 339.3,
    "y": 702.9
  },
  {
    "x": 339.5,
    "y": 703
  },
  {
    "x": 340.8,
    "y": 703.6
  },
  {
    "x": 342.1,
    "y": 703.9
  },
  {
    "x": 343.4,
    "y": 704.8
  },
  {
    "x": 344.2,
    "y": 705.2
  },
  {
    "x": 346.8,
    "y": 706.3
  },
  {
    "x": 347.2,
    "y": 706.4
  },
  {
    "x": 349.2,
    "y": 706.9
  },
  {
    "x": 349.2,
    "y": 706.9
  },
  {
    "x": 349.2,
    "y": 706.9
  },
  {
    "x": 351.4,
    "y": 707.4
  },
  {
    "x": 352.1,
    "y": 707.6
  },
  {
    "x": 353.7,
    "y": 707.9
  },
  {
    "x": 354.8,
    "y": 708
  },
  {
    "x": 355.7,
    "y": 708
  },
  {
    "x": 356.3,
    "y": 708.1
  },
  {
    "x": 357.7,
    "y": 708.2
  },
  {
    "x": 358.1,
    "y": 708.4
  },
  {
    "x": 358.4,
    "y": 708.5
  },
  {
    "x": 360,
    "y": 708.9
  },
  {
    "x": 360.2,
    "y": 708.9
  },
  {
    "x": 362.1,
    "y": 709.4
  },
  {
    "x": 363,
    "y": 709.5
  },
  {
    "x": 364.2,
    "y": 709.5
  },
  {
    "x": 365.6,
    "y": 709.4
  },
  {
    "x": 365.8,
    "y": 709.4
  },
  {
    "x": 366.1,
    "y": 709.4
  },
  {
    "x": 368,
    "y": 709.3
  },
  {
    "x": 369.2,
    "y": 709.2
  },
  {
    "x": 370.7,
    "y": 709.2
  },
  {
    "x": 371.4,
    "y": 709.2
  },
  {
    "x": 372.9,
    "y": 709.1
  },
  {
    "x": 373.7,
    "y": 709.1
  },
  {
    "x": 373.8,
    "y": 709.1
  },
  {
    "x": 375.3,
    "y": 709.2
  },
  {
    "x": 375.4,
    "y": 709.2
  },
  {
    "x": 376.3,
    "y": 709.2
  },
  {
    "x": 376.7,
    "y": 709.2
  },
  {
    "x": 377.6,
    "y": 709.3
  },
  {
    "x": 378.7,
    "y": 709.3
  },
  {
    "x": 379.5,
    "y": 709.4
  },
  {
    "x": 379.8,
    "y": 709.4
  },
  {
    "x": 380.8,
    "y": 709.4
  },
  {
    "x": 382.1,
    "y": 709.6
  },
  {
    "x": 382.8,
    "y": 709.6
  },
  {
    "x": 383.9,
    "y": 709.7
  },
  {
    "x": 385,
    "y": 709.4
  },
  {
    "x": 386.3,
    "y": 709.4
  },
  {
    "x": 388.2,
    "y": 709.3
  },
  {
    "x": 388.7,
    "y": 709.3
  },
  {
    "x": 388.8,
    "y": 709.3
  },
  {
    "x": 389.5,
    "y": 709.3
  },
  {
    "x": 391.3,
    "y": 709.2
  },
  {
    "x": 392.1,
    "y": 709.1
  },
  {
    "x": 393.1,
    "y": 709.1
  },
  {
    "x": 393.3,
    "y": 709.1
  },
  {
    "x": 393.6,
    "y": 709.1
  },
  {
    "x": 395.2,
    "y": 709.1
  },
  {
    "x": 395.6,
    "y": 709.1
  },
  {
    "x": 396.5,
    "y": 709
  },
  {
    "x": 397.5,
    "y": 709
  },
  {
    "x": 397.6,
    "y": 709
  },
  {
    "x": 397.9,
    "y": 709
  },
  {
    "x": 398.6,
    "y": 708.9
  },
  {
    "x": 400.3,
    "y": 708.9
  },
  {
    "x": 400.3,
    "y": 708.9
  },
  {
    "x": 401.6,
    "y": 708.8
  },
  {
    "x": 402.3,
    "y": 708.8
  },
  {
    "x": 403.2,
    "y": 708.8
  },
  {
    "x": 403.3,
    "y": 708.8
  },
  {
    "x": 404.3,
    "y": 708.8
  },
  {
    "x": 405.1,
    "y": 708.7
  },
  {
    "x": 406,
    "y": 708.7
  },
  {
    "x": 407.1,
    "y": 708.7
  },
  {
    "x": 407.7,
    "y": 708.6
  },
  {
    "x": 408.4,
    "y": 708.6
  },
  {
    "x": 410.3,
    "y": 708.6
  },
  {
    "x": 410.3,
    "y": 708.6
  },
  {
    "x": 410.4,
    "y": 708.6
  },
  {
    "x": 412.3,
    "y": 708.5
  },
  {
    "x": 412.6,
    "y": 708.5
  },
  {
    "x": 413.8,
    "y": 708.4
  },
  {
    "x": 414.9,
    "y": 708.4
  },
  {
    "x": 415.4,
    "y": 708.4
  },
  {
    "x": 417.3,
    "y": 708.4
  },
  {
    "x": 417.8,
    "y": 708.2
  },
  {
    "x": 417.8,
    "y": 708.3
  },
  {
    "x": 418,
    "y": 708.3
  },
  {
    "x": 420.3,
    "y": 708.3
  },
  {
    "x": 420.7,
    "y": 708.4
  },
  {
    "x": 421.6,
    "y": 708.1
  },
  {
    "x": 422.4,
    "y": 708.1
  },
  {
    "x": 423.4,
    "y": 708.1
  },
  {
    "x": 424.7,
    "y": 707.9
  },
  {
    "x": 425.1,
    "y": 708
  },
  {
    "x": 425.8,
    "y": 707.9
  },
  {
    "x": 427.7,
    "y": 707.8
  },
  {
    "x": 427.8,
    "y": 707.8
  },
  {
    "x": 427.8,
    "y": 707.8
  },
  {
    "x": 430.3,
    "y": 707.7
  },
  {
    "x": 430.4,
    "y": 707.8
  },
  {
    "x": 430.5,
    "y": 707.8
  },
  {
    "x": 430.5,
    "y": 707.7
  },
  {
    "x": 430.8,
    "y": 707.7
  }
]