[
  {
    "x": 0,
    "y": 577.9
  },
  {
    "x": 1.2,
    "y": 577.9
  },
  {
    "x": 4.1,
    "y": 578.7
  },
  {
    "x": 6.8,
    "y": 579
  },
  {
    "x": 9.4,
    "y": 579.8
  },
  {
    "x": 11.8,
    "y": 580.5
  },
  {
    "x": 14.4,
    "y": 581
  },
  {
    "x": 18.7,
    "y": 581.8
  },
  {
    "x": 23.1,
    "y": 584.2
  },
  {
    "x": 25.4,
    "y": 584.4
  },
  {
    "x": 26.8,
    "y": 585
  },
  {
    "x": 27.5,
    "y": 585
  },
  {
    "x": 33.8,
    "y": 589.7
  },
  {
    "x": 35.9,
    "y": 589
  },
  {
    "x": 36.9,
    "y": 590.4
  },
  {
    "x": 39.2,
    "y": 590.6
  },
  {
    "x": 40,
    "y": 591
  },
  {
    "x": 41.9,
    "y": 591.8
  },
  {
    "x": 42.2,
    "y": 592
  },
  {
    "x": 43.5,
    "y": 592.3
  },
  {
    "x": 44.4,
    "y": 592.8
  },
  {
    "x": 45,
    "y": 593
  },
  {
    "x": 47.1,
    "y": 593.9
  },
  {
    "x": 47.6,
    "y": 594
  },
  {
    "x": 49.5,
    "y": 594.2
  },
  {
    "x": 50,
    "y": 594.2
  },
  {
    "x": 51.2,
    "y": 594.2
  },
  {
    "x": 52.2,
    "y": 594.3
  },
  {
    "x": 52.5,
    "y": 594.4
  },
  {
    "x": 53.1,
    "y": 594.4
  },
  {
    "x": 55,
    "y": 594.4
  },
  {
    "x": 56.7,
    "y": 594.5
  },
  {
    "x": 57.5,
    "y": 594.7
  },
  {
    "x": 59.3,
    "y": 594.8
  },
  {
    "x": 60,
    "y": 594.8
  },
  {
    "x": 60.3,
    "y": 594.9
  },
  {
    "x": 62.5,
    "y": 595.1
  },
  {
    "x": 63.8,
    "y": 595.2
  },
  {
    "x": 65,
    "y": 595.5
  },
  {
    "x": 65.3,
    "y": 595.5
  },
  {
    "x": 67.4,
    "y": 596.2
  },
  {
    "x": 67.6,
    "y": 596.3
  },
  {
    "x": 67.6,
    "y": 596.3
  },
  {
    "x": 68.3,
    "y": 596.4
  },
  {
    "x": 70,
    "y": 597
  },
  {
    "x": 70.2,
    "y": 597.1
  },
  {
    "x": 71.1,
    "y": 597.2
  },
  {
    "x": 72.8,
    "y": 598.3
  },
  {
    "x": 75,
    "y": 598.9
  },
  {
    "x": 75.5,
    "y": 599.2
  },
  {
    "x": 76.4,
    "y": 599.9
  },
  {
    "x": 77.9,
    "y": 600.3
  },
  {
    "x": 78.2,
    "y": 600.5
  },
  {
    "x": 79.2,
    "y": 601.1
  },
  {
    "x": 80.3,
    "y": 601.3
  },
  {
    "x": 82.1,
    "y": 601.9
  },
  {
    "x": 82.7,
    "y": 602.3
  },
  {
    "x": 84.2,
    "y": 603.2
  },
  {
    "x": 85.2,
    "y": 603.3
  },
  {
    "x": 85.5,
    "y": 603.4
  },
  {
    "x": 87.5,
    "y": 604.3
  },
  {
    "x": 88.8,
    "y": 605.1
  },
  {
    "x": 89.8,
    "y": 605.4
  },
  {
    "x": 91.9,
    "y": 606.1
  },
  {
    "x": 92,
    "y": 606.2
  },
  {
    "x": 92.3,
    "y": 606.3
  },
  {
    "x": 92.5,
    "y": 606.3
  },
  {
    "x": 93,
    "y": 606.4
  },
  {
    "x": 94.8,
    "y": 607.5
  },
  {
    "x": 95.7,
    "y": 608.1
  },
  {
    "x": 97.3,
    "y": 608.5
  },
  {
    "x": 99.3,
    "y": 609.6
  },
  {
    "x": 99.9,
    "y": 609.6
  },
  {
    "x": 101.1,
    "y": 610.3
  },
  {
    "x": 102.3,
    "y": 610.4
  },
  {
    "x": 102.8,
    "y": 610.5
  },
  {
    "x": 104.6,
    "y": 611.4
  },
  {
    "x": 106.1,
    "y": 611.8
  },
  {
    "x": 106.9,
    "y": 612.3
  },
  {
    "x": 108.9,
    "y": 613.2
  },
  {
    "x": 109.2,
    "y": 613.2
  },
  {
    "x": 109.3,
    "y": 613.2
  },
  {
    "x": 111.5,
    "y": 613.9
  },
  {
    "x": 112.5,
    "y": 614.1
  },
  {
    "x": 113.8,
    "y": 614.7
  },
  {
    "x": 115.6,
    "y": 615.3
  },
  {
    "x": 116.1,
    "y": 615.4
  },
  {
    "x": 116.6,
    "y": 615.4
  },
  {
    "x": 117.7,
    "y": 615.7
  },
  {
    "x": 118.4,
    "y": 616.1
  },
  {
    "x": 118.7,
    "y": 616.1
  },
  {
    "x": 120.9,
    "y": 616.6
  },
  {
    "x": 122.1,
    "y": 616.7
  },
  {
    "x": 123.3,
    "y": 616.7
  },
  {
    "x": 125.4,
    "y": 616.8
  },
  {
    "x": 125.6,
    "y": 616.8
  },
  {
    "x": 126.1,
    "y": 616.8
  },
  {
    "x": 127.9,
    "y": 616.7
  },
  {
    "x": 128.6,
    "y": 616.8
  },
  {
    "x": 130.3,
    "y": 616.7
  },
  {
    "x": 132.2,
    "y": 616.2
  },
  {
    "x": 132.7,
    "y": 616.3
  },
  {
    "x": 134.2,
    "y": 616
  },
  {
    "x": 134.4,
    "y": 615.8
  },
  {
    "x": 134.8,
    "y": 615.8
  },
  {
    "x": 134.9,
    "y": 615.8
  },
  {
    "x": 137.2,
    "y": 615.8
  },
  {
    "x": 138.1,
    "y": 615.9
  },
  {
    "x": 139.6,
    "y": 616
  },
  {
    "x": 141.3,
    "y": 615.9
  },
  {
    "x": 141.9,
    "y": 615.9
  },
  {
    "x": 143.7,
    "y": 615.9
  },
  {
    "x": 144.3,
    "y": 615.9
  },
  {
    "x": 144.5,
    "y": 615.9
  },
  {
    "x": 146.6,
    "y": 616
  },
  {
    "x": 147.7,
    "y": 616
  },
  {
    "x": 149,
    "y": 616.1
  },
  {
    "x": 150.9,
    "y": 616.1
  },
  {
    "x": 151.3,
    "y": 616.1
  },
  {
    "x": 152.3,
    "y": 616.1
  },
  {
    "x": 153.4,
    "y": 616.1
  },
  {
    "x": 153.8,
    "y": 616.1
  },
  {
    "x": 155.4,
    "y": 616.1
  },
  {
    "x": 156.5,
    "y": 616.2
  },
  {
    "x": 157.4,
    "y": 616.2
  },
  {
    "x": 159.1,
    "y": 616.1
  },
  {
    "x": 159.4,
    "y": 616.1
  },
  {
    "x": 160.5,
    "y": 616.2
  },
  {
    "x": 161.6,
    "y": 616.2
  },
  {
    "x": 161.8,
    "y": 616.3
  },
  {
    "x": 162.8,
    "y": 616.5
  },
  {
    "x": 163.6,
    "y": 616.7
  },
  {
    "x": 165.4,
    "y": 617
  },
  {
    "x": 166,
    "y": 617.2
  },
  {
    "x": 166.4,
    "y": 617
  },
  {
    "x": 168.5,
    "y": 617.1
  },
  {
    "x": 168.8,
    "y": 617.1
  },
  {
    "x": 169.5,
    "y": 617.1
  },
  {
    "x": 171.2,
    "y": 617.3
  },
  {
    "x": 172.9,
    "y": 617.6
  },
  {
    "x": 173.4,
    "y": 617.8
  },
  {
    "x": 175,
    "y": 618.2
  },
  {
    "x": 176.2,
    "y": 618.5
  },
  {
    "x": 177.9,
    "y": 618.7
  },
  {
    "x": 178.8,
    "y": 619.1
  },
  {
    "x": 179.4,
    "y": 619.2
  },
  {
    "x": 181,
    "y": 619.6
  },
  {
    "x": 181.9,
    "y": 619.6
  },
  {
    "x": 183.4,
    "y": 620.4
  },
  {
    "x": 186,
    "y": 620.6
  },
  {
    "x": 188.1,
    "y": 621
  },
  {
    "x": 189.8,
    "y": 621.8
  },
  {
    "x": 191.4,
    "y": 622
  },
  {
    "x": 196.4,
    "y": 622.3
  },
  {
    "x": 201.7,
    "y": 623.5
  },
  {
    "x": 205.1,
    "y": 623.7
  },
  {
    "x": 207.3,
    "y": 624.1
  },
  {
    "x": 213.4,
    "y": 624.3
  },
  {
    "x": 215.1,
    "y": 623.8
  },
  {
    "x": 215.9,
    "y": 623.9
  },
  {
    "x": 217.6,
    "y": 624
  },
  {
    "x": 219.4,
    "y": 624.2
  },
  {
    "x": 221.4,
    "y": 624.2
  },
  {
    "x": 222,
    "y": 624.2
  },
  {
    "x": 225,
    "y": 624.2
  },
  {
    "x": 225,
    "y": 624.2
  },
  {
    "x": 225.1,
    "y": 624.2
  },
  {
    "x": 225.1,
    "y": 624.2
  },
  {
    "x": 227.5,
    "y": 624.3
  },
  {
    "x": 227.8,
    "y": 624.3
  },
  {
    "x": 227.9,
    "y": 624.2
  }
]