[
  {
    "x": 0,
    "y": 577.4
  },
  {
    "x": 3.5,
    "y": 577.4
  },
  {
    "x": 3.5,
    "y": 577.4
  },
  {
    "x": 3.5,
    "y": 577.4
  },
  {
    "x": 5.5,
    "y": 577.6
  },
  {
    "x": 6.3,
    "y": 577.6
  },
  {
    "x": 7.4,
    "y": 577.8
  },
  {
    "x": 9.1,
    "y": 577.9
  },
  {
    "x": 9.4,
    "y": 578
  },
  {
    "x": 10.3,
    "y": 578
  },
  {
    "x": 11.3,
    "y": 578.1
  },
  {
    "x": 11.8,
    "y": 578.1
  },
  {
    "x": 13.3,
    "y": 578.3
  },
  {
    "x": 14.7,
    "y": 578.4
  },
  {
    "x": 15.3,
    "y": 578.5
  },
  {
    "x": 16.5,
    "y": 578.5
  },
  {
    "x": 17.2,
    "y": 578.7
  },
  {
    "x": 17.5,
    "y": 578.7
  },
  {
    "x": 17.7,
    "y": 578.7
  },
  {
    "x": 19.4,
    "y": 579.1
  },
  {
    "x": 20.3,
    "y": 579
  },
  {
    "x": 21,
    "y": 579.1
  },
  {
    "x": 22.5,
    "y": 579.1
  },
  {
    "x": 22.9,
    "y": 579.2
  },
  {
    "x": 23.1,
    "y": 579.2
  },
  {
    "x": 25.1,
    "y": 579.4
  },
  {
    "x": 26.4,
    "y": 579.5
  },
  {
    "x": 27.4,
    "y": 579.7
  },
  {
    "x": 29.3,
    "y": 579.8
  },
  {
    "x": 29.5,
    "y": 579.9
  },
  {
    "x": 29.6,
    "y": 579.9
  },
  {
    "x": 29.7,
    "y": 579.9
  },
  {
    "x": 31.3,
    "y": 580.5
  },
  {
    "x": 32.2,
    "y": 580.9
  },
  {
    "x": 32.6,
    "y": 580.8
  },
  {
    "x": 33.5,
    "y": 581
  },
  {
    "x": 34.8,
    "y": 581.7
  },
  {
    "x": 36.4,
    "y": 583.5
  },
  {
    "x": 39.8,
    "y": 584.2
  },
  {
    "x": 42.3,
    "y": 587.5
  },
  {
    "x": 42.8,
    "y": 587.8
  },
  {
    "x": 44.2,
    "y": 587.8
  },
  {
    "x": 45.2,
    "y": 588.5
  },
  {
    "x": 48.1,
    "y": 590.8
  },
  {
    "x": 50.2,
    "y": 591.5
  },
  {
    "x": 51.5,
    "y": 591.8
  },
  {
    "x": 53,
    "y": 592.2
  },
  {
    "x": 53.4,
    "y": 592.5
  },
  {
    "x": 55.7,
    "y": 593.3
  },
  {
    "x": 57.3,
    "y": 594.7
  },
  {
    "x": 58.4,
    "y": 594.8
  },
  {
    "x": 59.8,
    "y": 595.9
  },
  {
    "x": 60.9,
    "y": 595.8
  },
  {
    "x": 65.2,
    "y": 597.7
  },
  {
    "x": 66.3,
    "y": 598.7
  },
  {
    "x": 66.9,
    "y": 599.1
  },
  {
    "x": 67.7,
    "y": 599.2
  },
  {
    "x": 74.4,
    "y": 603
  },
  {
    "x": 74.7,
    "y": 603.3
  },
  {
    "x": 74.9,
    "y": 603.3
  },
  {
    "x": 75.1,
    "y": 603.3
  },
  {
    "x": 75.9,
    "y": 603.9
  },
  {
    "x": 77.3,
    "y": 604.4
  },
  {
    "x": 77.6,
    "y": 604.6
  },
  {
    "x": 77.8,
    "y": 604.7
  },
  {
    "x": 81.9,
    "y": 606.2
  },
  {
    "x": 84,
    "y": 606.7
  },
  {
    "x": 85.4,
    "y": 607.6
  },
  {
    "x": 88.4,
    "y": 608.1
  },
  {
    "x": 89.5,
    "y": 608.7
  },
  {
    "x": 90.7,
    "y": 608.7
  },
  {
    "x": 91.8,
    "y": 609.4
  },
  {
    "x": 93.8,
    "y": 610.1
  },
  {
    "x": 94,
    "y": 610.1
  },
  {
    "x": 94.2,
    "y": 610.1
  },
  {
    "x": 96.1,
    "y": 610.8
  },
  {
    "x": 97.3,
    "y": 610.8
  },
  {
    "x": 98.2,
    "y": 611.4
  },
  {
    "x": 100,
    "y": 612.2
  },
  {
    "x": 100.4,
    "y": 612.3
  },
  {
    "x": 100.6,
    "y": 612.2
  },
  {
    "x": 101.8,
    "y": 613.3
  },
  {
    "x": 102.9,
    "y": 613.5
  },
  {
    "x": 103,
    "y": 613.6
  },
  {
    "x": 104.7,
    "y": 614.4
  },
  {
    "x": 106.8,
    "y": 615.6
  },
  {
    "x": 106.9,
    "y": 615.6
  },
  {
    "x": 107,
    "y": 615.7
  },
  {
    "x": 108.6,
    "y": 616.4
  },
  {
    "x": 109.2,
    "y": 616.4
  },
  {
    "x": 110.4,
    "y": 616.7
  },
  {
    "x": 111.5,
    "y": 617.3
  },
  {
    "x": 111.6,
    "y": 617.5
  },
  {
    "x": 113.4,
    "y": 618.4
  },
  {
    "x": 113.8,
    "y": 618.8
  },
  {
    "x": 114,
    "y": 618.9
  },
  {
    "x": 114.7,
    "y": 619.2
  },
  {
    "x": 116.1,
    "y": 620.3
  },
  {
    "x": 117.5,
    "y": 621.3
  },
  {
    "x": 118.5,
    "y": 621.4
  },
  {
    "x": 119.7,
    "y": 622
  },
  {
    "x": 120.5,
    "y": 622.3
  },
  {
    "x": 120.8,
    "y": 622.1
  },
  {
    "x": 123.2,
    "y": 623.3
  },
  {
    "x": 124.7,
    "y": 626.5
  },
  {
    "x": 125.7,
    "y": 626.6
  },
  {
    "x": 126.5,
    "y": 626.8
  },
  {
    "x": 128.2,
    "y": 628.2
  },
  {
    "x": 128.8,
    "y": 628
  },
  {
    "x": 130.1,
    "y": 629.3
  },
  {
    "x": 132,
    "y": 629.8
  },
  {
    "x": 132.3,
    "y": 630.1
  },
  {
    "x": 132.6,
    "y": 630.5
  },
  {
    "x": 134.5,
    "y": 632
  },
  {
    "x": 135.1,
    "y": 631.9
  },
  {
    "x": 136,
    "y": 633
  },
  {
    "x": 136.6,
    "y": 633.2
  },
  {
    "x": 136.9,
    "y": 633.5
  },
  {
    "x": 138,
    "y": 634.2
  },
  {
    "x": 138.2,
    "y": 634.2
  },
  {
    "x": 141.3,
    "y": 635.3
  },
  {
    "x": 143.1,
    "y": 637
  },
  {
    "x": 143.2,
    "y": 637.1
  },
  {
    "x": 143.3,
    "y": 637.2
  },
  {
    "x": 144.2,
    "y": 637.4
  },
  {
    "x": 145.2,
    "y": 638.1
  },
  {
    "x": 145.6,
    "y": 638.2
  },
  {
    "x": 147.3,
    "y": 639.3
  },
  {
    "x": 148.3,
    "y": 640.1
  },
  {
    "x": 149.7,
    "y": 640.3
  },
  {
    "x": 150.6,
    "y": 640.4
  },
  {
    "x": 151.9,
    "y": 641
  },
  {
    "x": 154.2,
    "y": 641.7
  },
  {
    "x": 155.6,
    "y": 641.7
  },
  {
    "x": 156,
    "y": 642
  },
  {
    "x": 156.2,
    "y": 642
  },
  {
    "x": 156.5,
    "y": 642
  },
  {
    "x": 158.3,
    "y": 643.2
  },
  {
    "x": 160,
    "y": 643.9
  },
  {
    "x": 160.5,
    "y": 644.5
  },
  {
    "x": 161.2,
    "y": 644.7
  },
  {
    "x": 161.8,
    "y": 645.6
  },
  {
    "x": 162.6,
    "y": 645.9
  },
  {
    "x": 162.8,
    "y": 646.3
  },
  {
    "x": 164,
    "y": 647
  },
  {
    "x": 164.2,
    "y": 647.2
  },
  {
    "x": 164.5,
    "y": 647.6
  },
  {
    "x": 165.7,
    "y": 647.8
  },
  {
    "x": 166.8,
    "y": 648.3
  },
  {
    "x": 168.4,
    "y": 650.2
  },
  {
    "x": 169,
    "y": 650.5
  },
  {
    "x": 170.8,
    "y": 651.2
  },
  {
    "x": 172,
    "y": 651.7
  },
  {
    "x": 173.1,
    "y": 652.8
  },
  {
    "x": 175.3,
    "y": 653.6
  },
  {
    "x": 176.1,
    "y": 654.7
  },
  {
    "x": 177,
    "y": 654.9
  },
  {
    "x": 178.6,
    "y": 657
  },
  {
    "x": 183.2,
    "y": 658.4
  },
  {
    "x": 186.9,
    "y": 661.5
  },
  {
    "x": 187.7,
    "y": 661.6
  },
  {
    "x": 190.1,
    "y": 662.2
  },
  {
    "x": 191.7,
    "y": 662.9
  },
  {
    "x": 194.2,
    "y": 663.3
  },
  {
    "x": 195,
    "y": 663.7
  },
  {
    "x": 196.6,
    "y": 664.1
  },
  {
    "x": 197.1,
    "y": 664.3
  },
  {
    "x": 197.5,
    "y": 664.4
  },
  {
    "x": 198.5,
    "y": 664.6
  },
  {
    "x": 199.4,
    "y": 665.2
  },
  {
    "x": 199.8,
    "y": 665.2
  },
  {
    "x": 202.7,
    "y": 666.5
  },
  {
    "x": 204,
    "y": 667.4
  },
  {
    "x": 205.4,
    "y": 668
  },
  {
    "x": 206.1,
    "y": 668.7
  },
  {
    "x": 206.3,
    "y": 668.7
  },
  {
    "x": 208,
    "y": 669.6
  },
  {
    "x": 208.8,
    "y": 669.9
  },
  {
    "x": 211.6,
    "y": 671.9
  },
  {
    "x": 213.8,
    "y": 675.6
  },
  {
    "x": 215.6,
    "y": 676.5
  },
  {
    "x": 217.2,
    "y": 677
  },
  {
    "x": 220.8,
    "y": 679.6
  },
  {
    "x": 222.2,
    "y": 680
  },
  {
    "x": 224.6,
    "y": 680.5
  },
  {
    "x": 226.8,
    "y": 681.7
  },
  {
    "x": 230.7,
    "y": 683.7
  },
  {
    "x": 230.7,
    "y": 683.6
  },
  {
    "x": 231.2,
    "y": 683.7
  },
  {
    "x": 232.6,
    "y": 684.2
  },
  {
    "x": 233.3,
    "y": 684.4
  },
  {
    "x": 234.6,
    "y": 684.7
  },
  {
    "x": 236,
    "y": 685.2
  },
  {
    "x": 238.6,
    "y": 686
  },
  {
    "x": 239.2,
    "y": 686
  },
  {
    "x": 240.2,
    "y": 686.1
  },
  {
    "x": 241,
    "y": 686.3
  },
  {
    "x": 242.6,
    "y": 687.5
  },
  {
    "x": 248.6,
    "y": 688.7
  },
  {
    "x": 250.3,
    "y": 690.5
  },
  {
    "x": 253,
    "y": 691.1
  },
  {
    "x": 254.2,
    "y": 691.7
  },
  {
    "x": 261.3,
    "y": 695
  },
  {
    "x": 264.3,
    "y": 696.8
  },
  {
    "x": 266.9,
    "y": 697.8
  },
  {
    "x": 271.2,
    "y": 700.6
  },
  {
    "x": 272.1,
    "y": 701.4
  },
  {
    "x": 272.8,
    "y": 701.7
  },
  {
    "x": 273.8,
    "y": 702.2
  },
  {
    "x": 275.6,
    "y": 703.5
  },
  {
    "x": 278,
    "y": 704.7
  },
  {
    "x": 279.7,
    "y": 704.4
  },
  {
    "x": 280.6,
    "y": 705.3
  },
  {
    "x": 282.4,
    "y": 705.5
  },
  {
    "x": 282.7,
    "y": 705.5
  },
  {
    "x": 282.8,
    "y": 705.6
  },
  {
    "x": 284.5,
    "y": 707
  },
  {
    "x": 286.4,
    "y": 707.1
  },
  {
    "x": 287.2,
    "y": 707.7
  },
  {
    "x": 288,
    "y": 709
  },
  {
    "x": 289.7,
    "y": 710.2
  },
  {
    "x": 289.8,
    "y": 710.2
  },
  {
    "x": 291.3,
    "y": 710.8
  },
  {
    "x": 292.3,
    "y": 712
  },
  {
    "x": 292.4,
    "y": 712
  },
  {
    "x": 292.4,
    "y": 712
  },
  {
    "x": 296.4,
    "y": 714.1
  },
  {
    "x": 296.6,
    "y": 714.2
  },
  {
    "x": 298.5,
    "y": 714.5
  },
  {
    "x": 299.3,
    "y": 714.9
  },
  {
    "x": 300.6,
    "y": 714.8
  },
  {
    "x": 302.2,
    "y": 714.8
  },
  {
    "x": 302.9,
    "y": 714.9
  },
  {
    "x": 303.7,
    "y": 714.7
  },
  {
    "x": 304.7,
    "y": 714.7
  },
  {
    "x": 305.1,
    "y": 714.6
  },
  {
    "x": 306.8,
    "y": 714.9
  },
  {
    "x": 307.8,
    "y": 714.7
  },
  {
    "x": 308.8,
    "y": 714.7
  },
  {
    "x": 310.6,
    "y": 714.6
  },
  {
    "x": 310.9,
    "y": 714.7
  },
  {
    "x": 311.8,
    "y": 714.7
  },
  {
    "x": 313,
    "y": 714.7
  },
  {
    "x": 313.5,
    "y": 714.7
  },
  {
    "x": 315.1,
    "y": 714.8
  },
  {
    "x": 316.6,
    "y": 714.9
  },
  {
    "x": 318.7,
    "y": 714.7
  },
  {
    "x": 320.7,
    "y": 715
  },
  {
    "x": 321.1,
    "y": 715
  },
  {
    "x": 321.7,
    "y": 715
  },
  {
    "x": 322.9,
    "y": 715.1
  },
  {
    "x": 324.1,
    "y": 715.1
  },
  {
    "x": 324.6,
    "y": 715.1
  },
  {
    "x": 326.3,
    "y": 715.1
  },
  {
    "x": 326.4,
    "y": 715.1
  },
  {
    "x": 326.4,
    "y": 715.1
  },
  {
    "x": 328.2,
    "y": 715.1
  },
  {
    "x": 328.7,
    "y": 715
  },
  {
    "x": 330,
    "y": 715.1
  },
  {
    "x": 331.1,
    "y": 715
  },
  {
    "x": 331.8,
    "y": 715
  },
  {
    "x": 333.4,
    "y": 714.9
  },
  {
    "x": 333.6,
    "y": 714.9
  },
  {
    "x": 334.4,
    "y": 714.9
  },
  {
    "x": 335.4,
    "y": 714.9
  },
  {
    "x": 337.2,
    "y": 715
  },
  {
    "x": 337.9,
    "y": 715
  },
  {
    "x": 338,
    "y": 715
  },
  {
    "x": 339.9,
    "y": 715
  },
  {
    "x": 342,
    "y": 714.9
  },
  {
    "x": 342,
    "y": 714.9
  },
  {
    "x": 342.1,
    "y": 714.9
  },
  {
    "x": 344.2,
    "y": 714.8
  },
  {
    "x": 345,
    "y": 714.8
  },
  {
    "x": 346.2,
    "y": 714.9
  },
  {
    "x": 347.9,
    "y": 714.9
  },
  {
    "x": 348.3,
    "y": 714.9
  },
  {
    "x": 349.5,
    "y": 714.9
  },
  {
    "x": 350.3,
    "y": 714.9
  },
  {
    "x": 350.6,
    "y": 714.9
  },
  {
    "x": 352.1,
    "y": 714.8
  },
  {
    "x": 352.8,
    "y": 714.8
  },
  {
    "x": 353.9,
    "y": 714.7
  },
  {
    "x": 355.1,
    "y": 714.8
  },
  {
    "x": 355.6,
    "y": 714.7
  },
  {
    "x": 357.5,
    "y": 714.7
  },
  {
    "x": 357.5,
    "y": 714.7
  },
  {
    "x": 357.5,
    "y": 714.7
  },
  {
    "x": 357.5,
    "y": 714.7
  },
  {
    "x": 360.9,
    "y": 714.7
  },
  {
    "x": 362,
    "y": 714.7
  },
  {
    "x": 362.7,
    "y": 714.7
  },
  {
    "x": 364.4,
    "y": 714.7
  },
  {
    "x": 364.4,
    "y": 714.7
  },
  {
    "x": 364.6,
    "y": 714.7
  },
  {
    "x": 366.5,
    "y": 714.8
  },
  {
    "x": 367.2,
    "y": 714.8
  },
  {
    "x": 368.6,
    "y": 714.9
  },
  {
    "x": 370.3,
    "y": 715.1
  },
  {
    "x": 370.7,
    "y": 715.1
  },
  {
    "x": 371.7,
    "y": 715.3
  },
  {
    "x": 372.8,
    "y": 715.3
  },
  {
    "x": 373.2,
    "y": 715.3
  },
  {
    "x": 375,
    "y": 715.6
  },
  {
    "x": 376.1,
    "y": 715.6
  },
  {
    "x": 377,
    "y": 715.6
  },
  {
    "x": 379,
    "y": 715.7
  },
  {
    "x": 379.2,
    "y": 715.7
  },
  {
    "x": 379.6,
    "y": 715.7
  },
  {
    "x": 381.3,
    "y": 715.9
  },
  {
    "x": 381.9,
    "y": 715.9
  },
  {
    "x": 383.4,
    "y": 716
  },
  {
    "x": 384.8,
    "y": 716.2
  },
  {
    "x": 385.5,
    "y": 716.3
  },
  {
    "x": 387.1,
    "y": 716.6
  },
  {
    "x": 387.5,
    "y": 716.6
  },
  {
    "x": 387.7,
    "y": 716.6
  },
  {
    "x": 389.3,
    "y": 716.7
  },
  {
    "x": 390.1,
    "y": 716.8
  },
  {
    "x": 391.2,
    "y": 716.9
  },
  {
    "x": 392.5,
    "y": 716.9
  },
  {
    "x": 393,
    "y": 716.9
  },
  {
    "x": 394.4,
    "y": 717
  },
  {
    "x": 394.8,
    "y": 717
  },
  {
    "x": 394.9,
    "y": 717
  },
  {
    "x": 396.6,
    "y": 716.9
  },
  {
    "x": 397.3,
    "y": 717
  },
  {
    "x": 397.7,
    "y": 717
  },
  {
    "x": 398.1,
    "y": 716.9
  },
  {
    "x": 398.7,
    "y": 716.9
  },
  {
    "x": 399.7,
    "y": 717
  },
  {
    "x": 400.3,
    "y": 717
  },
  {
    "x": 402,
    "y": 717.1
  },
  {
    "x": 402.1,
    "y": 717.1
  },
  {
    "x": 402.3,
    "y": 717.1
  },
  {
    "x": 402.5,
    "y": 717.1
  },
  {
    "x": 404,
    "y": 717.2
  },
  {
    "x": 404.6,
    "y": 717.2
  },
  {
    "x": 406,
    "y": 717.2
  },
  {
    "x": 407.3,
    "y": 717.2
  },
  {
    "x": 408,
    "y": 717.2
  },
  {
    "x": 409.9,
    "y": 717.2
  },
  {
    "x": 410,
    "y": 717.2
  },
  {
    "x": 410.1,
    "y": 717.2
  },
  {
    "x": 411.8,
    "y": 717.2
  },
  {
    "x": 412.4,
    "y": 717.2
  },
  {
    "x": 413.6,
    "y": 717.2
  },
  {
    "x": 414.8,
    "y": 717.2
  },
  {
    "x": 415.4,
    "y": 717.3
  },
  {
    "x": 417.2,
    "y": 717.3
  },
  {
    "x": 417.3,
    "y": 717.3
  },
  {
    "x": 417.4,
    "y": 717.3
  },
  {
    "x": 419.3,
    "y": 717.3
  },
  {
    "x": 419.3,
    "y": 717.3
  },
  {
    "x": 421.3,
    "y": 717.4
  },
  {
    "x": 421.7,
    "y": 717.4
  },
  {
    "x": 422.7,
    "y": 717.4
  },
  {
    "x": 423.3,
    "y": 717.4
  },
  {
    "x": 425.3,
    "y": 717.4
  },
  {
    "x": 425.3,
    "y": 717.4
  },
  {
    "x": 425.5,
    "y": 717.4
  },
  {
    "x": 427.3,
    "y": 717.5
  },
  {
    "x": 428,
    "y": 717.5
  },
  {
    "x": 429.4,
    "y": 717.5
  },
  {
    "x": 430.7,
    "y": 717.6
  },
  {
    "x": 431.4,
    "y": 717.6
  },
  {
    "x": 433.2,
    "y": 717.6
  },
  {
    "x": 433.4,
    "y": 717.7
  },
  {
    "x": 433.5,
    "y": 717.7
  },
  {
    "x": 435.3,
    "y": 717.8
  },
  {
    "x": 436,
    "y": 717.9
  },
  {
    "x": 437.2,
    "y": 717.9
  },
  {
    "x": 438.5,
    "y": 718
  },
  {
    "x": 439.4,
    "y": 718
  },
  {
    "x": 440.7,
    "y": 718.4
  }
]