[
  {
    "x": 0,
    "y": 577.3
  },
  {
    "x": 0.1,
    "y": 577.3
  },
  {
    "x": 0.2,
    "y": 577.3
  },
  {
    "x": 1.9,
    "y": 577.5
  },
  {
    "x": 2.1,
    "y": 577.5
  },
  {
    "x": 4.1,
    "y": 577.6
  },
  {
    "x": 4.5,
    "y": 577.7
  },
  {
    "x": 6.4,
    "y": 578.1
  },
  {
    "x": 7,
    "y": 578.1
  },
  {
    "x": 8.7,
    "y": 578.3
  },
  {
    "x": 9.4,
    "y": 578.4
  },
  {
    "x": 11.1,
    "y": 578.4
  },
  {
    "x": 11.9,
    "y": 578.4
  },
  {
    "x": 13.5,
    "y": 578.6
  },
  {
    "x": 14.4,
    "y": 578.6
  },
  {
    "x": 15.4,
    "y": 578.7
  },
  {
    "x": 17,
    "y": 579.1
  },
  {
    "x": 19.2,
    "y": 579.7
  },
  {
    "x": 21.7,
    "y": 580
  },
  {
    "x": 22.4,
    "y": 580.4
  },
  {
    "x": 26.4,
    "y": 584.8
  },
  {
    "x": 27.6,
    "y": 587
  },
  {
    "x": 28.2,
    "y": 587.4
  },
  {
    "x": 30,
    "y": 587.6
  },
  {
    "x": 30.4,
    "y": 587.4
  },
  {
    "x": 32.4,
    "y": 587.9
  },
  {
    "x": 32.7,
    "y": 588
  },
  {
    "x": 34.7,
    "y": 588.3
  },
  {
    "x": 39.7,
    "y": 589
  },
  {
    "x": 39.7,
    "y": 589
  },
  {
    "x": 39.7,
    "y": 589
  },
  {
    "x": 44,
    "y": 590.9
  },
  {
    "x": 44.6,
    "y": 590.9
  },
  {
    "x": 46.5,
    "y": 592.1
  },
  {
    "x": 48.2,
    "y": 593.2
  },
  {
    "x": 48.7,
    "y": 593.2
  },
  {
    "x": 50.4,
    "y": 594.2
  },
  {
    "x": 51,
    "y": 594.3
  },
  {
    "x": 52.6,
    "y": 594.7
  },
  {
    "x": 53.3,
    "y": 594.7
  },
  {
    "x": 54.9,
    "y": 594.9
  },
  {
    "x": 55.8,
    "y": 595
  },
  {
    "x": 57.3,
    "y": 594.9
  },
  {
    "x": 58.3,
    "y": 595
  },
  {
    "x": 59.7,
    "y": 595
  },
  {
    "x": 60.8,
    "y": 595
  },
  {
    "x": 62,
    "y": 594.9
  },
  {
    "x": 63.3,
    "y": 595
  },
  {
    "x": 64.4,
    "y": 595.2
  },
  {
    "x": 65.8,
    "y": 595.2
  },
  {
    "x": 66.7,
    "y": 595.3
  },
  {
    "x": 68.2,
    "y": 595.8
  },
  {
    "x": 69,
    "y": 596.2
  },
  {
    "x": 70.5,
    "y": 596.5
  },
  {
    "x": 71.3,
    "y": 597
  },
  {
    "x": 71.5,
    "y": 597
  },
  {
    "x": 72.9,
    "y": 597.3
  },
  {
    "x": 73.4,
    "y": 597.6
  },
  {
    "x": 75.1,
    "y": 598
  },
  {
    "x": 75.6,
    "y": 598
  },
  {
    "x": 77.4,
    "y": 598.8
  },
  {
    "x": 77.8,
    "y": 599
  },
  {
    "x": 79.7,
    "y": 599.7
  },
  {
    "x": 80,
    "y": 599.9
  },
  {
    "x": 82.1,
    "y": 600.4
  },
  {
    "x": 82.2,
    "y": 600.5
  },
  {
    "x": 84.1,
    "y": 601
  },
  {
    "x": 84.4,
    "y": 601.2
  },
  {
    "x": 84.4,
    "y": 601.2
  },
  {
    "x": 86.6,
    "y": 602
  },
  {
    "x": 86.7,
    "y": 602
  },
  {
    "x": 88.9,
    "y": 602.7
  },
  {
    "x": 89.1,
    "y": 602.8
  },
  {
    "x": 91.1,
    "y": 603.5
  },
  {
    "x": 91.4,
    "y": 603.6
  },
  {
    "x": 93.4,
    "y": 604.1
  },
  {
    "x": 93.8,
    "y": 604.2
  },
  {
    "x": 95.6,
    "y": 604.7
  },
  {
    "x": 96.2,
    "y": 604.9
  },
  {
    "x": 97.9,
    "y": 605.3
  },
  {
    "x": 98.6,
    "y": 605.6
  },
  {
    "x": 100.1,
    "y": 606.2
  },
  {
    "x": 101,
    "y": 606.3
  },
  {
    "x": 102.4,
    "y": 606.8
  },
  {
    "x": 103.4,
    "y": 606.9
  },
  {
    "x": 104.7,
    "y": 607.4
  },
  {
    "x": 105.8,
    "y": 607.5
  },
  {
    "x": 107,
    "y": 607.7
  },
  {
    "x": 108.2,
    "y": 608.1
  },
  {
    "x": 109.3,
    "y": 608.3
  },
  {
    "x": 110.6,
    "y": 608.6
  },
  {
    "x": 111.6,
    "y": 609
  },
  {
    "x": 113,
    "y": 609.2
  },
  {
    "x": 113.9,
    "y": 609.3
  },
  {
    "x": 115.4,
    "y": 609.7
  },
  {
    "x": 116.3,
    "y": 609.9
  },
  {
    "x": 118,
    "y": 610
  },
  {
    "x": 118.7,
    "y": 610.1
  },
  {
    "x": 120.5,
    "y": 610.1
  },
  {
    "x": 121.1,
    "y": 610.1
  },
  {
    "x": 123.1,
    "y": 610.2
  },
  {
    "x": 123.5,
    "y": 610.2
  },
  {
    "x": 125.6,
    "y": 610.3
  },
  {
    "x": 125.9,
    "y": 610.3
  },
  {
    "x": 128.1,
    "y": 610.4
  },
  {
    "x": 128.2,
    "y": 610.4
  },
  {
    "x": 128.4,
    "y": 610.5
  },
  {
    "x": 130.7,
    "y": 610.6
  },
  {
    "x": 130.8,
    "y": 610.6
  },
  {
    "x": 132.4,
    "y": 610.6
  },
  {
    "x": 133.2,
    "y": 610.7
  },
  {
    "x": 133.3,
    "y": 610.7
  },
  {
    "x": 135.6,
    "y": 610.8
  },
  {
    "x": 135.8,
    "y": 610.8
  },
  {
    "x": 138,
    "y": 611
  },
  {
    "x": 138.3,
    "y": 611
  },
  {
    "x": 140.3,
    "y": 611.2
  },
  {
    "x": 140.8,
    "y": 611.2
  },
  {
    "x": 142.7,
    "y": 611.3
  },
  {
    "x": 143.4,
    "y": 611.3
  },
  {
    "x": 145.1,
    "y": 611.4
  },
  {
    "x": 145.9,
    "y": 611.4
  },
  {
    "x": 147.5,
    "y": 611.5
  },
  {
    "x": 148.4,
    "y": 611.6
  },
  {
    "x": 149.9,
    "y": 611.7
  },
  {
    "x": 150.9,
    "y": 611.7
  },
  {
    "x": 152.3,
    "y": 611.8
  },
  {
    "x": 153.5,
    "y": 611.8
  },
  {
    "x": 154.7,
    "y": 611.9
  },
  {
    "x": 156,
    "y": 611.9
  },
  {
    "x": 157.2,
    "y": 612.1
  },
  {
    "x": 158.5,
    "y": 612.1
  },
  {
    "x": 159.5,
    "y": 612.1
  },
  {
    "x": 161.1,
    "y": 612.2
  },
  {
    "x": 161.9,
    "y": 612.2
  },
  {
    "x": 163.7,
    "y": 612.3
  },
  {
    "x": 164.4,
    "y": 612.3
  },
  {
    "x": 166.2,
    "y": 612.3
  },
  {
    "x": 166.8,
    "y": 612.4
  },
  {
    "x": 168.7,
    "y": 612.5
  },
  {
    "x": 169.2,
    "y": 612.5
  },
  {
    "x": 171.3,
    "y": 612.5
  },
  {
    "x": 173.7,
    "y": 612.8
  },
  {
    "x": 174,
    "y": 612.8
  },
  {
    "x": 176.4,
    "y": 612.8
  },
  {
    "x": 176.4,
    "y": 612.8
  },
  {
    "x": 176.8,
    "y": 612.8
  },
  {
    "x": 181.2,
    "y": 613.6
  },
  {
    "x": 181.7,
    "y": 613.6
  },
  {
    "x": 184,
    "y": 613.8
  },
  {
    "x": 184.4,
    "y": 613.6
  },
  {
    "x": 184.6,
    "y": 613.6
  },
  {
    "x": 184.6,
    "y": 613.6
  }
]