[
  {
    "x": 0,
    "y": 577.7
  },
  {
    "x": 0.9,
    "y": 577.6
  },
  {
    "x": 0.9,
    "y": 577.6
  },
  {
    "x": 1.1,
    "y": 577.6
  },
  {
    "x": 1.4,
    "y": 577.6
  },
  {
    "x": 1.8,
    "y": 577.7
  },
  {
    "x": 3,
    "y": 578.1
  },
  {
    "x": 4.7,
    "y": 578.2
  },
  {
    "x": 5.4,
    "y": 578.3
  },
  {
    "x": 7.7,
    "y": 578.5
  },
  {
    "x": 7.9,
    "y": 578.5
  },
  {
    "x": 8.5,
    "y": 578.6
  },
  {
    "x": 10.1,
    "y": 578.6
  },
  {
    "x": 10.5,
    "y": 578.7
  },
  {
    "x": 13.1,
    "y": 578.7
  },
  {
    "x": 15.4,
    "y": 578.7
  },
  {
    "x": 15.8,
    "y": 578.7
  },
  {
    "x": 17.9,
    "y": 578.9
  },
  {
    "x": 18.1,
    "y": 579
  },
  {
    "x": 18.2,
    "y": 579
  },
  {
    "x": 20.7,
    "y": 579.2
  },
  {
    "x": 21.4,
    "y": 579.2
  },
  {
    "x": 23.1,
    "y": 579.3
  },
  {
    "x": 24.5,
    "y": 579.3
  },
  {
    "x": 25.6,
    "y": 579.3
  },
  {
    "x": 27.6,
    "y": 579.4
  },
  {
    "x": 28.1,
    "y": 579.4
  },
  {
    "x": 30,
    "y": 579.6
  },
  {
    "x": 30.6,
    "y": 579.7
  },
  {
    "x": 30.7,
    "y": 579.8
  },
  {
    "x": 32.8,
    "y": 580
  },
  {
    "x": 33.4,
    "y": 580.1
  },
  {
    "x": 35.1,
    "y": 580.2
  },
  {
    "x": 36.1,
    "y": 580.3
  },
  {
    "x": 37.8,
    "y": 580.5
  },
  {
    "x": 39,
    "y": 580.8
  },
  {
    "x": 39.6,
    "y": 580.9
  },
  {
    "x": 41.7,
    "y": 581.3
  },
  {
    "x": 41.8,
    "y": 581.3
  },
  {
    "x": 42.8,
    "y": 581.4
  },
  {
    "x": 44.3,
    "y": 582
  },
  {
    "x": 46.2,
    "y": 582.1
  },
  {
    "x": 47,
    "y": 582.2
  },
  {
    "x": 47.7,
    "y": 582.3
  },
  {
    "x": 49.3,
    "y": 582.3
  },
  {
    "x": 49.8,
    "y": 582.4
  },
  {
    "x": 49.9,
    "y": 582.5
  },
  {
    "x": 50.2,
    "y": 582.6
  },
  {
    "x": 55.2,
    "y": 584.3
  },
  {
    "x": 56,
    "y": 584.8
  },
  {
    "x": 56.5,
    "y": 585
  },
  {
    "x": 57.6,
    "y": 584.8
  },
  {
    "x": 63.5,
    "y": 586
  },
  {
    "x": 65.2,
    "y": 586.6
  },
  {
    "x": 67.7,
    "y": 587.5
  },
  {
    "x": 69.2,
    "y": 588.1
  },
  {
    "x": 72.3,
    "y": 590.5
  },
  {
    "x": 72.6,
    "y": 590.8
  },
  {
    "x": 72.9,
    "y": 590.5
  },
  {
    "x": 74.7,
    "y": 591.8
  },
  {
    "x": 75.1,
    "y": 592.4
  },
  {
    "x": 77.4,
    "y": 593.4
  },
  {
    "x": 79.4,
    "y": 594.4
  },
  {
    "x": 80.1,
    "y": 594.6
  },
  {
    "x": 80.5,
    "y": 594.9
  },
  {
    "x": 82.6,
    "y": 595.3
  },
  {
    "x": 82.7,
    "y": 595.3
  },
  {
    "x": 82.9,
    "y": 595.3
  },
  {
    "x": 85.5,
    "y": 596.6
  },
  {
    "x": 86.7,
    "y": 597.6
  },
  {
    "x": 87.3,
    "y": 599
  },
  {
    "x": 89,
    "y": 599.6
  },
  {
    "x": 90.4,
    "y": 599.2
  },
  {
    "x": 91.8,
    "y": 600.3
  },
  {
    "x": 93.3,
    "y": 602.7
  },
  {
    "x": 93.6,
    "y": 603.5
  },
  {
    "x": 94.6,
    "y": 603.1
  },
  {
    "x": 96,
    "y": 604.9
  },
  {
    "x": 97.3,
    "y": 605.9
  },
  {
    "x": 98.1,
    "y": 607
  },
  {
    "x": 98.8,
    "y": 607.1
  },
  {
    "x": 99.4,
    "y": 608
  },
  {
    "x": 99.7,
    "y": 608.1
  },
  {
    "x": 99.7,
    "y": 608.1
  },
  {
    "x": 100.1,
    "y": 608.1
  },
  {
    "x": 101.5,
    "y": 609.1
  },
  {
    "x": 101.8,
    "y": 609.4
  },
  {
    "x": 103.1,
    "y": 609.8
  },
  {
    "x": 106.2,
    "y": 613.7
  },
  {
    "x": 106.8,
    "y": 613.7
  },
  {
    "x": 107.9,
    "y": 615.1
  },
  {
    "x": 108.9,
    "y": 615.4
  },
  {
    "x": 109.6,
    "y": 616
  },
  {
    "x": 111.9,
    "y": 617.3
  },
  {
    "x": 112,
    "y": 617.5
  },
  {
    "x": 112.1,
    "y": 617.5
  },
  {
    "x": 116.3,
    "y": 618.5
  },
  {
    "x": 117.1,
    "y": 618.6
  },
  {
    "x": 118.3,
    "y": 618.7
  },
  {
    "x": 119.5,
    "y": 618.7
  },
  {
    "x": 121.3,
    "y": 618.8
  },
  {
    "x": 121.9,
    "y": 618.8
  },
  {
    "x": 124.3,
    "y": 618.8
  },
  {
    "x": 124.4,
    "y": 618.8
  },
  {
    "x": 124.6,
    "y": 618.8
  },
  {
    "x": 126.6,
    "y": 618.9
  },
  {
    "x": 127,
    "y": 618.9
  },
  {
    "x": 128.9,
    "y": 619
  },
  {
    "x": 129.7,
    "y": 619
  },
  {
    "x": 131.1,
    "y": 619.1
  },
  {
    "x": 132.2,
    "y": 619
  },
  {
    "x": 133.5,
    "y": 619.2
  },
  {
    "x": 134.4,
    "y": 619.2
  },
  {
    "x": 135.8,
    "y": 619.2
  },
  {
    "x": 137.9,
    "y": 619.4
  },
  {
    "x": 138.2,
    "y": 619.4
  },
  {
    "x": 143.6,
    "y": 618.9
  },
  {
    "x": 144.9,
    "y": 618.9
  },
  {
    "x": 146.2,
    "y": 619
  },
  {
    "x": 147.1,
    "y": 619
  },
  {
    "x": 149,
    "y": 619
  },
  {
    "x": 149.4,
    "y": 619
  },
  {
    "x": 151.4,
    "y": 618.9
  },
  {
    "x": 151.7,
    "y": 618.9
  },
  {
    "x": 153.7,
    "y": 618.9
  },
  {
    "x": 154.2,
    "y": 618.9
  },
  {
    "x": 155.8,
    "y": 619
  },
  {
    "x": 156.7,
    "y": 619.1
  },
  {
    "x": 157.9,
    "y": 619.1
  },
  {
    "x": 159.3,
    "y": 619.1
  },
  {
    "x": 161.4,
    "y": 619.2
  },
  {
    "x": 161.6,
    "y": 619.2
  },
  {
    "x": 161.9,
    "y": 619.2
  },
  {
    "x": 163.9,
    "y": 619.2
  },
  {
    "x": 164,
    "y": 619.2
  },
  {
    "x": 164.1,
    "y": 619.2
  },
  {
    "x": 166.3,
    "y": 619.2
  },
  {
    "x": 166.8,
    "y": 619.1
  },
  {
    "x": 168.6,
    "y": 619.2
  },
  {
    "x": 169.6,
    "y": 619.2
  },
  {
    "x": 170.7,
    "y": 619.2
  },
  {
    "x": 171.9,
    "y": 619.3
  },
  {
    "x": 173.3,
    "y": 619.3
  },
  {
    "x": 175.1,
    "y": 619.3
  },
  {
    "x": 175.5,
    "y": 619.3
  },
  {
    "x": 177.6,
    "y": 619.4
  },
  {
    "x": 177.8,
    "y": 619.4
  },
  {
    "x": 177.9,
    "y": 619.4
  },
  {
    "x": 180,
    "y": 619.4
  },
  {
    "x": 180.4,
    "y": 619.4
  },
  {
    "x": 182,
    "y": 619.5
  },
  {
    "x": 182.9,
    "y": 619.6
  },
  {
    "x": 184.2,
    "y": 619.6
  },
  {
    "x": 185.2,
    "y": 619.8
  },
  {
    "x": 186.7,
    "y": 619.7
  },
  {
    "x": 187.6,
    "y": 619.8
  },
  {
    "x": 189,
    "y": 619.7
  },
  {
    "x": 190,
    "y": 619.8
  },
  {
    "x": 192.3,
    "y": 619.6
  },
  {
    "x": 192.8,
    "y": 619.6
  },
  {
    "x": 193.4,
    "y": 619.6
  },
  {
    "x": 195.1,
    "y": 619.6
  },
  {
    "x": 196.2,
    "y": 619.6
  },
  {
    "x": 197.4,
    "y": 619.6
  },
  {
    "x": 199,
    "y": 619.6
  },
  {
    "x": 199.7,
    "y": 619.6
  },
  {
    "x": 201.8,
    "y": 619.6
  },
  {
    "x": 202,
    "y": 619.6
  },
  {
    "x": 202.9,
    "y": 619.6
  },
  {
    "x": 204.3,
    "y": 619.6
  },
  {
    "x": 204.5,
    "y": 619.6
  },
  {
    "x": 206.4,
    "y": 619.5
  },
  {
    "x": 207.1,
    "y": 619.5
  },
  {
    "x": 208.6,
    "y": 619.5
  },
  {
    "x": 209.7,
    "y": 619.5
  },
  {
    "x": 210.9,
    "y": 619.5
  },
  {
    "x": 212.3,
    "y": 619.5
  },
  {
    "x": 213.1,
    "y": 619.5
  },
  {
    "x": 213.6,
    "y": 619.5
  },
  {
    "x": 213.7,
    "y": 619.4
  }
]