[
  {
    "x": 0,
    "y": 576.9
  },
  {
    "x": 0.2,
    "y": 576.9
  },
  {
    "x": 0.4,
    "y": 576.9
  },
  {
    "x": 0.9,
    "y": 576.9
  },
  {
    "x": 1.5,
    "y": 577
  },
  {
    "x": 1.8,
    "y": 577
  },
  {
    "x": 2.4,
    "y": 577
  },
  {
    "x": 2.8,
    "y": 577.1
  },
  {
    "x": 4.6,
    "y": 577.2
  },
  {
    "x": 5.5,
    "y": 577.3
  },
  {
    "x": 6.7,
    "y": 577.3
  },
  {
    "x": 8.2,
    "y": 577.5
  },
  {
    "x": 8.9,
    "y": 577.6
  },
  {
    "x": 10.8,
    "y": 578
  },
  {
    "x": 11,
    "y": 578
  },
  {
    "x": 11.1,
    "y": 578.1
  },
  {
    "x": 11.8,
    "y": 578.1
  },
  {
    "x": 15.2,
    "y": 578.8
  },
  {
    "x": 15.9,
    "y": 578.9
  },
  {
    "x": 17.4,
    "y": 579.1
  },
  {
    "x": 17.6,
    "y": 579.2
  },
  {
    "x": 19.3,
    "y": 579.8
  },
  {
    "x": 20.3,
    "y": 580
  },
  {
    "x": 21.1,
    "y": 580.4
  },
  {
    "x": 21.6,
    "y": 580.8
  },
  {
    "x": 26.1,
    "y": 586.4
  },
  {
    "x": 29.7,
    "y": 587.6
  },
  {
    "x": 30.6,
    "y": 588.4
  },
  {
    "x": 31.4,
    "y": 588.6
  },
  {
    "x": 31.9,
    "y": 588.7
  },
  {
    "x": 32.6,
    "y": 589.3
  },
  {
    "x": 33,
    "y": 589.4
  },
  {
    "x": 33.7,
    "y": 589.5
  },
  {
    "x": 35.5,
    "y": 589.9
  },
  {
    "x": 35.8,
    "y": 590.1
  },
  {
    "x": 36.9,
    "y": 590.7
  },
  {
    "x": 37.9,
    "y": 591
  },
  {
    "x": 38,
    "y": 590.9
  },
  {
    "x": 39.9,
    "y": 592
  },
  {
    "x": 40.9,
    "y": 592.4
  },
  {
    "x": 41.8,
    "y": 593
  },
  {
    "x": 43,
    "y": 593.8
  },
  {
    "x": 44,
    "y": 595
  },
  {
    "x": 45.4,
    "y": 596.2
  },
  {
    "x": 45.9,
    "y": 596.4
  },
  {
    "x": 47.6,
    "y": 598.2
  },
  {
    "x": 49.3,
    "y": 599.1
  },
  {
    "x": 50,
    "y": 600.1
  },
  {
    "x": 51.7,
    "y": 601.5
  },
  {
    "x": 52.2,
    "y": 602.6
  },
  {
    "x": 52.5,
    "y": 602.5
  },
  {
    "x": 55.8,
    "y": 605.4
  },
  {
    "x": 57.1,
    "y": 606.7
  },
  {
    "x": 57.3,
    "y": 606.3
  },
  {
    "x": 57.8,
    "y": 607
  },
  {
    "x": 58.4,
    "y": 606.8
  },
  {
    "x": 64.7,
    "y": 611.5
  },
  {
    "x": 65,
    "y": 611.9
  },
  {
    "x": 66.6,
    "y": 612.2
  },
  {
    "x": 68,
    "y": 613.3
  },
  {
    "x": 69.1,
    "y": 613.8
  },
  {
    "x": 70.1,
    "y": 614.4
  },
  {
    "x": 70.6,
    "y": 615
  },
  {
    "x": 71.3,
    "y": 615.2
  },
  {
    "x": 73.4,
    "y": 615.5
  },
  {
    "x": 74,
    "y": 615.8
  },
  {
    "x": 74.1,
    "y": 615.8
  },
  {
    "x": 75,
    "y": 616
  },
  {
    "x": 75.8,
    "y": 616.5
  },
  {
    "x": 76.5,
    "y": 617
  },
  {
    "x": 77.7,
    "y": 617.6
  },
  {
    "x": 78.2,
    "y": 617.8
  },
  {
    "x": 78.9,
    "y": 618.1
  },
  {
    "x": 80.2,
    "y": 618.6
  },
  {
    "x": 80.5,
    "y": 618.9
  },
  {
    "x": 81.2,
    "y": 619.3
  },
  {
    "x": 82.1,
    "y": 620.6
  },
  {
    "x": 83.6,
    "y": 621
  },
  {
    "x": 85.8,
    "y": 621.9
  },
  {
    "x": 86.2,
    "y": 622.1
  },
  {
    "x": 86.3,
    "y": 622.2
  },
  {
    "x": 86.9,
    "y": 622.2
  },
  {
    "x": 88,
    "y": 623.5
  },
  {
    "x": 88.2,
    "y": 623.4
  },
  {
    "x": 88.3,
    "y": 623.6
  },
  {
    "x": 88.5,
    "y": 623.5
  },
  {
    "x": 89.1,
    "y": 623.6
  },
  {
    "x": 92.8,
    "y": 627.2
  },
  {
    "x": 93.9,
    "y": 628
  },
  {
    "x": 95.2,
    "y": 628.3
  },
  {
    "x": 95.7,
    "y": 628.4
  },
  {
    "x": 96.9,
    "y": 629.8
  },
  {
    "x": 98.9,
    "y": 630.6
  },
  {
    "x": 101.4,
    "y": 632.5
  },
  {
    "x": 102,
    "y": 633.1
  },
  {
    "x": 102.4,
    "y": 634
  },
  {
    "x": 105.6,
    "y": 635.7
  },
  {
    "x": 108.8,
    "y": 637.4
  },
  {
    "x": 109.7,
    "y": 638.4
  },
  {
    "x": 109.8,
    "y": 638.4
  },
  {
    "x": 111.3,
    "y": 639.3
  },
  {
    "x": 111.8,
    "y": 639.4
  },
  {
    "x": 113.3,
    "y": 640
  },
  {
    "x": 113.6,
    "y": 640.2
  },
  {
    "x": 114,
    "y": 640.7
  },
  {
    "x": 115.4,
    "y": 641.2
  },
  {
    "x": 116.7,
    "y": 641.4
  },
  {
    "x": 117.7,
    "y": 641.9
  },
  {
    "x": 119.4,
    "y": 643.3
  },
  {
    "x": 120.4,
    "y": 643.5
  },
  {
    "x": 123.1,
    "y": 644.6
  },
  {
    "x": 124.4,
    "y": 645.8
  },
  {
    "x": 124.7,
    "y": 645.6
  },
  {
    "x": 128,
    "y": 648.3
  },
  {
    "x": 128.9,
    "y": 649
  },
  {
    "x": 130,
    "y": 649.3
  },
  {
    "x": 131.1,
    "y": 650.5
  },
  {
    "x": 131.9,
    "y": 651
  },
  {
    "x": 133.3,
    "y": 652.2
  },
  {
    "x": 135.4,
    "y": 653.3
  },
  {
    "x": 135.6,
    "y": 653.6
  },
  {
    "x": 136.3,
    "y": 653.7
  },
  {
    "x": 139.3,
    "y": 655.5
  },
  {
    "x": 139.8,
    "y": 656.2
  },
  {
    "x": 142.8,
    "y": 658.3
  },
  {
    "x": 145.5,
    "y": 661.6
  },
  {
    "x": 145.9,
    "y": 660.7
  },
  {
    "x": 146.3,
    "y": 661.5
  },
  {
    "x": 147,
    "y": 661.8
  },
  {
    "x": 150.5,
    "y": 663.8
  },
  {
    "x": 150.9,
    "y": 663.9
  },
  {
    "x": 152.4,
    "y": 664.9
  },
  {
    "x": 153.5,
    "y": 664.9
  },
  {
    "x": 154.2,
    "y": 665.3
  },
  {
    "x": 161.4,
    "y": 668.8
  },
  {
    "x": 163,
    "y": 670.5
  },
  {
    "x": 164.4,
    "y": 670.8
  },
  {
    "x": 165.3,
    "y": 671.2
  },
  {
    "x": 167.7,
    "y": 672.4
  },
  {
    "x": 170.7,
    "y": 674.5
  },
  {
    "x": 172,
    "y": 674.8
  },
  {
    "x": 172,
    "y": 674.8
  },
  {
    "x": 172.1,
    "y": 674.8
  },
  {
    "x": 173.8,
    "y": 675.7
  },
  {
    "x": 174.2,
    "y": 676.1
  },
  {
    "x": 174.9,
    "y": 675.8
  },
  {
    "x": 181.2,
    "y": 681.3
  },
  {
    "x": 182.6,
    "y": 682
  },
  {
    "x": 190,
    "y": 684.4
  },
  {
    "x": 193.5,
    "y": 687.9
  },
  {
    "x": 193.7,
    "y": 688.1
  },
  {
    "x": 195,
    "y": 688.4
  },
  {
    "x": 195.9,
    "y": 689.1
  },
  {
    "x": 196.1,
    "y": 689.4
  },
  {
    "x": 196.8,
    "y": 689.2
  },
  {
    "x": 201.6,
    "y": 692.9
  },
  {
    "x": 203,
    "y": 692.8
  },
  {
    "x": 203.7,
    "y": 692.8
  },
  {
    "x": 205.6,
    "y": 692.8
  },
  {
    "x": 205.9,
    "y": 692.8
  },
  {
    "x": 207,
    "y": 692.9
  },
  {
    "x": 210.6,
    "y": 692.8
  },
  {
    "x": 212.2,
    "y": 692.7
  },
  {
    "x": 213.5,
    "y": 692.7
  },
  {
    "x": 218.9,
    "y": 692.3
  },
  {
    "x": 225.4,
    "y": 692.1
  },
  {
    "x": 229.5,
    "y": 692.1
  },
  {
    "x": 230.1,
    "y": 692
  },
  {
    "x": 237.6,
    "y": 692
  },
  {
    "x": 238.4,
    "y": 692
  },
  {
    "x": 238.9,
    "y": 692
  },
  {
    "x": 239.3,
    "y": 691.9
  },
  {
    "x": 242.3,
    "y": 691.8
  },
  {
    "x": 243.5,
    "y": 691.9
  },
  {
    "x": 243.5,
    "y": 691.9
  },
  {
    "x": 243.6,
    "y": 691.9
  },
  {
    "x": 245.7,
    "y": 691.7
  },
  {
    "x": 247.8,
    "y": 691.6
  },
  {
    "x": 247.9,
    "y": 691.6
  },
  {
    "x": 248,
    "y": 691.6
  },
  {
    "x": 250,
    "y": 691.7
  },
  {
    "x": 251.3,
    "y": 691.6
  },
  {
    "x": 252.2,
    "y": 691.5
  },
  {
    "x": 252.7,
    "y": 691.6
  },
  {
    "x": 254.8,
    "y": 691.5
  },
  {
    "x": 255.7,
    "y": 691.5
  },
  {
    "x": 257.2,
    "y": 691.5
  },
  {
    "x": 258.6,
    "y": 691.5
  },
  {
    "x": 259.6,
    "y": 691.5
  },
  {
    "x": 260,
    "y": 691.4
  },
  {
    "x": 262.8,
    "y": 691.1
  },
  {
    "x": 263.9,
    "y": 691.1
  },
  {
    "x": 264.9,
    "y": 691
  },
  {
    "x": 265.3,
    "y": 691.1
  },
  {
    "x": 265.6,
    "y": 691
  },
  {
    "x": 265.7,
    "y": 691.2
  }
]