[
  {
    "x": 0,
    "y": 577.5
  },
  {
    "x": 0.2,
    "y": 577.5
  },
  {
    "x": 1.5,
    "y": 577.6
  },
  {
    "x": 2.4,
    "y": 577.7
  },
  {
    "x": 4,
    "y": 577.9
  },
  {
    "x": 5.6,
    "y": 578
  },
  {
    "x": 6.5,
    "y": 578
  },
  {
    "x": 8.8,
    "y": 578.2
  },
  {
    "x": 9.2,
    "y": 578.2
  },
  {
    "x": 11.9,
    "y": 578.7
  },
  {
    "x": 12,
    "y": 578.7
  },
  {
    "x": 12.8,
    "y": 578.8
  },
  {
    "x": 14.7,
    "y": 579
  },
  {
    "x": 15,
    "y": 579
  },
  {
    "x": 17.4,
    "y": 579.1
  },
  {
    "x": 17.9,
    "y": 579.1
  },
  {
    "x": 20,
    "y": 579.2
  },
  {
    "x": 20.9,
    "y": 579.2
  },
  {
    "x": 22.7,
    "y": 579.3
  },
  {
    "x": 24,
    "y": 579.4
  },
  {
    "x": 25.4,
    "y": 579.5
  },
  {
    "x": 27,
    "y": 579.5
  },
  {
    "x": 28,
    "y": 579.5
  },
  {
    "x": 29.9,
    "y": 579.5
  },
  {
    "x": 30.7,
    "y": 579.5
  },
  {
    "x": 32.8,
    "y": 579.4
  },
  {
    "x": 33.3,
    "y": 579.4
  },
  {
    "x": 35.7,
    "y": 579.5
  },
  {
    "x": 35.9,
    "y": 579.5
  },
  {
    "x": 37.1,
    "y": 579.5
  },
  {
    "x": 38.5,
    "y": 579.5
  },
  {
    "x": 38.6,
    "y": 579.5
  },
  {
    "x": 41,
    "y": 579.5
  },
  {
    "x": 41.4,
    "y": 579.5
  },
  {
    "x": 43.5,
    "y": 579.5
  },
  {
    "x": 44.3,
    "y": 579.6
  },
  {
    "x": 46.1,
    "y": 579.6
  },
  {
    "x": 47.1,
    "y": 579.6
  },
  {
    "x": 48.6,
    "y": 579.6
  },
  {
    "x": 49.9,
    "y": 579.6
  },
  {
    "x": 51.1,
    "y": 579.7
  },
  {
    "x": 52.9,
    "y": 579.8
  },
  {
    "x": 53.8,
    "y": 579.9
  },
  {
    "x": 55.8,
    "y": 580.1
  },
  {
    "x": 56.4,
    "y": 580.2
  },
  {
    "x": 58.6,
    "y": 580.3
  },
  {
    "x": 58.9,
    "y": 580.4
  },
  {
    "x": 60.7,
    "y": 580.4
  },
  {
    "x": 61.4,
    "y": 580.5
  },
  {
    "x": 61.5,
    "y": 580.5
  },
  {
    "x": 63.9,
    "y": 580.7
  },
  {
    "x": 64.2,
    "y": 580.7
  },
  {
    "x": 66.4,
    "y": 580.9
  },
  {
    "x": 67,
    "y": 581
  },
  {
    "x": 67.7,
    "y": 581.1
  },
  {
    "x": 69.7,
    "y": 581.4
  },
  {
    "x": 71.2,
    "y": 581.2
  },
  {
    "x": 72.3,
    "y": 581.1
  },
  {
    "x": 73.6,
    "y": 581.1
  },
  {
    "x": 74.8,
    "y": 581.1
  },
  {
    "x": 76,
    "y": 581.1
  },
  {
    "x": 77.5,
    "y": 581.2
  },
  {
    "x": 78.4,
    "y": 581.1
  },
  {
    "x": 80.2,
    "y": 581.3
  },
  {
    "x": 80.8,
    "y": 581.3
  },
  {
    "x": 82.8,
    "y": 581.5
  },
  {
    "x": 83.2,
    "y": 581.5
  },
  {
    "x": 85.6,
    "y": 581.8
  },
  {
    "x": 85.8,
    "y": 581.9
  },
  {
    "x": 87.8,
    "y": 582.1
  },
  {
    "x": 88.3,
    "y": 582.2
  },
  {
    "x": 88.3,
    "y": 582.2
  },
  {
    "x": 90.8,
    "y": 582.5
  },
  {
    "x": 91.2,
    "y": 582.6
  },
  {
    "x": 93.4,
    "y": 583.1
  },
  {
    "x": 94.1,
    "y": 583.2
  },
  {
    "x": 95.9,
    "y": 583.5
  },
  {
    "x": 96.9,
    "y": 583.6
  },
  {
    "x": 98.4,
    "y": 583.8
  },
  {
    "x": 99.7,
    "y": 583.8
  },
  {
    "x": 100.9,
    "y": 583.9
  },
  {
    "x": 102.4,
    "y": 584
  },
  {
    "x": 103.3,
    "y": 583.9
  },
  {
    "x": 105,
    "y": 583.6
  },
  {
    "x": 105.6,
    "y": 583.4
  },
  {
    "x": 107.5,
    "y": 583.3
  },
  {
    "x": 107.9,
    "y": 583.2
  },
  {
    "x": 109.9,
    "y": 582.7
  },
  {
    "x": 110.2,
    "y": 582.7
  },
  {
    "x": 112.4,
    "y": 582.4
  },
  {
    "x": 112.5,
    "y": 582.4
  },
  {
    "x": 113.2,
    "y": 582.4
  },
  {
    "x": 114.9,
    "y": 582.4
  },
  {
    "x": 115.1,
    "y": 582.4
  },
  {
    "x": 117.2,
    "y": 582.3
  },
  {
    "x": 117.6,
    "y": 582.3
  },
  {
    "x": 119.6,
    "y": 582.2
  },
  {
    "x": 120.2,
    "y": 582.1
  },
  {
    "x": 121.3,
    "y": 582.3
  },
  {
    "x": 122.3,
    "y": 582.6
  },
  {
    "x": 123,
    "y": 582.6
  },
  {
    "x": 124.5,
    "y": 582.9
  },
  {
    "x": 125.8,
    "y": 583.1
  },
  {
    "x": 126.9,
    "y": 583
  },
  {
    "x": 128.3,
    "y": 583
  },
  {
    "x": 129.2,
    "y": 583
  },
  {
    "x": 130.9,
    "y": 583
  },
  {
    "x": 131.5,
    "y": 582.8
  },
  {
    "x": 133.4,
    "y": 582.6
  },
  {
    "x": 133.8,
    "y": 582.5
  },
  {
    "x": 135.8,
    "y": 582.3
  },
  {
    "x": 136,
    "y": 582.3
  },
  {
    "x": 137.6,
    "y": 582.4
  },
  {
    "x": 138.4,
    "y": 582.5
  },
  {
    "x": 138.5,
    "y": 582.5
  },
  {
    "x": 138.5,
    "y": 582.5
  },
  {
    "x": 141.1,
    "y": 582.8
  },
  {
    "x": 141.4,
    "y": 582.8
  },
  {
    "x": 143.6,
    "y": 582.9
  },
  {
    "x": 144.2,
    "y": 583
  },
  {
    "x": 146.1,
    "y": 583.1
  },
  {
    "x": 147,
    "y": 583.1
  },
  {
    "x": 148.7,
    "y": 583.3
  },
  {
    "x": 149.8,
    "y": 583.3
  },
  {
    "x": 151.2,
    "y": 583.5
  },
  {
    "x": 152.6,
    "y": 583.5
  },
  {
    "x": 153.7,
    "y": 583.6
  },
  {
    "x": 155.2,
    "y": 583.4
  },
  {
    "x": 156,
    "y": 583.1
  },
  {
    "x": 157.7,
    "y": 582.9
  },
  {
    "x": 158.4,
    "y": 582.8
  },
  {
    "x": 160.1,
    "y": 582
  },
  {
    "x": 160.5,
    "y": 581.9
  },
  {
    "x": 162.5,
    "y": 581.1
  },
  {
    "x": 162.7,
    "y": 581.1
  },
  {
    "x": 165.1,
    "y": 580.7
  },
  {
    "x": 165.1,
    "y": 580.7
  },
  {
    "x": 165.2,
    "y": 580.7
  },
  {
    "x": 166.1,
    "y": 580.7
  },
  {
    "x": 167.5,
    "y": 580.7
  },
  {
    "x": 167.6,
    "y": 580.7
  },
  {
    "x": 167.8,
    "y": 580.7
  },
  {
    "x": 170,
    "y": 580.6
  },
  {
    "x": 170.5,
    "y": 580.7
  },
  {
    "x": 172.6,
    "y": 580.7
  },
  {
    "x": 173.2,
    "y": 580.7
  },
  {
    "x": 175,
    "y": 580.7
  },
  {
    "x": 176.5,
    "y": 580.7
  },
  {
    "x": 177.5,
    "y": 580.7
  },
  {
    "x": 178.7,
    "y": 580.7
  },
  {
    "x": 179.9,
    "y": 580.6
  },
  {
    "x": 181.5,
    "y": 580.7
  },
  {
    "x": 182.4,
    "y": 580.9
  },
  {
    "x": 184.2,
    "y": 580.9
  },
  {
    "x": 184.9,
    "y": 580.8
  },
  {
    "x": 187,
    "y": 580.9
  },
  {
    "x": 187.4,
    "y": 580.9
  },
  {
    "x": 187.7,
    "y": 580.8
  },
  {
    "x": 189.8,
    "y": 581.1
  },
  {
    "x": 190.9,
    "y": 581.1
  },
  {
    "x": 192.4,
    "y": 581.3
  },
  {
    "x": 192.6,
    "y": 581.3
  },
  {
    "x": 195,
    "y": 581.6
  },
  {
    "x": 195.4,
    "y": 581.6
  },
  {
    "x": 197.4,
    "y": 581.6
  },
  {
    "x": 198.2,
    "y": 581.7
  },
  {
    "x": 199.9,
    "y": 581.6
  },
  {
    "x": 200.9,
    "y": 581.6
  },
  {
    "x": 202.4,
    "y": 581.6
  },
  {
    "x": 203.4,
    "y": 581.5
  },
  {
    "x": 204.7,
    "y": 581.2
  },
  {
    "x": 206.2,
    "y": 581.1
  },
  {
    "x": 207.1,
    "y": 580.9
  },
  {
    "x": 208.9,
    "y": 581
  },
  {
    "x": 210.1,
    "y": 581
  },
  {
    "x": 212,
    "y": 580.9
  },
  {
    "x": 212.2,
    "y": 580.9
  },
  {
    "x": 214.6,
    "y": 581.1
  },
  {
    "x": 216.8,
    "y": 580.9
  },
  {
    "x": 216.9,
    "y": 580.9
  },
  {
    "x": 219,
    "y": 580.9
  },
  {
    "x": 219.3,
    "y": 580.9
  },
  {
    "x": 221.3,
    "y": 581
  },
  {
    "x": 221.8,
    "y": 580.9
  },
  {
    "x": 222.5,
    "y": 581
  },
  {
    "x": 224.4,
    "y": 581
  },
  {
    "x": 225.8,
    "y": 581
  },
  {
    "x": 226.8,
    "y": 581
  },
  {
    "x": 228.1,
    "y": 581
  },
  {
    "x": 229.2,
    "y": 581
  },
  {
    "x": 230.4,
    "y": 581
  },
  {
    "x": 231.7,
    "y": 581
  },
  {
    "x": 232.6,
    "y": 581
  },
  {
    "x": 234.2,
    "y": 581
  },
  {
    "x": 236.1,
    "y": 581
  },
  {
    "x": 236.7,
    "y": 581.1
  },
  {
    "x": 237.2,
    "y": 581.1
  },
  {
    "x": 239.2,
    "y": 581.2
  },
  {
    "x": 241.6,
    "y": 581.3
  },
  {
    "x": 241.7,
    "y": 581.3
  },
  {
    "x": 241.7,
    "y": 581.3
  },
  {
    "x": 242.5,
    "y": 581.3
  },
  {
    "x": 244.1,
    "y": 581.4
  },
  {
    "x": 244.2,
    "y": 581.4
  },
  {
    "x": 246.4,
    "y": 581.3
  },
  {
    "x": 246.8,
    "y": 581.3
  },
  {
    "x": 248.8,
    "y": 581.2
  },
  {
    "x": 249.4,
    "y": 581.2
  },
  {
    "x": 251.1,
    "y": 581.1
  },
  {
    "x": 252.6,
    "y": 581.1
  },
  {
    "x": 253.8,
    "y": 581.1
  },
  {
    "x": 254.6,
    "y": 581.1
  },
  {
    "x": 255.9,
    "y": 581.1
  },
  {
    "x": 257.2,
    "y": 581.1
  },
  {
    "x": 258.2,
    "y": 581.1
  },
  {
    "x": 259.8,
    "y": 581.1
  },
  {
    "x": 260.6,
    "y": 581.1
  },
  {
    "x": 262.4,
    "y": 581.1
  },
  {
    "x": 263,
    "y": 581.1
  },
  {
    "x": 265,
    "y": 581.1
  },
  {
    "x": 265.3,
    "y": 581.1
  },
  {
    "x": 267.6,
    "y": 581.1
  },
  {
    "x": 267.7,
    "y": 581.1
  },
  {
    "x": 268.6,
    "y": 581.1
  },
  {
    "x": 270,
    "y": 581.2
  },
  {
    "x": 270.1,
    "y": 581.2
  },
  {
    "x": 272.3,
    "y": 581.2
  },
  {
    "x": 272.7,
    "y": 581.2
  },
  {
    "x": 274.6,
    "y": 581.3
  },
  {
    "x": 275.2,
    "y": 581.3
  },
  {
    "x": 276.9,
    "y": 581.3
  },
  {
    "x": 277.8,
    "y": 581.4
  },
  {
    "x": 279.2,
    "y": 581.5
  },
  {
    "x": 280.3,
    "y": 581.5
  },
  {
    "x": 281.6,
    "y": 581.5
  },
  {
    "x": 282.9,
    "y": 581.6
  },
  {
    "x": 283.9,
    "y": 581.6
  },
  {
    "x": 285.5,
    "y": 581.7
  },
  {
    "x": 286.2,
    "y": 581.8
  },
  {
    "x": 288,
    "y": 581.9
  },
  {
    "x": 288.5,
    "y": 581.9
  },
  {
    "x": 290.6,
    "y": 582
  },
  {
    "x": 290.8,
    "y": 582
  },
  {
    "x": 293.1,
    "y": 582.2
  },
  {
    "x": 293.1,
    "y": 582.2
  },
  {
    "x": 293.1,
    "y": 582.2
  },
  {
    "x": 295.5,
    "y": 582.3
  },
  {
    "x": 295.7,
    "y": 582.3
  },
  {
    "x": 297.9,
    "y": 582.4
  },
  {
    "x": 298.4,
    "y": 582.4
  },
  {
    "x": 300.3,
    "y": 582.4
  },
  {
    "x": 301,
    "y": 582.5
  },
  {
    "x": 302.7,
    "y": 582.6
  },
  {
    "x": 303.7,
    "y": 582.7
  },
  {
    "x": 305.1,
    "y": 582.7
  },
  {
    "x": 306.3,
    "y": 582.8
  },
  {
    "x": 307.6,
    "y": 582.9
  },
  {
    "x": 308.9,
    "y": 583
  },
  {
    "x": 309.9,
    "y": 583.1
  },
  {
    "x": 311.6,
    "y": 583.1
  },
  {
    "x": 312.3,
    "y": 583.1
  },
  {
    "x": 314.3,
    "y": 583.4
  },
  {
    "x": 314.8,
    "y": 583.4
  },
  {
    "x": 317,
    "y": 583.9
  },
  {
    "x": 317.2,
    "y": 584
  },
  {
    "x": 319.6,
    "y": 584.1
  },
  {
    "x": 319.6,
    "y": 584.1
  },
  {
    "x": 319.6,
    "y": 584.1
  },
  {
    "x": 319.7,
    "y": 584.1
  },
  {
    "x": 322,
    "y": 584
  },
  {
    "x": 322.1,
    "y": 584
  },
  {
    "x": 324.4,
    "y": 584.3
  },
  {
    "x": 324.7,
    "y": 584.3
  },
  {
    "x": 326.6,
    "y": 584.5
  },
  {
    "x": 327.1,
    "y": 584.6
  },
  {
    "x": 329.2,
    "y": 584.6
  },
  {
    "x": 331,
    "y": 584.7
  },
  {
    "x": 332,
    "y": 584.7
  },
  {
    "x": 333.3,
    "y": 585.4
  },
  {
    "x": 335,
    "y": 585.4
  },
  {
    "x": 336.9,
    "y": 585.5
  },
  {
    "x": 338,
    "y": 585.6
  },
  {
    "x": 339.2,
    "y": 585.7
  },
  {
    "x": 341,
    "y": 585.8
  },
  {
    "x": 344.3,
    "y": 586.1
  },
  {
    "x": 345.6,
    "y": 586.3
  },
  {
    "x": 346.8,
    "y": 586.1
  },
  {
    "x": 355.5,
    "y": 588.8
  },
  {
    "x": 371,
    "y": 595.1
  },
  {
    "x": 371.9,
    "y": 593.4
  },
  {
    "x": 378,
    "y": 598.6
  },
  {
    "x": 388.9,
    "y": 606
  },
  {
    "x": 393.2,
    "y": 610.1
  },
  {
    "x": 407.9,
    "y": 614.8
  },
  {
    "x": 410.9,
    "y": 619.2
  },
  {
    "x": 411.7,
    "y": 618.1
  },
  {
    "x": 413.4,
    "y": 619.9
  },
  {
    "x": 414.1,
    "y": 620.8
  },
  {
    "x": 416,
    "y": 621.7
  },
  {
    "x": 416.4,
    "y": 622.1
  },
  {
    "x": 417,
    "y": 622.2
  },
  {
    "x": 418.6,
    "y": 623.4
  },
  {
    "x": 419.7,
    "y": 624.8
  },
  {
    "x": 420.3,
    "y": 624.7
  },
  {
    "x": 421.5,
    "y": 625.3
  },
  {
    "x": 422.8,
    "y": 626.4
  },
  {
    "x": 426,
    "y": 628.4
  },
  {
    "x": 426.3,
    "y": 628.8
  },
  {
    "x": 426.4,
    "y": 628.7
  },
  {
    "x": 427.6,
    "y": 629.6
  },
  {
    "x": 428.6,
    "y": 629.8
  },
  {
    "x": 428.7,
    "y": 629.8
  },
  {
    "x": 429.3,
    "y": 630.3
  },
  {
    "x": 430.8,
    "y": 630.9
  },
  {
    "x": 431.1,
    "y": 630.9
  },
  {
    "x": 433.1,
    "y": 631.8
  },
  {
    "x": 433.7,
    "y": 632
  },
  {
    "x": 435.3,
    "y": 632.7
  },
  {
    "x": 437.2,
    "y": 633.6
  },
  {
    "x": 438.1,
    "y": 634.8
  },
  {
    "x": 439.4,
    "y": 635.6
  },
  {
    "x": 439.8,
    "y": 636.4
  },
  {
    "x": 440.9,
    "y": 637.1
  },
  {
    "x": 441.5,
    "y": 638
  },
  {
    "x": 442.1,
    "y": 638.5
  },
  {
    "x": 443.5,
    "y": 639.9
  },
  {
    "x": 444,
    "y": 640.5
  },
  {
    "x": 445.4,
    "y": 640.9
  },
  {
    "x": 449.3,
    "y": 645.2
  },
  {
    "x": 449.4,
    "y": 645.2
  },
  {
    "x": 449.4,
    "y": 645.3
  },
  {
    "x": 449.4,
    "y": 645.2
  },
  {
    "x": 451.7,
    "y": 645.8
  },
  {
    "x": 453.6,
    "y": 646.5
  },
  {
    "x": 454.3,
    "y": 646.6
  },
  {
    "x": 455.3,
    "y": 647.7
  },
  {
    "x": 455.5,
    "y": 647.6
  },
  {
    "x": 455.6,
    "y": 647.7
  },
  {
    "x": 457.1,
    "y": 648.7
  },
  {
    "x": 457.8,
    "y": 649.5
  },
  {
    "x": 458.8,
    "y": 650.4
  },
  {
    "x": 460,
    "y": 650.9
  },
  {
    "x": 460.9,
    "y": 651
  },
  {
    "x": 462.5,
    "y": 652.2
  },
  {
    "x": 464.5,
    "y": 654
  },
  {
    "x": 468,
    "y": 656.2
  },
  {
    "x": 468.3,
    "y": 656.1
  },
  {
    "x": 468.7,
    "y": 656.2
  },
  {
    "x": 470.1,
    "y": 657.1
  },
  {
    "x": 470.4,
    "y": 657.1
  },
  {
    "x": 472.5,
    "y": 658.7
  },
  {
    "x": 473.6,
    "y": 659.4
  },
  {
    "x": 474.3,
    "y": 660.2
  },
  {
    "x": 475.3,
    "y": 661.1
  },
  {
    "x": 476.6,
    "y": 661.3
  },
  {
    "x": 477.3,
    "y": 662.2
  },
  {
    "x": 477.9,
    "y": 663
  },
  {
    "x": 479,
    "y": 663.2
  },
  {
    "x": 479.6,
    "y": 664.1
  },
  {
    "x": 481.3,
    "y": 664.2
  },
  {
    "x": 483.1,
    "y": 665.5
  },
  {
    "x": 484.9,
    "y": 666.4
  },
  {
    "x": 485.7,
    "y": 666.5
  },
  {
    "x": 487.1,
    "y": 667.3
  },
  {
    "x": 489.1,
    "y": 668.3
  },
  {
    "x": 489.3,
    "y": 668.5
  },
  {
    "x": 490.1,
    "y": 668.5
  },
  {
    "x": 491.5,
    "y": 669.1
  },
  {
    "x": 494,
    "y": 669.9
  },
  {
    "x": 494,
    "y": 669.9
  },
  {
    "x": 494.4,
    "y": 670.2
  },
  {
    "x": 496.2,
    "y": 671
  },
  {
    "x": 496.4,
    "y": 671
  },
  {
    "x": 496.6,
    "y": 671
  },
  {
    "x": 499.9,
    "y": 673
  },
  {
    "x": 501.5,
    "y": 674
  },
  {
    "x": 502.1,
    "y": 674.8
  },
  {
    "x": 502.8,
    "y": 676
  },
  {
    "x": 503.6,
    "y": 675.8
  },
  {
    "x": 504.9,
    "y": 678.4
  },
  {
    "x": 507.2,
    "y": 678.5
  },
  {
    "x": 514.6,
    "y": 685.6
  },
  {
    "x": 535.6,
    "y": 691.7
  },
  {
    "x": 540.9,
    "y": 695.7
  },
  {
    "x": 545.5,
    "y": 700.3
  },
  {
    "x": 546.7,
    "y": 700.5
  },
  {
    "x": 547.5,
    "y": 700.6
  },
  {
    "x": 549.1,
    "y": 701.8
  },
  {
    "x": 551,
    "y": 702.7
  },
  {
    "x": 551.8,
    "y": 703.5
  },
  {
    "x": 553.9,
    "y": 704
  },
  {
    "x": 555,
    "y": 705
  },
  {
    "x": 555.5,
    "y": 705
  },
  {
    "x": 558.4,
    "y": 706.2
  },
  {
    "x": 558.8,
    "y": 706
  },
  {
    "x": 559.3,
    "y": 706.7
  },
  {
    "x": 560.8,
    "y": 707.8
  },
  {
    "x": 562.2,
    "y": 709.2
  },
  {
    "x": 564,
    "y": 709.5
  },
  {
    "x": 566.4,
    "y": 712.2
  },
  {
    "x": 567,
    "y": 712.6
  },
  {
    "x": 570.2,
    "y": 714.5
  },
  {
    "x": 571.2,
    "y": 715.2
  },
  {
    "x": 571.7,
    "y": 715.2
  },
  {
    "x": 574.9,
    "y": 715.3
  },
  {
    "x": 575.3,
    "y": 715.3
  },
  {
    "x": 577.2,
    "y": 715.5
  },
  {
    "x": 577.3,
    "y": 715.5
  },
  {
    "x": 577.7,
    "y": 715.5
  },
  {
    "x": 582.7,
    "y": 715.3
  },
  {
    "x": 584.5,
    "y": 715.1
  },
  {
    "x": 588.8,
    "y": 715.3
  },
  {
    "x": 589.8,
    "y": 715.1
  },
  {
    "x": 590.9,
    "y": 715
  },
  {
    "x": 592.2,
    "y": 715.1
  },
  {
    "x": 596.3,
    "y": 714.7
  },
  {
    "x": 602.2,
    "y": 714.9
  },
  {
    "x": 604.4,
    "y": 715.1
  },
  {
    "x": 604.9,
    "y": 715.1
  },
  {
    "x": 604.9,
    "y": 715.1
  },
  {
    "x": 606,
    "y": 715.1
  },
  {
    "x": 610,
    "y": 714.8
  },
  {
    "x": 611.9,
    "y": 714.8
  },
  {
    "x": 614.5,
    "y": 714.7
  },
  {
    "x": 616,
    "y": 714.8
  },
  {
    "x": 616.7,
    "y": 714.8
  },
  {
    "x": 618,
    "y": 715
  },
  {
    "x": 618.9,
    "y": 715
  },
  {
    "x": 620,
    "y": 714.9
  },
  {
    "x": 621.1,
    "y": 715
  },
  {
    "x": 622.1,
    "y": 715
  },
  {
    "x": 623.3,
    "y": 715.1
  },
  {
    "x": 624.1,
    "y": 715.1
  },
  {
    "x": 625.5,
    "y": 714.9
  },
  {
    "x": 627.1,
    "y": 714.8
  },
  {
    "x": 627.7,
    "y": 714.6
  },
  {
    "x": 629,
    "y": 714.5
  },
  {
    "x": 632.3,
    "y": 714.2
  },
  {
    "x": 634.1,
    "y": 714.1
  },
  {
    "x": 636.3,
    "y": 714.2
  },
  {
    "x": 636.4,
    "y": 714.2
  },
  {
    "x": 638.4,
    "y": 714.2
  },
  {
    "x": 638.9,
    "y": 714.3
  },
  {
    "x": 640.5,
    "y": 714.4
  },
  {
    "x": 641.9,
    "y": 714.3
  },
  {
    "x": 644.8,
    "y": 714.4
  },
  {
    "x": 650.2,
    "y": 714.3
  },
  {
    "x": 655.3,
    "y": 714.2
  },
  {
    "x": 655.4,
    "y": 714.2
  },
  {
    "x": 655.8,
    "y": 714.1
  },
  {
    "x": 658.4,
    "y": 713.8
  },
  {
    "x": 659.2,
    "y": 713.7
  },
  {
    "x": 660.8,
    "y": 713.7
  },
  {
    "x": 662.7,
    "y": 713.8
  },
  {
    "x": 662.8,
    "y": 713.8
  },
  {
    "x": 664.9,
    "y": 713.8
  },
  {
    "x": 664.9,
    "y": 713.8
  },
  {
    "x": 665.5,
    "y": 713.9
  },
  {
    "x": 666.8,
    "y": 713.9
  },
  {
    "x": 666.9,
    "y": 713.9
  },
  {
    "x": 667.2,
    "y": 713.9
  },
  {
    "x": 670.7,
    "y": 713.9
  },
  {
    "x": 671.5,
    "y": 713.8
  },
  {
    "x": 673.1,
    "y": 713.8
  },
  {
    "x": 673.6,
    "y": 713.8
  },
  {
    "x": 675.1,
    "y": 713.8
  },
  {
    "x": 675.8,
    "y": 713.8
  },
  {
    "x": 677.1,
    "y": 713.9
  },
  {
    "x": 678.1,
    "y": 714
  },
  {
    "x": 680,
    "y": 714.1
  },
  {
    "x": 680.7,
    "y": 714.2
  },
  {
    "x": 684.7,
    "y": 714.2
  },
  {
    "x": 685.3,
    "y": 714.2
  },
  {
    "x": 688.5,
    "y": 714.3
  },
  {
    "x": 692.3,
    "y": 714.4
  },
  {
    "x": 693.6,
    "y": 714.3
  },
  {
    "x": 695.2,
    "y": 714.2
  },
  {
    "x": 695.6,
    "y": 714.2
  },
  {
    "x": 698,
    "y": 714.3
  },
  {
    "x": 698.5,
    "y": 714.3
  },
  {
    "x": 700.3,
    "y": 714.3
  },
  {
    "x": 700.7,
    "y": 714.3
  },
  {
    "x": 701.1,
    "y": 714.3
  },
  {
    "x": 701.8,
    "y": 714.3
  },
  {
    "x": 703.3,
    "y": 714.2
  },
  {
    "x": 704.5,
    "y": 714.2
  },
  {
    "x": 705.8,
    "y": 714.1
  },
  {
    "x": 706.8,
    "y": 714.2
  },
  {
    "x": 707.9,
    "y": 714.1
  },
  {
    "x": 708.8,
    "y": 714.2
  },
  {
    "x": 710,
    "y": 714.2
  },
  {
    "x": 711.9,
    "y": 714.4
  },
  {
    "x": 714.5,
    "y": 714.5
  },
  {
    "x": 717.7,
    "y": 714.9
  },
  {
    "x": 718.3,
    "y": 714.9
  },
  {
    "x": 720.3,
    "y": 714.8
  },
  {
    "x": 721.3,
    "y": 714.8
  },
  {
    "x": 723.9,
    "y": 715.1
  },
  {
    "x": 726.5,
    "y": 715
  },
  {
    "x": 733.2,
    "y": 715.7
  },
  {
    "x": 735.7,
    "y": 715.6
  },
  {
    "x": 736.8,
    "y": 715.6
  },
  {
    "x": 739.7,
    "y": 715.8
  },
  {
    "x": 740,
    "y": 715.8
  },
  {
    "x": 742.6,
    "y": 715.8
  },
  {
    "x": 745.2,
    "y": 715.9
  },
  {
    "x": 745.4,
    "y": 715.9
  },
  {
    "x": 748.3,
    "y": 716.4
  },
  {
    "x": 748.4,
    "y": 716.4
  },
  {
    "x": 748.4,
    "y": 716.4
  },
  {
    "x": 753.5,
    "y": 716.1
  },
  {
    "x": 753.5,
    "y": 716.1
  },
  {
    "x": 754.6,
    "y": 716
  },
  {
    "x": 757.3,
    "y": 715.7
  },
  {
    "x": 761.3,
    "y": 715.7
  },
  {
    "x": 761.3,
    "y": 715.7
  },
  {
    "x": 761.3,
    "y": 715.7
  },
  {
    "x": 767.2,
    "y": 715.6
  },
  {
    "x": 767.8,
    "y": 715.7
  },
  {
    "x": 768.9,
    "y": 715.7
  },
  {
    "x": 769.8,
    "y": 715.6
  },
  {
    "x": 771.1,
    "y": 715.6
  },
  {
    "x": 771.9,
    "y": 715.6
  },
  {
    "x": 773.6,
    "y": 715.6
  },
  {
    "x": 773.9,
    "y": 715.6
  },
  {
    "x": 774.5,
    "y": 715.6
  },
  {
    "x": 776,
    "y": 715.5
  },
  {
    "x": 777.8,
    "y": 715.4
  },
  {
    "x": 778.1,
    "y": 715.4
  },
  {
    "x": 779.6,
    "y": 715.4
  },
  {
    "x": 779.7,
    "y": 715.4
  },
  {
    "x": 779.7,
    "y": 715.4
  },
  {
    "x": 779.7,
    "y": 715.4
  },
  {
    "x": 782.3,
    "y": 715.2
  },
  {
    "x": 782.3,
    "y": 715.2
  },
  {
    "x": 784.9,
    "y": 715.4
  },
  {
    "x": 784.9,
    "y": 715.3
  },
  {
    "x": 788,
    "y": 715.1
  },
  {
    "x": 788.6,
    "y": 715.1
  },
  {
    "x": 789.3,
    "y": 715.1
  },
  {
    "x": 792.1,
    "y": 714.9
  },
  {
    "x": 794.3,
    "y": 714.6
  },
  {
    "x": 795,
    "y": 714.6
  },
  {
    "x": 795,
    "y": 714.6
  },
  {
    "x": 795.1,
    "y": 714.6
  },
  {
    "x": 798.8,
    "y": 714.6
  },
  {
    "x": 799.7,
    "y": 714.6
  },
  {
    "x": 801,
    "y": 714.5
  },
  {
    "x": 802,
    "y": 714.5
  },
  {
    "x": 803.3,
    "y": 714.4
  },
  {
    "x": 804.5,
    "y": 714.2
  },
  {
    "x": 805,
    "y": 714.2
  },
  {
    "x": 806.7,
    "y": 714.2
  },
  {
    "x": 807,
    "y": 714.2
  },
  {
    "x": 808.9,
    "y": 714.2
  },
  {
    "x": 809.1,
    "y": 714.1
  },
  {
    "x": 811.1,
    "y": 714.1
  },
  {
    "x": 811.2,
    "y": 714.1
  },
  {
    "x": 812,
    "y": 714
  },
  {
    "x": 813.3,
    "y": 713.9
  },
  {
    "x": 813.4,
    "y": 714
  },
  {
    "x": 815.5,
    "y": 714.1
  },
  {
    "x": 817.1,
    "y": 714
  },
  {
    "x": 817.4,
    "y": 714
  }
]