[
  {
    "x": 0,
    "y": 577.5
  },
  {
    "x": 3.7,
    "y": 577.7
  },
  {
    "x": 6.5,
    "y": 578
  },
  {
    "x": 8.1,
    "y": 578.1
  },
  {
    "x": 9.3,
    "y": 578.3
  },
  {
    "x": 10.3,
    "y": 578.3
  },
  {
    "x": 11.9,
    "y": 578.7
  },
  {
    "x": 14.4,
    "y": 579.2
  },
  {
    "x": 14.6,
    "y": 579.2
  },
  {
    "x": 17.2,
    "y": 579.3
  },
  {
    "x": 18,
    "y": 579.3
  },
  {
    "x": 19.7,
    "y": 579.4
  },
  {
    "x": 21.4,
    "y": 579.5
  },
  {
    "x": 22.3,
    "y": 579.6
  },
  {
    "x": 24.8,
    "y": 579.9
  },
  {
    "x": 24.9,
    "y": 579.9
  },
  {
    "x": 28.2,
    "y": 580.1
  },
  {
    "x": 29.1,
    "y": 580.4
  },
  {
    "x": 30.1,
    "y": 580.5
  },
  {
    "x": 31.3,
    "y": 580.7
  },
  {
    "x": 32.7,
    "y": 581.1
  },
  {
    "x": 33.5,
    "y": 581.3
  },
  {
    "x": 34.9,
    "y": 581.6
  },
  {
    "x": 36.5,
    "y": 581.8
  },
  {
    "x": 38.5,
    "y": 581.9
  },
  {
    "x": 40.7,
    "y": 582.1
  },
  {
    "x": 41.3,
    "y": 582.1
  },
  {
    "x": 42.7,
    "y": 582.1
  },
  {
    "x": 43.3,
    "y": 582.2
  },
  {
    "x": 43.7,
    "y": 582.2
  },
  {
    "x": 45.6,
    "y": 582.3
  },
  {
    "x": 47.5,
    "y": 582.5
  },
  {
    "x": 48.1,
    "y": 582.4
  },
  {
    "x": 48.9,
    "y": 582.5
  },
  {
    "x": 49.1,
    "y": 582.6
  },
  {
    "x": 52,
    "y": 583.9
  },
  {
    "x": 52.4,
    "y": 584
  },
  {
    "x": 52.9,
    "y": 584
  },
  {
    "x": 56.9,
    "y": 585.5
  },
  {
    "x": 58,
    "y": 585.6
  },
  {
    "x": 60.6,
    "y": 585.8
  },
  {
    "x": 63,
    "y": 585.7
  },
  {
    "x": 64.4,
    "y": 586.1
  },
  {
    "x": 69.8,
    "y": 586.7
  },
  {
    "x": 72.8,
    "y": 587.2
  },
  {
    "x": 85.9,
    "y": 598.3
  },
  {
    "x": 89.9,
    "y": 600.2
  },
  {
    "x": 90.9,
    "y": 600.9
  },
  {
    "x": 93.1,
    "y": 603
  },
  {
    "x": 93.9,
    "y": 603.7
  },
  {
    "x": 96,
    "y": 605.1
  },
  {
    "x": 96.8,
    "y": 605.1
  },
  {
    "x": 101.5,
    "y": 607.4
  },
  {
    "x": 101.6,
    "y": 607.4
  },
  {
    "x": 105.5,
    "y": 607.7
  },
  {
    "x": 107.2,
    "y": 607.8
  },
  {
    "x": 109.2,
    "y": 607.9
  },
  {
    "x": 112.2,
    "y": 607.9
  },
  {
    "x": 113.2,
    "y": 608
  },
  {
    "x": 116.2,
    "y": 608.1
  },
  {
    "x": 122.7,
    "y": 608.2
  },
  {
    "x": 122.8,
    "y": 608.2
  },
  {
    "x": 124.9,
    "y": 608.4
  },
  {
    "x": 126,
    "y": 608.4
  },
  {
    "x": 127,
    "y": 608.4
  },
  {
    "x": 128.4,
    "y": 608.5
  },
  {
    "x": 129.3,
    "y": 608.5
  },
  {
    "x": 129.8,
    "y": 608.5
  },
  {
    "x": 131.3,
    "y": 608.5
  },
  {
    "x": 132.1,
    "y": 608.5
  },
  {
    "x": 134.4,
    "y": 608.7
  },
  {
    "x": 134.8,
    "y": 608.7
  },
  {
    "x": 137.2,
    "y": 608.8
  },
  {
    "x": 138.1,
    "y": 608.8
  },
  {
    "x": 139.9,
    "y": 608.8
  },
  {
    "x": 141.7,
    "y": 608.9
  },
  {
    "x": 142,
    "y": 608.9
  },
  {
    "x": 142.8,
    "y": 608.9
  },
  {
    "x": 145.4,
    "y": 609
  },
  {
    "x": 145.4,
    "y": 609
  },
  {
    "x": 145.5,
    "y": 609
  },
  {
    "x": 146.2,
    "y": 609
  },
  {
    "x": 148.7,
    "y": 609
  },
  {
    "x": 150.4,
    "y": 609
  }
]