[
  {
    "x": 0,
    "y": 578.3
  },
  {
    "x": 1.9,
    "y": 578.5
  },
  {
    "x": 2.9,
    "y": 578.6
  },
  {
    "x": 5.3,
    "y": 578.6
  },
  {
    "x": 6.8,
    "y": 578.6
  },
  {
    "x": 8.6,
    "y": 579
  },
  {
    "x": 9.6,
    "y": 579
  },
  {
    "x": 10,
    "y": 579.1
  },
  {
    "x": 12,
    "y": 579.2
  },
  {
    "x": 13.1,
    "y": 579.2
  },
  {
    "x": 14.3,
    "y": 579.1
  },
  {
    "x": 16.2,
    "y": 579.2
  },
  {
    "x": 16.6,
    "y": 579.2
  },
  {
    "x": 17.8,
    "y": 579.3
  },
  {
    "x": 19.1,
    "y": 579.3
  },
  {
    "x": 19.7,
    "y": 579.5
  },
  {
    "x": 21.9,
    "y": 579.7
  },
  {
    "x": 23.6,
    "y": 579.9
  },
  {
    "x": 24.7,
    "y": 580.1
  },
  {
    "x": 27.3,
    "y": 580.3
  },
  {
    "x": 27.4,
    "y": 580.3
  },
  {
    "x": 27.6,
    "y": 580.4
  },
  {
    "x": 30.6,
    "y": 580.6
  },
  {
    "x": 32.4,
    "y": 581.2
  },
  {
    "x": 33.9,
    "y": 581.4
  },
  {
    "x": 35,
    "y": 581.4
  },
  {
    "x": 36.1,
    "y": 581.7
  },
  {
    "x": 37,
    "y": 582.2
  },
  {
    "x": 37.3,
    "y": 582.3
  },
  {
    "x": 39.7,
    "y": 583.3
  },
  {
    "x": 40.9,
    "y": 583.5
  },
  {
    "x": 41.7,
    "y": 583.5
  },
  {
    "x": 44.9,
    "y": 585.3
  },
  {
    "x": 45.3,
    "y": 585.9
  },
  {
    "x": 47.1,
    "y": 585.7
  },
  {
    "x": 48.9,
    "y": 586.6
  },
  {
    "x": 52.9,
    "y": 588.2
  },
  {
    "x": 53.1,
    "y": 588.8
  },
  {
    "x": 53.7,
    "y": 589.5
  },
  {
    "x": 57.7,
    "y": 591.5
  },
  {
    "x": 59.7,
    "y": 594.7
  },
  {
    "x": 60.7,
    "y": 595.4
  },
  {
    "x": 63.3,
    "y": 597.7
  },
  {
    "x": 66,
    "y": 604.7
  },
  {
    "x": 66.3,
    "y": 605.3
  },
  {
    "x": 67.1,
    "y": 606.6
  },
  {
    "x": 67.3,
    "y": 606.3
  },
  {
    "x": 68.2,
    "y": 606.4
  },
  {
    "x": 70.3,
    "y": 607.3
  },
  {
    "x": 71.4,
    "y": 607.3
  },
  {
    "x": 72.1,
    "y": 607.9
  },
  {
    "x": 73.1,
    "y": 608.1
  },
  {
    "x": 74,
    "y": 608.5
  },
  {
    "x": 74.8,
    "y": 608.8
  },
  {
    "x": 75,
    "y": 608.7
  },
  {
    "x": 75.8,
    "y": 608.8
  },
  {
    "x": 77.6,
    "y": 609
  },
  {
    "x": 78.2,
    "y": 609
  },
  {
    "x": 80.1,
    "y": 608.9
  },
  {
    "x": 81.7,
    "y": 608.9
  },
  {
    "x": 82.7,
    "y": 608.9
  },
  {
    "x": 85.2,
    "y": 609
  },
  {
    "x": 85.4,
    "y": 609
  },
  {
    "x": 85.7,
    "y": 609
  },
  {
    "x": 87.3,
    "y": 609.6
  },
  {
    "x": 87.9,
    "y": 609.5
  },
  {
    "x": 88.5,
    "y": 609.7
  },
  {
    "x": 91.2,
    "y": 610
  },
  {
    "x": 91.3,
    "y": 610
  },
  {
    "x": 91.3,
    "y": 610
  },
  {
    "x": 91.4,
    "y": 610
  },
  {
    "x": 91.6,
    "y": 610
  },
  {
    "x": 94.7,
    "y": 610.4
  },
  {
    "x": 94.9,
    "y": 610.4
  },
  {
    "x": 95.3,
    "y": 610.4
  },
  {
    "x": 97.1,
    "y": 610.4
  },
  {
    "x": 97.3,
    "y": 610.4
  },
  {
    "x": 97.4,
    "y": 610.2
  },
  {
    "x": 98.3,
    "y": 610.3
  },
  {
    "x": 99.4,
    "y": 610.4
  },
  {
    "x": 100.2,
    "y": 610.3
  },
  {
    "x": 100.5,
    "y": 610.3
  },
  {
    "x": 101.3,
    "y": 610.3
  },
  {
    "x": 101.6,
    "y": 610.4
  },
  {
    "x": 102,
    "y": 610.4
  },
  {
    "x": 103.6,
    "y": 610.3
  },
  {
    "x": 104.2,
    "y": 610.2
  },
  {
    "x": 105.4,
    "y": 610
  },
  {
    "x": 106.1,
    "y": 610.1
  },
  {
    "x": 107.9,
    "y": 610.5
  },
  {
    "x": 109.2,
    "y": 610.4
  },
  {
    "x": 110,
    "y": 610.4
  },
  {
    "x": 111.8,
    "y": 610.6
  },
  {
    "x": 112,
    "y": 610.6
  },
  {
    "x": 113.8,
    "y": 610.5
  },
  {
    "x": 114.8,
    "y": 610.5
  },
  {
    "x": 116.4,
    "y": 610.4
  },
  {
    "x": 117.4,
    "y": 610.4
  },
  {
    "x": 119.4,
    "y": 610.5
  },
  {
    "x": 120.1,
    "y": 610.5
  },
  {
    "x": 121.7,
    "y": 610.5
  },
  {
    "x": 122.9,
    "y": 610.6
  },
  {
    "x": 123.5,
    "y": 610.6
  },
  {
    "x": 125.9,
    "y": 610.7
  },
  {
    "x": 127.9,
    "y": 610.7
  },
  {
    "x": 128.8,
    "y": 610.8
  },
  {
    "x": 130.6,
    "y": 611
  },
  {
    "x": 131.6,
    "y": 611
  },
  {
    "x": 132,
    "y": 611
  },
  {
    "x": 134.2,
    "y": 611.1
  },
  {
    "x": 135.5,
    "y": 611.2
  },
  {
    "x": 136.8,
    "y": 611.2
  },
  {
    "x": 139.1,
    "y": 611.3
  },
  {
    "x": 139.4,
    "y": 611.3
  },
  {
    "x": 140.3,
    "y": 611.3
  },
  {
    "x": 142.1,
    "y": 611.4
  },
  {
    "x": 143.1,
    "y": 611.4
  },
  {
    "x": 145,
    "y": 611.4
  },
  {
    "x": 146.6,
    "y": 611.5
  },
  {
    "x": 148,
    "y": 611.6
  },
  {
    "x": 149.1,
    "y": 611.9
  },
  {
    "x": 150,
    "y": 611.8
  },
  {
    "x": 151.6,
    "y": 611.9
  },
  {
    "x": 152.1,
    "y": 611.9
  },
  {
    "x": 154.1,
    "y": 611.9
  },
  {
    "x": 154.2,
    "y": 611.9
  },
  {
    "x": 154.2,
    "y": 611.9
  },
  {
    "x": 157.9,
    "y": 611.4
  },
  {
    "x": 157.9,
    "y": 611.4
  },
  {
    "x": 158.1,
    "y": 611.4
  },
  {
    "x": 163,
    "y": 611.4
  },
  {
    "x": 164.8,
    "y": 611.4
  },
  {
    "x": 165.5,
    "y": 611.4
  },
  {
    "x": 167.4,
    "y": 611.4
  },
  {
    "x": 168,
    "y": 611.4
  },
  {
    "x": 168,
    "y": 611.4
  },
  {
    "x": 169.9,
    "y": 611.4
  },
  {
    "x": 170.7,
    "y": 611.5
  },
  {
    "x": 172,
    "y": 611.4
  },
  {
    "x": 173.2,
    "y": 611.4
  },
  {
    "x": 175.7,
    "y": 611.6
  },
  {
    "x": 176,
    "y": 611.6
  },
  {
    "x": 178.8,
    "y": 612.2
  },
  {
    "x": 179.9,
    "y": 612.3
  },
  {
    "x": 181.4,
    "y": 612.5
  },
  {
    "x": 182,
    "y": 612.5
  },
  {
    "x": 184.5,
    "y": 612.5
  },
  {
    "x": 187.4,
    "y": 612.1
  },
  {
    "x": 189.1,
    "y": 612.3
  },
  {
    "x": 189.6,
    "y": 611.9
  },
  {
    "x": 191.1,
    "y": 612
  },
  {
    "x": 193.5,
    "y": 611.8
  },
  {
    "x": 197.1,
    "y": 612.7
  },
  {
    "x": 199.3,
    "y": 612.4
  },
  {
    "x": 200.5,
    "y": 612
  },
  {
    "x": 202.7,
    "y": 612
  },
  {
    "x": 203,
    "y": 611.9
  },
  {
    "x": 203.7,
    "y": 611.8
  },
  {
    "x": 206.9,
    "y": 611.5
  },
  {
    "x": 209,
    "y": 611.4
  },
  {
    "x": 210.2,
    "y": 611.5
  },
  {
    "x": 212.6,
    "y": 611.8
  },
  {
    "x": 213,
    "y": 612.2
  }
]