[
  {
    "x": 0,
    "y": 577.1
  },
  {
    "x": 2,
    "y": 577.4
  },
  {
    "x": 2.1,
    "y": 577.5
  },
  {
    "x": 3.6,
    "y": 577.8
  },
  {
    "x": 4.3,
    "y": 577.8
  },
  {
    "x": 4.4,
    "y": 577.8
  },
  {
    "x": 6.5,
    "y": 577.9
  },
  {
    "x": 6.6,
    "y": 577.9
  },
  {
    "x": 6.8,
    "y": 577.9
  },
  {
    "x": 8.9,
    "y": 578.1
  },
  {
    "x": 10.7,
    "y": 578.2
  },
  {
    "x": 11.4,
    "y": 578.3
  },
  {
    "x": 11.6,
    "y": 578.4
  },
  {
    "x": 12.8,
    "y": 578.4
  },
  {
    "x": 13.5,
    "y": 578.4
  },
  {
    "x": 14,
    "y": 578.5
  },
  {
    "x": 15.8,
    "y": 578.7
  },
  {
    "x": 16.5,
    "y": 578.8
  },
  {
    "x": 18,
    "y": 579.1
  },
  {
    "x": 18.8,
    "y": 579.3
  },
  {
    "x": 20,
    "y": 579.4
  },
  {
    "x": 21.2,
    "y": 579.6
  },
  {
    "x": 23.2,
    "y": 579.9
  },
  {
    "x": 23.5,
    "y": 580
  },
  {
    "x": 24,
    "y": 580
  },
  {
    "x": 24.8,
    "y": 580.1
  },
  {
    "x": 25.2,
    "y": 580.1
  },
  {
    "x": 27.7,
    "y": 580.2
  },
  {
    "x": 28.5,
    "y": 580.3
  },
  {
    "x": 29.5,
    "y": 580.3
  },
  {
    "x": 30.8,
    "y": 580.5
  },
  {
    "x": 31.7,
    "y": 580.7
  },
  {
    "x": 33.2,
    "y": 581.1
  },
  {
    "x": 34,
    "y": 581.1
  },
  {
    "x": 35.5,
    "y": 582.1
  },
  {
    "x": 36.3,
    "y": 582.5
  },
  {
    "x": 36.9,
    "y": 583.2
  },
  {
    "x": 40.1,
    "y": 585.1
  },
  {
    "x": 40.6,
    "y": 585.7
  },
  {
    "x": 41.3,
    "y": 586.8
  },
  {
    "x": 44.9,
    "y": 589.2
  },
  {
    "x": 45.1,
    "y": 589.3
  },
  {
    "x": 45.6,
    "y": 590.3
  },
  {
    "x": 47.2,
    "y": 591.5
  },
  {
    "x": 47.8,
    "y": 591.7
  },
  {
    "x": 48.7,
    "y": 593.2
  },
  {
    "x": 50.5,
    "y": 594.8
  },
  {
    "x": 51.2,
    "y": 595
  },
  {
    "x": 51.9,
    "y": 595.4
  },
  {
    "x": 53.5,
    "y": 596.2
  },
  {
    "x": 53.8,
    "y": 596.3
  },
  {
    "x": 55.9,
    "y": 597.2
  },
  {
    "x": 56,
    "y": 597.2
  },
  {
    "x": 58.2,
    "y": 598.4
  },
  {
    "x": 58.3,
    "y": 598.5
  },
  {
    "x": 58.9,
    "y": 598.5
  },
  {
    "x": 60.5,
    "y": 599.4
  },
  {
    "x": 60.6,
    "y": 599.4
  },
  {
    "x": 62.7,
    "y": 600.3
  },
  {
    "x": 64.6,
    "y": 601.5
  },
  {
    "x": 64.9,
    "y": 601.3
  },
  {
    "x": 66.8,
    "y": 602.4
  },
  {
    "x": 67.1,
    "y": 602.3
  },
  {
    "x": 68.9,
    "y": 603.6
  },
  {
    "x": 69.7,
    "y": 603.7
  },
  {
    "x": 71.5,
    "y": 604.7
  },
  {
    "x": 72,
    "y": 604.8
  },
  {
    "x": 75.2,
    "y": 605.8
  },
  {
    "x": 75.8,
    "y": 606.4
  },
  {
    "x": 77.1,
    "y": 607.1
  },
  {
    "x": 78.1,
    "y": 607
  },
  {
    "x": 78.9,
    "y": 607.3
  },
  {
    "x": 81.5,
    "y": 608.4
  },
  {
    "x": 82.5,
    "y": 608.5
  },
  {
    "x": 83.9,
    "y": 608.9
  },
  {
    "x": 86.1,
    "y": 608.9
  },
  {
    "x": 87.1,
    "y": 609.1
  },
  {
    "x": 87.2,
    "y": 609.1
  },
  {
    "x": 89.2,
    "y": 609.5
  },
  {
    "x": 90.7,
    "y": 609.7
  },
  {
    "x": 91.5,
    "y": 610
  },
  {
    "x": 92.1,
    "y": 609.8
  },
  {
    "x": 93.7,
    "y": 610.8
  },
  {
    "x": 95.3,
    "y": 611.8
  },
  {
    "x": 95.8,
    "y": 611.9
  },
  {
    "x": 96.4,
    "y": 612
  },
  {
    "x": 97.2,
    "y": 613.2
  },
  {
    "x": 100.5,
    "y": 615
  },
  {
    "x": 102.2,
    "y": 615.2
  },
  {
    "x": 104.2,
    "y": 616.4
  },
  {
    "x": 104.5,
    "y": 616.5
  },
  {
    "x": 106.5,
    "y": 617.6
  },
  {
    "x": 106.6,
    "y": 617.6
  },
  {
    "x": 107,
    "y": 617.9
  },
  {
    "x": 109.5,
    "y": 618.8
  },
  {
    "x": 110.9,
    "y": 619.6
  },
  {
    "x": 111,
    "y": 619.7
  },
  {
    "x": 113.1,
    "y": 620.9
  },
  {
    "x": 113.2,
    "y": 620.9
  },
  {
    "x": 115.2,
    "y": 622.1
  },
  {
    "x": 115.4,
    "y": 622.2
  },
  {
    "x": 117.3,
    "y": 623.6
  },
  {
    "x": 117.6,
    "y": 623.6
  },
  {
    "x": 119.4,
    "y": 625.6
  },
  {
    "x": 119.7,
    "y": 626.3
  },
  {
    "x": 121.4,
    "y": 627.8
  },
  {
    "x": 121.8,
    "y": 627.8
  },
  {
    "x": 123.4,
    "y": 629.8
  },
  {
    "x": 125,
    "y": 631.3
  },
  {
    "x": 128.4,
    "y": 632.2
  },
  {
    "x": 132.7,
    "y": 633.3
  },
  {
    "x": 137,
    "y": 632.4
  },
  {
    "x": 147.2,
    "y": 627
  },
  {
    "x": 159.9,
    "y": 623.9
  },
  {
    "x": 163.2,
    "y": 623.7
  },
  {
    "x": 165.6,
    "y": 624.5
  },
  {
    "x": 166.8,
    "y": 624.5
  },
  {
    "x": 167.8,
    "y": 624.7
  },
  {
    "x": 168.6,
    "y": 624.8
  },
  {
    "x": 170.5,
    "y": 624.9
  },
  {
    "x": 173.1,
    "y": 624.8
  },
  {
    "x": 174.2,
    "y": 625
  },
  {
    "x": 175.6,
    "y": 625
  },
  {
    "x": 177.9,
    "y": 625
  },
  {
    "x": 179.7,
    "y": 625.2
  },
  {
    "x": 184.5,
    "y": 625.3
  },
  {
    "x": 199.7,
    "y": 624.5
  },
  {
    "x": 202,
    "y": 624.6
  },
  {
    "x": 202.6,
    "y": 624.6
  },
  {
    "x": 203.6,
    "y": 624.5
  },
  {
    "x": 210.2,
    "y": 627.2
  },
  {
    "x": 268.5,
    "y": 637
  },
  {
    "x": 275.3,
    "y": 638.4
  },
  {
    "x": 287.4,
    "y": 639.8
  },
  {
    "x": 288.7,
    "y": 639.8
  },
  {
    "x": 289.4,
    "y": 639.8
  },
  {
    "x": 290.2,
    "y": 639.8
  },
  {
    "x": 291,
    "y": 639.8
  },
  {
    "x": 292.7,
    "y": 639.9
  },
  {
    "x": 293.7,
    "y": 640
  },
  {
    "x": 295.1,
    "y": 640
  },
  {
    "x": 297.4,
    "y": 640.2
  },
  {
    "x": 303.9,
    "y": 640.3
  },
  {
    "x": 308.1,
    "y": 640.4
  }
]