[
  {
    "x": 0,
    "y": 577.7
  },
  {
    "x": 1.8,
    "y": 577.9
  },
  {
    "x": 2.8,
    "y": 578.2
  },
  {
    "x": 3,
    "y": 578.3
  },
  {
    "x": 5.5,
    "y": 578.6
  },
  {
    "x": 6.1,
    "y": 578.6
  },
  {
    "x": 8,
    "y": 578.8
  },
  {
    "x": 9,
    "y": 579
  },
  {
    "x": 10.7,
    "y": 579.3
  },
  {
    "x": 12.1,
    "y": 579.7
  },
  {
    "x": 13.3,
    "y": 579.7
  },
  {
    "x": 15,
    "y": 579.8
  },
  {
    "x": 15.8,
    "y": 579.8
  },
  {
    "x": 18,
    "y": 579.9
  },
  {
    "x": 18.3,
    "y": 579.9
  },
  {
    "x": 20.5,
    "y": 580
  },
  {
    "x": 20.9,
    "y": 580.1
  },
  {
    "x": 21,
    "y": 580.1
  },
  {
    "x": 23.7,
    "y": 580.3
  },
  {
    "x": 24.2,
    "y": 580.3
  },
  {
    "x": 26.5,
    "y": 580.5
  },
  {
    "x": 27.5,
    "y": 580.6
  },
  {
    "x": 29.5,
    "y": 581.4
  },
  {
    "x": 31,
    "y": 581.8
  },
  {
    "x": 32.5,
    "y": 582.6
  },
  {
    "x": 34.4,
    "y": 582.9
  },
  {
    "x": 35.2,
    "y": 583.1
  },
  {
    "x": 36.1,
    "y": 583.1
  },
  {
    "x": 38.1,
    "y": 583.1
  },
  {
    "x": 40.9,
    "y": 583.4
  },
  {
    "x": 40.9,
    "y": 583.4
  },
  {
    "x": 41.4,
    "y": 583.4
  },
  {
    "x": 43.7,
    "y": 583.1
  },
  {
    "x": 44.1,
    "y": 583.2
  },
  {
    "x": 46.5,
    "y": 583.3
  },
  {
    "x": 47.5,
    "y": 583.4
  },
  {
    "x": 49.4,
    "y": 583.6
  },
  {
    "x": 53.3,
    "y": 584.4
  },
  {
    "x": 55.5,
    "y": 585.4
  },
  {
    "x": 56.1,
    "y": 585.5
  },
  {
    "x": 58.7,
    "y": 587.3
  },
  {
    "x": 61,
    "y": 588
  },
  {
    "x": 66.1,
    "y": 593.8
  },
  {
    "x": 69.3,
    "y": 597.1
  },
  {
    "x": 70.2,
    "y": 597.2
  },
  {
    "x": 72.5,
    "y": 599.9
  },
  {
    "x": 74.4,
    "y": 600.9
  },
  {
    "x": 76.2,
    "y": 603.4
  },
  {
    "x": 77.9,
    "y": 604
  },
  {
    "x": 79.1,
    "y": 605.3
  },
  {
    "x": 81.5,
    "y": 606.9
  },
  {
    "x": 82.2,
    "y": 607.1
  },
  {
    "x": 85.1,
    "y": 609.2
  },
  {
    "x": 85.4,
    "y": 609.2
  },
  {
    "x": 87.3,
    "y": 610.1
  },
  {
    "x": 88.5,
    "y": 611.5
  },
  {
    "x": 88.6,
    "y": 611.6
  },
  {
    "x": 88.8,
    "y": 611.6
  },
  {
    "x": 92.3,
    "y": 613.7
  },
  {
    "x": 93.6,
    "y": 614.7
  },
  {
    "x": 97.7,
    "y": 617
  },
  {
    "x": 98.7,
    "y": 619
  },
  {
    "x": 104,
    "y": 621.8
  },
  {
    "x": 107,
    "y": 624.8
  },
  {
    "x": 108.9,
    "y": 626.2
  },
  {
    "x": 111.6,
    "y": 628.3
  },
  {
    "x": 114.5,
    "y": 630
  },
  {
    "x": 114.7,
    "y": 630.1
  },
  {
    "x": 117.2,
    "y": 631.3
  },
  {
    "x": 118.2,
    "y": 631.2
  },
  {
    "x": 121,
    "y": 632.1
  },
  {
    "x": 121.6,
    "y": 632.4
  },
  {
    "x": 123.6,
    "y": 635.2
  },
  {
    "x": 125.2,
    "y": 635.9
  },
  {
    "x": 126.7,
    "y": 636.4
  },
  {
    "x": 127.9,
    "y": 637.6
  },
  {
    "x": 129.8,
    "y": 638.7
  },
  {
    "x": 130.7,
    "y": 640.1
  },
  {
    "x": 132.9,
    "y": 641.7
  },
  {
    "x": 133.4,
    "y": 641.9
  },
  {
    "x": 136,
    "y": 642.8
  },
  {
    "x": 138.9,
    "y": 646.1
  },
  {
    "x": 139.4,
    "y": 646.2
  },
  {
    "x": 143.8,
    "y": 646.7
  },
  {
    "x": 145.2,
    "y": 646.5
  },
  {
    "x": 146.4,
    "y": 649.4
  },
  {
    "x": 155,
    "y": 647.7
  },
  {
    "x": 168.2,
    "y": 651.8
  },
  {
    "x": 178.2,
    "y": 649.6
  },
  {
    "x": 179.7,
    "y": 649.7
  },
  {
    "x": 196.2,
    "y": 651.3
  },
  {
    "x": 211.6,
    "y": 656.5
  },
  {
    "x": 226.4,
    "y": 661.6
  },
  {
    "x": 235.1,
    "y": 661.1
  }
]