[
  {
    "x": 0,
    "y": 576.9
  },
  {
    "x": 0,
    "y": 576.9
  },
  {
    "x": 2.6,
    "y": 577.2
  },
  {
    "x": 3.6,
    "y": 577.1
  },
  {
    "x": 5.5,
    "y": 577.3
  },
  {
    "x": 7.4,
    "y": 577.6
  },
  {
    "x": 8.2,
    "y": 577.7
  },
  {
    "x": 11,
    "y": 578
  },
  {
    "x": 11.1,
    "y": 578
  },
  {
    "x": 11.5,
    "y": 578.1
  },
  {
    "x": 13.8,
    "y": 578.4
  },
  {
    "x": 16.2,
    "y": 578.5
  },
  {
    "x": 16.3,
    "y": 578.5
  },
  {
    "x": 16.7,
    "y": 578.5
  },
  {
    "x": 17.4,
    "y": 578.6
  },
  {
    "x": 19.2,
    "y": 578.5
  },
  {
    "x": 20.3,
    "y": 578.6
  },
  {
    "x": 21.9,
    "y": 578.6
  },
  {
    "x": 22,
    "y": 578.6
  },
  {
    "x": 23.6,
    "y": 578.5
  },
  {
    "x": 24.9,
    "y": 578.4
  },
  {
    "x": 26,
    "y": 578.4
  },
  {
    "x": 27.7,
    "y": 578.4
  },
  {
    "x": 28.5,
    "y": 578.5
  },
  {
    "x": 30.5,
    "y": 578.6
  },
  {
    "x": 31,
    "y": 578.6
  },
  {
    "x": 33.3,
    "y": 578.8
  },
  {
    "x": 34.8,
    "y": 578.9
  },
  {
    "x": 36.1,
    "y": 579
  },
  {
    "x": 36.1,
    "y": 579
  },
  {
    "x": 36.3,
    "y": 579
  },
  {
    "x": 38.6,
    "y": 579.3
  },
  {
    "x": 38.9,
    "y": 579.3
  },
  {
    "x": 39.4,
    "y": 579.3
  },
  {
    "x": 41.1,
    "y": 579.6
  },
  {
    "x": 41.6,
    "y": 579.6
  },
  {
    "x": 42.8,
    "y": 579.7
  },
  {
    "x": 43.4,
    "y": 579.7
  },
  {
    "x": 44.3,
    "y": 579.8
  },
  {
    "x": 45.5,
    "y": 579.8
  },
  {
    "x": 46.4,
    "y": 579.8
  },
  {
    "x": 47,
    "y": 579.9
  },
  {
    "x": 49.5,
    "y": 580.8
  },
  {
    "x": 50.8,
    "y": 581.3
  },
  {
    "x": 53.3,
    "y": 581.6
  },
  {
    "x": 54.8,
    "y": 581.5
  },
  {
    "x": 55.3,
    "y": 581.5
  },
  {
    "x": 55.5,
    "y": 581.5
  },
  {
    "x": 55.9,
    "y": 581.5
  },
  {
    "x": 57.7,
    "y": 581.6
  },
  {
    "x": 58.3,
    "y": 581.6
  },
  {
    "x": 58.6,
    "y": 581.6
  },
  {
    "x": 60.1,
    "y": 581.7
  },
  {
    "x": 61,
    "y": 581.8
  },
  {
    "x": 62.5,
    "y": 581.9
  },
  {
    "x": 63.8,
    "y": 582
  },
  {
    "x": 64.4,
    "y": 582.1
  },
  {
    "x": 65.6,
    "y": 582.3
  },
  {
    "x": 66.1,
    "y": 582.3
  },
  {
    "x": 66.6,
    "y": 582.4
  },
  {
    "x": 67.8,
    "y": 582.5
  },
  {
    "x": 72.1,
    "y": 584
  },
  {
    "x": 72.4,
    "y": 584.2
  },
  {
    "x": 72.5,
    "y": 584.3
  },
  {
    "x": 74.2,
    "y": 584.9
  },
  {
    "x": 74.4,
    "y": 584.7
  },
  {
    "x": 76.8,
    "y": 585.4
  },
  {
    "x": 80.1,
    "y": 586
  },
  {
    "x": 80.6,
    "y": 586.3
  },
  {
    "x": 81,
    "y": 586.3
  },
  {
    "x": 81.5,
    "y": 586.4
  },
  {
    "x": 83.2,
    "y": 587.1
  },
  {
    "x": 84.1,
    "y": 587.4
  },
  {
    "x": 89,
    "y": 588.8
  },
  {
    "x": 90,
    "y": 589
  },
  {
    "x": 90.4,
    "y": 589.2
  },
  {
    "x": 91.7,
    "y": 590.4
  },
  {
    "x": 93.2,
    "y": 590.4
  },
  {
    "x": 98.7,
    "y": 596
  },
  {
    "x": 100.1,
    "y": 596.9
  },
  {
    "x": 102.9,
    "y": 599
  },
  {
    "x": 104.2,
    "y": 599
  },
  {
    "x": 107.6,
    "y": 601.9
  },
  {
    "x": 112.7,
    "y": 608.1
  },
  {
    "x": 115.2,
    "y": 607.3
  },
  {
    "x": 117.7,
    "y": 610.4
  },
  {
    "x": 118.3,
    "y": 611
  },
  {
    "x": 120.2,
    "y": 612.1
  },
  {
    "x": 120.5,
    "y": 612.5
  },
  {
    "x": 122.6,
    "y": 614
  },
  {
    "x": 123.2,
    "y": 614.1
  },
  {
    "x": 124.9,
    "y": 615.9
  },
  {
    "x": 126.2,
    "y": 616
  },
  {
    "x": 127.2,
    "y": 617.5
  },
  {
    "x": 129.3,
    "y": 619.1
  },
  {
    "x": 129.6,
    "y": 619.1
  },
  {
    "x": 130.5,
    "y": 620.3
  },
  {
    "x": 131.7,
    "y": 620.8
  },
  {
    "x": 132.6,
    "y": 621
  },
  {
    "x": 134.1,
    "y": 623
  },
  {
    "x": 135.4,
    "y": 623.3
  },
  {
    "x": 136.2,
    "y": 624.3
  },
  {
    "x": 137.2,
    "y": 625.4
  },
  {
    "x": 137.7,
    "y": 624.9
  },
  {
    "x": 140.7,
    "y": 627.1
  },
  {
    "x": 141.1,
    "y": 627.5
  },
  {
    "x": 142.1,
    "y": 627.7
  },
  {
    "x": 143.2,
    "y": 629
  },
  {
    "x": 143.9,
    "y": 629.2
  },
  {
    "x": 144,
    "y": 629.3
  },
  {
    "x": 145.8,
    "y": 630.2
  },
  {
    "x": 146.8,
    "y": 630.7
  },
  {
    "x": 147.3,
    "y": 630.8
  },
  {
    "x": 149.1,
    "y": 632.4
  },
  {
    "x": 150.7,
    "y": 633.9
  },
  {
    "x": 152.6,
    "y": 635.5
  },
  {
    "x": 153.1,
    "y": 636.2
  },
  {
    "x": 153.2,
    "y": 636.2
  },
  {
    "x": 155.3,
    "y": 638.3
  },
  {
    "x": 156.1,
    "y": 638.1
  },
  {
    "x": 157.1,
    "y": 639.2
  },
  {
    "x": 157.6,
    "y": 640.4
  },
  {
    "x": 158.5,
    "y": 641.1
  },
  {
    "x": 159.2,
    "y": 641.9
  },
  {
    "x": 168.8,
    "y": 645.9
  },
  {
    "x": 180.1,
    "y": 659.2
  },
  {
    "x": 181.4,
    "y": 660.3
  },
  {
    "x": 182.8,
    "y": 661.5
  },
  {
    "x": 184.3,
    "y": 661.6
  },
  {
    "x": 185.6,
    "y": 662.3
  },
  {
    "x": 186.1,
    "y": 663
  },
  {
    "x": 186.7,
    "y": 663.2
  },
  {
    "x": 187.6,
    "y": 664.6
  },
  {
    "x": 190.1,
    "y": 666.5
  },
  {
    "x": 190.9,
    "y": 666.6
  },
  {
    "x": 192.7,
    "y": 668.6
  },
  {
    "x": 192.8,
    "y": 668.6
  },
  {
    "x": 193.4,
    "y": 668.7
  },
  {
    "x": 200,
    "y": 672.9
  },
  {
    "x": 202.1,
    "y": 675.4
  },
  {
    "x": 207.4,
    "y": 679.2
  },
  {
    "x": 208.3,
    "y": 679.3
  },
  {
    "x": 210,
    "y": 679.8
  },
  {
    "x": 210.7,
    "y": 681.1
  },
  {
    "x": 211.9,
    "y": 681
  },
  {
    "x": 214.7,
    "y": 684.2
  },
  {
    "x": 215.3,
    "y": 684.8
  },
  {
    "x": 219.3,
    "y": 685.9
  },
  {
    "x": 225.9,
    "y": 692.7
  },
  {
    "x": 230.6,
    "y": 692.8
  },
  {
    "x": 237.2,
    "y": 693.1
  },
  {
    "x": 241.5,
    "y": 693
  },
  {
    "x": 241.9,
    "y": 692.9
  },
  {
    "x": 242.4,
    "y": 693
  },
  {
    "x": 242.6,
    "y": 692.9
  },
  {
    "x": 244.5,
    "y": 693.1
  },
  {
    "x": 246.5,
    "y": 693
  },
  {
    "x": 247.1,
    "y": 693
  },
  {
    "x": 247.3,
    "y": 693
  },
  {
    "x": 250.2,
    "y": 693.2
  },
  {
    "x": 255.6,
    "y": 693.2
  },
  {
    "x": 258.8,
    "y": 693.3
  },
  {
    "x": 260.9,
    "y": 693.3
  },
  {
    "x": 261.1,
    "y": 693.3
  }
]