[
  {
    "x": 0,
    "y": 578.2
  },
  {
    "x": 0.4,
    "y": 578.2
  },
  {
    "x": 2,
    "y": 578.4
  },
  {
    "x": 3.9,
    "y": 578.5
  },
  {
    "x": 4.4,
    "y": 578.6
  },
  {
    "x": 6.6,
    "y": 578.9
  },
  {
    "x": 7.2,
    "y": 579
  },
  {
    "x": 7.3,
    "y": 579.1
  },
  {
    "x": 7.4,
    "y": 579.1
  },
  {
    "x": 9.9,
    "y": 579.1
  },
  {
    "x": 10.7,
    "y": 579.1
  },
  {
    "x": 12.7,
    "y": 579.5
  },
  {
    "x": 14.1,
    "y": 579.5
  },
  {
    "x": 15.5,
    "y": 579.9
  },
  {
    "x": 17.4,
    "y": 580
  },
  {
    "x": 18.2,
    "y": 580.1
  },
  {
    "x": 20.6,
    "y": 580.2
  },
  {
    "x": 20.8,
    "y": 580.2
  },
  {
    "x": 21.9,
    "y": 580.2
  },
  {
    "x": 23.5,
    "y": 580.3
  },
  {
    "x": 24,
    "y": 580.4
  },
  {
    "x": 26.3,
    "y": 580.6
  },
  {
    "x": 27.5,
    "y": 580.6
  },
  {
    "x": 29.2,
    "y": 581
  },
  {
    "x": 31.2,
    "y": 581.4
  },
  {
    "x": 32,
    "y": 581.6
  },
  {
    "x": 34.6,
    "y": 581.6
  },
  {
    "x": 34.7,
    "y": 581.7
  },
  {
    "x": 35.2,
    "y": 581.7
  },
  {
    "x": 37.4,
    "y": 581.7
  },
  {
    "x": 38,
    "y": 581.7
  },
  {
    "x": 40.2,
    "y": 582
  },
  {
    "x": 41.7,
    "y": 582.1
  },
  {
    "x": 43,
    "y": 582.4
  },
  {
    "x": 45.1,
    "y": 582.7
  },
  {
    "x": 45.9,
    "y": 582.9
  },
  {
    "x": 48.9,
    "y": 584.2
  },
  {
    "x": 49,
    "y": 584.2
  },
  {
    "x": 50.2,
    "y": 584.8
  },
  {
    "x": 50.5,
    "y": 585.1
  },
  {
    "x": 54.5,
    "y": 587.4
  },
  {
    "x": 56,
    "y": 589.2
  },
  {
    "x": 57.8,
    "y": 589.9
  },
  {
    "x": 57.9,
    "y": 590
  },
  {
    "x": 58,
    "y": 590
  },
  {
    "x": 59.7,
    "y": 590.6
  },
  {
    "x": 61.1,
    "y": 591.1
  },
  {
    "x": 61.9,
    "y": 591.3
  },
  {
    "x": 62.7,
    "y": 591.4
  },
  {
    "x": 64.1,
    "y": 592.3
  },
  {
    "x": 65,
    "y": 592.8
  },
  {
    "x": 66.2,
    "y": 593.2
  },
  {
    "x": 68.2,
    "y": 594.4
  },
  {
    "x": 70.6,
    "y": 595.4
  },
  {
    "x": 71.4,
    "y": 596.1
  },
  {
    "x": 71.9,
    "y": 596.2
  },
  {
    "x": 72.5,
    "y": 596.4
  },
  {
    "x": 74.4,
    "y": 597.3
  },
  {
    "x": 76,
    "y": 598.6
  },
  {
    "x": 76.4,
    "y": 598.5
  },
  {
    "x": 77.2,
    "y": 598.9
  },
  {
    "x": 77.7,
    "y": 599.2
  },
  {
    "x": 77.7,
    "y": 599.1
  },
  {
    "x": 78.3,
    "y": 599.2
  },
  {
    "x": 80.8,
    "y": 600.7
  },
  {
    "x": 81.2,
    "y": 600.8
  },
  {
    "x": 82.9,
    "y": 601.8
  },
  {
    "x": 83.6,
    "y": 601.9
  },
  {
    "x": 84.1,
    "y": 602.1
  },
  {
    "x": 85.8,
    "y": 603.5
  },
  {
    "x": 87.4,
    "y": 604
  },
  {
    "x": 89.7,
    "y": 605
  },
  {
    "x": 90.1,
    "y": 605
  },
  {
    "x": 90.4,
    "y": 605
  },
  {
    "x": 93.2,
    "y": 606.6
  },
  {
    "x": 94.9,
    "y": 607.7
  },
  {
    "x": 95.9,
    "y": 607.9
  },
  {
    "x": 97.3,
    "y": 608.4
  },
  {
    "x": 97.8,
    "y": 608.8
  },
  {
    "x": 98.1,
    "y": 609.2
  },
  {
    "x": 99.2,
    "y": 609.5
  },
  {
    "x": 100.4,
    "y": 610.3
  },
  {
    "x": 102.6,
    "y": 610.9
  },
  {
    "x": 102.8,
    "y": 611
  },
  {
    "x": 103.6,
    "y": 611.1
  },
  {
    "x": 105.9,
    "y": 612.5
  },
  {
    "x": 107,
    "y": 612.9
  },
  {
    "x": 107,
    "y": 613
  },
  {
    "x": 107.3,
    "y": 613
  },
  {
    "x": 109,
    "y": 613.8
  },
  {
    "x": 110.8,
    "y": 614.4
  },
  {
    "x": 111.2,
    "y": 614.5
  },
  {
    "x": 112.8,
    "y": 615.1
  },
  {
    "x": 114.3,
    "y": 616.1
  },
  {
    "x": 115.9,
    "y": 616.3
  },
  {
    "x": 118.1,
    "y": 616.7
  },
  {
    "x": 119.7,
    "y": 616.9
  },
  {
    "x": 122.2,
    "y": 617
  },
  {
    "x": 124.7,
    "y": 616.8
  },
  {
    "x": 125.3,
    "y": 616.8
  },
  {
    "x": 127.1,
    "y": 617
  },
  {
    "x": 128.2,
    "y": 616.8
  },
  {
    "x": 129.5,
    "y": 616.7
  },
  {
    "x": 131.1,
    "y": 616.8
  },
  {
    "x": 131.8,
    "y": 616.8
  },
  {
    "x": 134,
    "y": 616.6
  },
  {
    "x": 134.2,
    "y": 616.7
  },
  {
    "x": 135.6,
    "y": 616.7
  },
  {
    "x": 138.7,
    "y": 616.6
  },
  {
    "x": 139.2,
    "y": 616.5
  },
  {
    "x": 140.9,
    "y": 616.4
  },
  {
    "x": 141.8,
    "y": 616.3
  },
  {
    "x": 143.2,
    "y": 616.4
  },
  {
    "x": 144.5,
    "y": 616.4
  },
  {
    "x": 145.3,
    "y": 616.3
  },
  {
    "x": 147,
    "y": 616.4
  },
  {
    "x": 147.6,
    "y": 616.4
  },
  {
    "x": 149.6,
    "y": 616.4
  },
  {
    "x": 149.7,
    "y": 616.4
  },
  {
    "x": 152.1,
    "y": 616.2
  },
  {
    "x": 154,
    "y": 616.3
  },
  {
    "x": 155.1,
    "y": 616.2
  },
  {
    "x": 156.1,
    "y": 616.3
  },
  {
    "x": 157.1,
    "y": 616.4
  },
  {
    "x": 158.6,
    "y": 616.5
  },
  {
    "x": 159.9,
    "y": 616.5
  },
  {
    "x": 160.8,
    "y": 616.5
  },
  {
    "x": 162.7,
    "y": 616.6
  },
  {
    "x": 166.4,
    "y": 616.3
  },
  {
    "x": 168.8,
    "y": 616.2
  },
  {
    "x": 170.1,
    "y": 616.2
  },
  {
    "x": 172.1,
    "y": 616.2
  },
  {
    "x": 173.8,
    "y": 616.3
  },
  {
    "x": 174.6,
    "y": 616.3
  },
  {
    "x": 176.1,
    "y": 616.4
  },
  {
    "x": 177.2,
    "y": 616.5
  },
  {
    "x": 178.5,
    "y": 616.6
  },
  {
    "x": 179.6,
    "y": 616.7
  },
  {
    "x": 182.1,
    "y": 616.5
  },
  {
    "x": 183,
    "y": 616.5
  },
  {
    "x": 184.9,
    "y": 616.6
  },
  {
    "x": 187.5,
    "y": 616.6
  },
  {
    "x": 189.3,
    "y": 616.6
  },
  {
    "x": 190.3,
    "y": 616.7
  },
  {
    "x": 191.5,
    "y": 616.7
  },
  {
    "x": 193,
    "y": 616.8
  },
  {
    "x": 196.3,
    "y": 617.1
  },
  {
    "x": 197.8,
    "y": 616.9
  },
  {
    "x": 199.1,
    "y": 617
  },
  {
    "x": 200.2,
    "y": 617
  },
  {
    "x": 204.5,
    "y": 617.3
  },
  {
    "x": 205.1,
    "y": 617.2
  },
  {
    "x": 205.3,
    "y": 617.3
  },
  {
    "x": 205.4,
    "y": 617.3
  },
  {
    "x": 206.7,
    "y": 617.3
  },
  {
    "x": 207.8,
    "y": 617.3
  },
  {
    "x": 208.1,
    "y": 617.3
  },
  {
    "x": 211.6,
    "y": 617.3
  },
  {
    "x": 212.9,
    "y": 617.3
  },
  {
    "x": 215,
    "y": 617.3
  },
  {
    "x": 216.8,
    "y": 617.3
  },
  {
    "x": 217.5,
    "y": 617.3
  },
  {
    "x": 219.6,
    "y": 617.1
  },
  {
    "x": 219.8,
    "y": 617.1
  },
  {
    "x": 220,
    "y": 617.1
  },
  {
    "x": 220.8,
    "y": 617.1
  },
  {
    "x": 222.2,
    "y": 617
  },
  {
    "x": 222.5,
    "y": 617.1
  },
  {
    "x": 224.7,
    "y": 617.1
  },
  {
    "x": 225.4,
    "y": 617.1
  },
  {
    "x": 227,
    "y": 617
  },
  {
    "x": 228.2,
    "y": 617
  },
  {
    "x": 229.5,
    "y": 617.1
  },
  {
    "x": 231.1,
    "y": 617.1
  },
  {
    "x": 231.9,
    "y": 617.1
  },
  {
    "x": 234,
    "y": 617.2
  },
  {
    "x": 234.4,
    "y": 617.2
  },
  {
    "x": 236.5,
    "y": 617.3
  },
  {
    "x": 236.8,
    "y": 617.3
  },
  {
    "x": 236.8,
    "y": 617.3
  },
  {
    "x": 238.9,
    "y": 617.3
  },
  {
    "x": 239.3,
    "y": 617.3
  },
  {
    "x": 241,
    "y": 617.3
  },
  {
    "x": 241.8,
    "y": 617.3
  },
  {
    "x": 243.1,
    "y": 617.3
  },
  {
    "x": 244.4,
    "y": 617.4
  },
  {
    "x": 245.3,
    "y": 617.4
  },
  {
    "x": 246.9,
    "y": 617.4
  },
  {
    "x": 247.4,
    "y": 617.5
  },
  {
    "x": 249.4,
    "y": 617.4
  },
  {
    "x": 249.6,
    "y": 617.5
  },
  {
    "x": 250.3,
    "y": 617.5
  },
  {
    "x": 251.7,
    "y": 617.5
  },
  {
    "x": 251.8,
    "y": 617.5
  },
  {
    "x": 251.8,
    "y": 617.5
  },
  {
    "x": 251.8,
    "y": 617.5
  }
]