[
  {
    "x": 0,
    "y": 578.3
  },
  {
    "x": 2.9,
    "y": 578.7
  },
  {
    "x": 3.4,
    "y": 578.7
  },
  {
    "x": 3.5,
    "y": 578.8
  },
  {
    "x": 5.7,
    "y": 579.4
  },
  {
    "x": 11.5,
    "y": 579.9
  },
  {
    "x": 12.5,
    "y": 580.2
  },
  {
    "x": 12.8,
    "y": 580.3
  },
  {
    "x": 13.1,
    "y": 580.2
  },
  {
    "x": 17.9,
    "y": 581.2
  },
  {
    "x": 19.5,
    "y": 580.1
  },
  {
    "x": 24.4,
    "y": 583.4
  },
  {
    "x": 26.6,
    "y": 583.8
  },
  {
    "x": 29.7,
    "y": 584.8
  },
  {
    "x": 35.5,
    "y": 584.2
  },
  {
    "x": 38.5,
    "y": 587.4
  },
  {
    "x": 40.8,
    "y": 585.5
  },
  {
    "x": 44.7,
    "y": 587
  },
  {
    "x": 48.5,
    "y": 591.2
  },
  {
    "x": 50.7,
    "y": 592.7
  },
  {
    "x": 51.5,
    "y": 592.7
  },
  {
    "x": 54.9,
    "y": 594.7
  },
  {
    "x": 55.9,
    "y": 595.5
  },
  {
    "x": 57.1,
    "y": 595.7
  },
  {
    "x": 57.5,
    "y": 595.9
  },
  {
    "x": 59.5,
    "y": 596.4
  },
  {
    "x": 59.7,
    "y": 596.6
  },
  {
    "x": 59.8,
    "y": 596.6
  },
  {
    "x": 62,
    "y": 597.9
  },
  {
    "x": 64.8,
    "y": 598.7
  },
  {
    "x": 65,
    "y": 598.9
  },
  {
    "x": 65.2,
    "y": 598.9
  },
  {
    "x": 67.5,
    "y": 599.9
  },
  {
    "x": 68.3,
    "y": 600.2
  },
  {
    "x": 68.7,
    "y": 600.2
  },
  {
    "x": 70.8,
    "y": 601.7
  },
  {
    "x": 71.9,
    "y": 601.8
  },
  {
    "x": 72.9,
    "y": 602
  },
  {
    "x": 75.1,
    "y": 603.1
  },
  {
    "x": 77.3,
    "y": 603.8
  },
  {
    "x": 78.2,
    "y": 604.5
  },
  {
    "x": 78.8,
    "y": 604.6
  },
  {
    "x": 80.7,
    "y": 605.3
  },
  {
    "x": 82.7,
    "y": 605.6
  },
  {
    "x": 84.3,
    "y": 606.6
  },
  {
    "x": 86.9,
    "y": 607.3
  },
  {
    "x": 87.4,
    "y": 607.7
  },
  {
    "x": 87.7,
    "y": 607.7
  },
  {
    "x": 88.7,
    "y": 608.5
  },
  {
    "x": 90.3,
    "y": 608.8
  },
  {
    "x": 91.5,
    "y": 609
  },
  {
    "x": 93,
    "y": 609.9
  },
  {
    "x": 95.2,
    "y": 610.3
  },
  {
    "x": 95.6,
    "y": 610.6
  },
  {
    "x": 95.9,
    "y": 610.7
  },
  {
    "x": 96.6,
    "y": 610.6
  },
  {
    "x": 98.9,
    "y": 611.3
  },
  {
    "x": 99.7,
    "y": 611.3
  },
  {
    "x": 101.1,
    "y": 612
  },
  {
    "x": 102,
    "y": 612.2
  },
  {
    "x": 102.6,
    "y": 612.5
  },
  {
    "x": 105.3,
    "y": 612.6
  },
  {
    "x": 106.4,
    "y": 613
  },
  {
    "x": 106.6,
    "y": 613.1
  },
  {
    "x": 106.9,
    "y": 613.1
  },
  {
    "x": 112.8,
    "y": 614.8
  },
  {
    "x": 113.5,
    "y": 614.9
  },
  {
    "x": 115.1,
    "y": 615.5
  },
  {
    "x": 116.1,
    "y": 615.5
  },
  {
    "x": 117.4,
    "y": 616.2
  },
  {
    "x": 119.7,
    "y": 617
  },
  {
    "x": 121.7,
    "y": 617.1
  },
  {
    "x": 123.1,
    "y": 617.2
  },
  {
    "x": 123.9,
    "y": 617.8
  },
  {
    "x": 125.2,
    "y": 618.1
  },
  {
    "x": 126.4,
    "y": 618.7
  },
  {
    "x": 127.1,
    "y": 618.7
  },
  {
    "x": 128.9,
    "y": 619.2
  },
  {
    "x": 131,
    "y": 619.5
  },
  {
    "x": 131.3,
    "y": 619.7
  },
  {
    "x": 131.8,
    "y": 619.7
  },
  {
    "x": 133.5,
    "y": 620.4
  },
  {
    "x": 134.5,
    "y": 620.8
  },
  {
    "x": 136.9,
    "y": 620.9
  },
  {
    "x": 137.4,
    "y": 621.2
  },
  {
    "x": 137.5,
    "y": 621.2
  },
  {
    "x": 140.9,
    "y": 622.4
  },
  {
    "x": 141.9,
    "y": 622.4
  },
  {
    "x": 143.7,
    "y": 623
  },
  {
    "x": 144.2,
    "y": 623.1
  },
  {
    "x": 144.6,
    "y": 623
  },
  {
    "x": 148,
    "y": 623.9
  },
  {
    "x": 150.1,
    "y": 624.8
  },
  {
    "x": 150.3,
    "y": 624.8
  },
  {
    "x": 152.6,
    "y": 625.3
  },
  {
    "x": 153.3,
    "y": 625
  },
  {
    "x": 157,
    "y": 626.9
  },
  {
    "x": 157.2,
    "y": 626.9
  },
  {
    "x": 158,
    "y": 627.2
  },
  {
    "x": 160.2,
    "y": 627.3
  },
  {
    "x": 160.9,
    "y": 627.5
  },
  {
    "x": 162.4,
    "y": 628.2
  },
  {
    "x": 166.5,
    "y": 628.9
  },
  {
    "x": 167.3,
    "y": 629.2
  },
  {
    "x": 169.1,
    "y": 629.6
  },
  {
    "x": 169.6,
    "y": 629.8
  },
  {
    "x": 169.9,
    "y": 630
  },
  {
    "x": 171.9,
    "y": 630.3
  },
  {
    "x": 173.7,
    "y": 631.2
  },
  {
    "x": 175.1,
    "y": 631.6
  },
  {
    "x": 177.3,
    "y": 631.9
  },
  {
    "x": 178.6,
    "y": 632.2
  },
  {
    "x": 180.6,
    "y": 632.7
  },
  {
    "x": 180.7,
    "y": 632.7
  },
  {
    "x": 180.9,
    "y": 632.7
  },
  {
    "x": 183,
    "y": 633.3
  },
  {
    "x": 184,
    "y": 633.5
  },
  {
    "x": 185.3,
    "y": 633.6
  },
  {
    "x": 187.7,
    "y": 634.1
  },
  {
    "x": 189.8,
    "y": 634.8
  },
  {
    "x": 191.1,
    "y": 635
  },
  {
    "x": 192.1,
    "y": 635.5
  },
  {
    "x": 193.7,
    "y": 635.8
  },
  {
    "x": 194.3,
    "y": 636
  },
  {
    "x": 194.8,
    "y": 636.4
  },
  {
    "x": 196.6,
    "y": 636.6
  },
  {
    "x": 199.4,
    "y": 636.9
  },
  {
    "x": 201.2,
    "y": 638.4
  },
  {
    "x": 203,
    "y": 638.8
  },
  {
    "x": 204.6,
    "y": 639.1
  },
  {
    "x": 206.1,
    "y": 639.3
  },
  {
    "x": 207.4,
    "y": 640
  },
  {
    "x": 208.4,
    "y": 640
  },
  {
    "x": 209.8,
    "y": 640.4
  },
  {
    "x": 212,
    "y": 641
  },
  {
    "x": 212.5,
    "y": 641.3
  },
  {
    "x": 214.3,
    "y": 641.7
  },
  {
    "x": 215.6,
    "y": 642.1
  },
  {
    "x": 216.4,
    "y": 642.5
  },
  {
    "x": 217.7,
    "y": 643.2
  },
  {
    "x": 218.5,
    "y": 643.3
  },
  {
    "x": 219,
    "y": 643.3
  },
  {
    "x": 220.8,
    "y": 644
  },
  {
    "x": 222.4,
    "y": 644.6
  },
  {
    "x": 224.4,
    "y": 644.6
  },
  {
    "x": 226.9,
    "y": 646
  },
  {
    "x": 228.2,
    "y": 646.4
  },
  {
    "x": 230.1,
    "y": 646.4
  },
  {
    "x": 231.2,
    "y": 646.9
  },
  {
    "x": 232,
    "y": 647
  },
  {
    "x": 232.5,
    "y": 647.4
  },
  {
    "x": 234.8,
    "y": 648
  },
  {
    "x": 235.3,
    "y": 648.6
  },
  {
    "x": 236,
    "y": 648.6
  },
  {
    "x": 240,
    "y": 649.6
  },
  {
    "x": 242,
    "y": 649.8
  },
  {
    "x": 242.2,
    "y": 649.9
  },
  {
    "x": 242.5,
    "y": 650
  },
  {
    "x": 244.8,
    "y": 650.3
  },
  {
    "x": 246.1,
    "y": 651
  },
  {
    "x": 248.4,
    "y": 651.4
  },
  {
    "x": 250.3,
    "y": 652.7
  },
  {
    "x": 254,
    "y": 653.8
  },
  {
    "x": 254,
    "y": 653.8
  },
  {
    "x": 254,
    "y": 653.8
  },
  {
    "x": 256.2,
    "y": 654.2
  },
  {
    "x": 260.4,
    "y": 654.3
  },
  {
    "x": 260.5,
    "y": 654.3
  },
  {
    "x": 260.5,
    "y": 654.3
  },
  {
    "x": 260.5,
    "y": 654.3
  },
  {
    "x": 263.7,
    "y": 654.9
  },
  {
    "x": 265.5,
    "y": 655.3
  },
  {
    "x": 266,
    "y": 655.3
  },
  {
    "x": 266.6,
    "y": 655.3
  },
  {
    "x": 270.3,
    "y": 655.4
  },
  {
    "x": 272.4,
    "y": 655.8
  },
  {
    "x": 272.6,
    "y": 655.9
  },
  {
    "x": 272.8,
    "y": 655.9
  },
  {
    "x": 275.5,
    "y": 655.8
  },
  {
    "x": 276.5,
    "y": 655.8
  },
  {
    "x": 279,
    "y": 656.1
  },
  {
    "x": 280.6,
    "y": 656.2
  },
  {
    "x": 281.8,
    "y": 656.5
  },
  {
    "x": 283,
    "y": 656.6
  },
  {
    "x": 284.8,
    "y": 656.7
  },
  {
    "x": 285.2,
    "y": 656.7
  },
  {
    "x": 285.4,
    "y": 656.7
  },
  {
    "x": 286,
    "y": 656.7
  },
  {
    "x": 288.1,
    "y": 656.6
  },
  {
    "x": 289.1,
    "y": 656.6
  },
  {
    "x": 290.7,
    "y": 656.6
  },
  {
    "x": 291.2,
    "y": 656.6
  },
  {
    "x": 291.3,
    "y": 656.6
  },
  {
    "x": 292.1,
    "y": 656.6
  },
  {
    "x": 294.7,
    "y": 656.7
  },
  {
    "x": 295.5,
    "y": 656.8
  },
  {
    "x": 297.3,
    "y": 656.8
  },
  {
    "x": 297.6,
    "y": 656.8
  },
  {
    "x": 298.2,
    "y": 657
  },
  {
    "x": 300.4,
    "y": 657.2
  },
  {
    "x": 303.2,
    "y": 657.4
  },
  {
    "x": 305.1,
    "y": 657.6
  },
  {
    "x": 306.1,
    "y": 657.8
  },
  {
    "x": 307.8,
    "y": 657.8
  },
  {
    "x": 311.9,
    "y": 657.8
  },
  {
    "x": 313.9,
    "y": 657.8
  },
  {
    "x": 314.4,
    "y": 657.8
  },
  {
    "x": 315.5,
    "y": 657.9
  },
  {
    "x": 316.6,
    "y": 658.4
  },
  {
    "x": 317.2,
    "y": 658.3
  },
  {
    "x": 318.7,
    "y": 658.3
  },
  {
    "x": 319.6,
    "y": 658.5
  },
  {
    "x": 321.8,
    "y": 659
  },
  {
    "x": 323.3,
    "y": 659.3
  },
  {
    "x": 326.7,
    "y": 660
  },
  {
    "x": 327,
    "y": 660
  },
  {
    "x": 327,
    "y": 660
  },
  {
    "x": 327.2,
    "y": 660
  },
  {
    "x": 329,
    "y": 660
  },
  {
    "x": 331.6,
    "y": 660.2
  },
  {
    "x": 332.5,
    "y": 660.4
  },
  {
    "x": 332.7,
    "y": 660.6
  },
  {
    "x": 333.6,
    "y": 660.9
  },
  {
    "x": 335.3,
    "y": 661.2
  },
  {
    "x": 336.6,
    "y": 661.7
  },
  {
    "x": 337.8,
    "y": 661.6
  },
  {
    "x": 338.3,
    "y": 661.8
  },
  {
    "x": 339.6,
    "y": 662.1
  },
  {
    "x": 340.4,
    "y": 662.5
  },
  {
    "x": 341.7,
    "y": 662.8
  },
  {
    "x": 345.2,
    "y": 663.6
  },
  {
    "x": 347.3,
    "y": 663.7
  },
  {
    "x": 348.6,
    "y": 663.8
  },
  {
    "x": 350,
    "y": 663.6
  },
  {
    "x": 352.3,
    "y": 663.9
  },
  {
    "x": 352.6,
    "y": 663.9
  },
  {
    "x": 354.3,
    "y": 664.3
  },
  {
    "x": 355.4,
    "y": 664.3
  },
  {
    "x": 356.5,
    "y": 664.2
  },
  {
    "x": 357.7,
    "y": 664.3
  },
  {
    "x": 359.8,
    "y": 664.3
  },
  {
    "x": 360.7,
    "y": 664.2
  },
  {
    "x": 361.6,
    "y": 664.2
  },
  {
    "x": 363.5,
    "y": 664.3
  },
  {
    "x": 365,
    "y": 664.6
  },
  {
    "x": 366.3,
    "y": 664.6
  },
  {
    "x": 367,
    "y": 665.1
  },
  {
    "x": 369.7,
    "y": 665.3
  },
  {
    "x": 371.9,
    "y": 665.5
  },
  {
    "x": 373.2,
    "y": 666
  },
  {
    "x": 375.3,
    "y": 665.5
  },
  {
    "x": 375.4,
    "y": 665.5
  },
  {
    "x": 376,
    "y": 665.5
  },
  {
    "x": 377.5,
    "y": 665.3
  },
  {
    "x": 380.5,
    "y": 665.9
  },
  {
    "x": 381.4,
    "y": 665.7
  },
  {
    "x": 384.2,
    "y": 665.3
  },
  {
    "x": 389,
    "y": 666.6
  },
  {
    "x": 389.4,
    "y": 666.8
  },
  {
    "x": 390,
    "y": 666.8
  },
  {
    "x": 391.4,
    "y": 666.4
  },
  {
    "x": 394.2,
    "y": 666.4
  },
  {
    "x": 396.5,
    "y": 665.9
  },
  {
    "x": 397.4,
    "y": 666.1
  },
  {
    "x": 399.7,
    "y": 668.5
  },
  {
    "x": 401.7,
    "y": 668.8
  },
  {
    "x": 402.6,
    "y": 668.7
  },
  {
    "x": 404.4,
    "y": 668.9
  },
  {
    "x": 406.6,
    "y": 668.6
  },
  {
    "x": 408,
    "y": 668.2
  },
  {
    "x": 409.6,
    "y": 668.6
  },
  {
    "x": 412.5,
    "y": 669.6
  },
  {
    "x": 413.7,
    "y": 669.9
  },
  {
    "x": 414.5,
    "y": 669.9
  },
  {
    "x": 416.5,
    "y": 670.5
  },
  {
    "x": 417,
    "y": 670.5
  },
  {
    "x": 419.8,
    "y": 671.1
  },
  {
    "x": 420.9,
    "y": 671.4
  },
  {
    "x": 422.3,
    "y": 671.4
  },
  {
    "x": 422.9,
    "y": 671.3
  },
  {
    "x": 424.3,
    "y": 671.4
  },
  {
    "x": 425,
    "y": 671.4
  },
  {
    "x": 426.4,
    "y": 671.2
  },
  {
    "x": 427.5,
    "y": 671.4
  },
  {
    "x": 429.1,
    "y": 671.1
  },
  {
    "x": 429.6,
    "y": 671
  },
  {
    "x": 429.9,
    "y": 670.9
  },
  {
    "x": 434.8,
    "y": 670.5
  },
  {
    "x": 436,
    "y": 671.3
  },
  {
    "x": 437.2,
    "y": 671.4
  },
  {
    "x": 442,
    "y": 671.7
  },
  {
    "x": 442.4,
    "y": 671.7
  },
  {
    "x": 442.5,
    "y": 671.7
  },
  {
    "x": 442.5,
    "y": 671.7
  },
  {
    "x": 443.3,
    "y": 671.5
  },
  {
    "x": 449.2,
    "y": 670.8
  },
  {
    "x": 449.6,
    "y": 670.7
  },
  {
    "x": 451.4,
    "y": 670.8
  },
  {
    "x": 452.8,
    "y": 670.7
  },
  {
    "x": 453.3,
    "y": 671
  },
  {
    "x": 454.3,
    "y": 671
  },
  {
    "x": 455.4,
    "y": 671.6
  },
  {
    "x": 456,
    "y": 671.7
  },
  {
    "x": 457.6,
    "y": 672.3
  },
  {
    "x": 459.2,
    "y": 672.3
  },
  {
    "x": 460.7,
    "y": 672.4
  },
  {
    "x": 461.7,
    "y": 672.5
  },
  {
    "x": 462.2,
    "y": 672.4
  },
  {
    "x": 463.8,
    "y": 672
  },
  {
    "x": 465.5,
    "y": 671.9
  },
  {
    "x": 466.1,
    "y": 672
  },
  {
    "x": 466.8,
    "y": 671.4
  },
  {
    "x": 467.9,
    "y": 671.3
  },
  {
    "x": 469,
    "y": 670.7
  },
  {
    "x": 473.8,
    "y": 670.7
  },
  {
    "x": 476.3,
    "y": 671.1
  },
  {
    "x": 476.6,
    "y": 670.9
  },
  {
    "x": 479,
    "y": 671
  },
  {
    "x": 484.4,
    "y": 671.9
  },
  {
    "x": 484.8,
    "y": 672
  },
  {
    "x": 487.2,
    "y": 672.2
  },
  {
    "x": 489.3,
    "y": 672.3
  },
  {
    "x": 490.1,
    "y": 672.4
  },
  {
    "x": 490.5,
    "y": 672.4
  },
  {
    "x": 491.9,
    "y": 672.2
  },
  {
    "x": 492.5,
    "y": 672.2
  },
  {
    "x": 495.5,
    "y": 671.3
  },
  {
    "x": 498.2,
    "y": 671
  },
  {
    "x": 498.9,
    "y": 671
  },
  {
    "x": 499.2,
    "y": 671
  },
  {
    "x": 504,
    "y": 670.9
  },
  {
    "x": 505,
    "y": 671
  },
  {
    "x": 505.4,
    "y": 670.8
  },
  {
    "x": 507.1,
    "y": 671.2
  },
  {
    "x": 508,
    "y": 671
  },
  {
    "x": 509.4,
    "y": 671
  },
  {
    "x": 511.9,
    "y": 671.1
  },
  {
    "x": 513.2,
    "y": 671.1
  },
  {
    "x": 515.1,
    "y": 671
  },
  {
    "x": 516.7,
    "y": 670
  },
  {
    "x": 517.7,
    "y": 669.8
  },
  {
    "x": 519.6,
    "y": 670
  },
  {
    "x": 522.7,
    "y": 671.4
  },
  {
    "x": 523.4,
    "y": 671.3
  },
  {
    "x": 524.6,
    "y": 671.4
  },
  {
    "x": 526.8,
    "y": 671.3
  },
  {
    "x": 527.3,
    "y": 671.2
  },
  {
    "x": 527.5,
    "y": 671.3
  },
  {
    "x": 528.3,
    "y": 670.8
  },
  {
    "x": 534.1,
    "y": 670.8
  },
  {
    "x": 537.4,
    "y": 670.4
  },
  {
    "x": 538.8,
    "y": 670.8
  },
  {
    "x": 539.3,
    "y": 671
  },
  {
    "x": 543.6,
    "y": 671.1
  },
  {
    "x": 545.2,
    "y": 671.1
  },
  {
    "x": 545.9,
    "y": 671.1
  },
  {
    "x": 546.1,
    "y": 671.1
  },
  {
    "x": 547.4,
    "y": 671.1
  },
  {
    "x": 552.9,
    "y": 671.1
  },
  {
    "x": 554.1,
    "y": 670.7
  },
  {
    "x": 556.1,
    "y": 670.7
  },
  {
    "x": 558.6,
    "y": 669.6
  },
  {
    "x": 559.4,
    "y": 670.7
  },
  {
    "x": 560.1,
    "y": 670.4
  }
]