[
  {
    "x": 0,
    "y": 577.3
  },
  {
    "x": 0.2,
    "y": 577.3
  },
  {
    "x": 2.1,
    "y": 577.3
  },
  {
    "x": 2.4,
    "y": 577.4
  },
  {
    "x": 4.4,
    "y": 577.6
  },
  {
    "x": 5,
    "y": 577.5
  },
  {
    "x": 5.6,
    "y": 577.7
  },
  {
    "x": 7.7,
    "y": 577.9
  },
  {
    "x": 8.5,
    "y": 578
  },
  {
    "x": 10.4,
    "y": 578.1
  },
  {
    "x": 11.3,
    "y": 578.2
  },
  {
    "x": 13,
    "y": 578.3
  },
  {
    "x": 14.1,
    "y": 578.3
  },
  {
    "x": 15.6,
    "y": 578.4
  },
  {
    "x": 17,
    "y": 578.5
  },
  {
    "x": 18.2,
    "y": 578.7
  },
  {
    "x": 19.8,
    "y": 578.7
  },
  {
    "x": 20.8,
    "y": 578.7
  },
  {
    "x": 22.5,
    "y": 578.7
  },
  {
    "x": 23.3,
    "y": 578.7
  },
  {
    "x": 25.3,
    "y": 578.7
  },
  {
    "x": 25.9,
    "y": 578.7
  },
  {
    "x": 28,
    "y": 578.6
  },
  {
    "x": 28.4,
    "y": 578.6
  },
  {
    "x": 30.8,
    "y": 578.6
  },
  {
    "x": 31,
    "y": 578.6
  },
  {
    "x": 33.6,
    "y": 578.9
  },
  {
    "x": 33.6,
    "y": 578.9
  },
  {
    "x": 33.7,
    "y": 578.9
  },
  {
    "x": 36.2,
    "y": 579.3
  },
  {
    "x": 36.4,
    "y": 579.3
  },
  {
    "x": 38.8,
    "y": 579.6
  },
  {
    "x": 39.2,
    "y": 579.7
  },
  {
    "x": 41.4,
    "y": 579.8
  },
  {
    "x": 42,
    "y": 579.9
  },
  {
    "x": 43.9,
    "y": 580.1
  },
  {
    "x": 44.8,
    "y": 580.1
  },
  {
    "x": 46.5,
    "y": 580.3
  },
  {
    "x": 47.6,
    "y": 580.4
  },
  {
    "x": 49,
    "y": 580.5
  },
  {
    "x": 50.2,
    "y": 580.6
  },
  {
    "x": 51.5,
    "y": 580.7
  },
  {
    "x": 53,
    "y": 580.7
  },
  {
    "x": 54,
    "y": 580.8
  },
  {
    "x": 55.7,
    "y": 580.8
  },
  {
    "x": 56.5,
    "y": 580.8
  },
  {
    "x": 58.4,
    "y": 580.9
  },
  {
    "x": 59,
    "y": 580.9
  },
  {
    "x": 61.1,
    "y": 581.3
  },
  {
    "x": 61.5,
    "y": 581.3
  },
  {
    "x": 64,
    "y": 581.6
  },
  {
    "x": 64.1,
    "y": 581.6
  },
  {
    "x": 65.7,
    "y": 581.7
  },
  {
    "x": 66.5,
    "y": 581.8
  },
  {
    "x": 66.6,
    "y": 581.8
  },
  {
    "x": 69.1,
    "y": 582.2
  },
  {
    "x": 69.3,
    "y": 582.1
  },
  {
    "x": 71.5,
    "y": 582.3
  },
  {
    "x": 71.9,
    "y": 582.3
  },
  {
    "x": 73.9,
    "y": 582.2
  },
  {
    "x": 74.5,
    "y": 582.1
  },
  {
    "x": 76.2,
    "y": 582
  },
  {
    "x": 76.9,
    "y": 582
  },
  {
    "x": 78.5,
    "y": 581.9
  },
  {
    "x": 79.5,
    "y": 581.8
  },
  {
    "x": 80.8,
    "y": 581.8
  },
  {
    "x": 82,
    "y": 581.7
  },
  {
    "x": 83.2,
    "y": 581.7
  },
  {
    "x": 84.5,
    "y": 581.7
  },
  {
    "x": 86.1,
    "y": 581.7
  },
  {
    "x": 86.9,
    "y": 581.7
  },
  {
    "x": 89.1,
    "y": 581.7
  },
  {
    "x": 90.3,
    "y": 581.7
  },
  {
    "x": 92.1,
    "y": 581.5
  },
  {
    "x": 92.6,
    "y": 581.5
  },
  {
    "x": 94.6,
    "y": 581.3
  },
  {
    "x": 94.9,
    "y": 581.3
  },
  {
    "x": 97.2,
    "y": 581.4
  },
  {
    "x": 97.3,
    "y": 581.4
  },
  {
    "x": 98.5,
    "y": 581.4
  },
  {
    "x": 99.7,
    "y": 581.4
  },
  {
    "x": 99.8,
    "y": 581.4
  },
  {
    "x": 102.2,
    "y": 581.4
  },
  {
    "x": 102.4,
    "y": 581.4
  },
  {
    "x": 104.7,
    "y": 581.5
  },
  {
    "x": 105.1,
    "y": 581.5
  },
  {
    "x": 107.1,
    "y": 581.6
  },
  {
    "x": 107.8,
    "y": 581.5
  },
  {
    "x": 109.7,
    "y": 581.7
  },
  {
    "x": 110.5,
    "y": 581.7
  },
  {
    "x": 112.2,
    "y": 581.9
  },
  {
    "x": 113.3,
    "y": 581.8
  },
  {
    "x": 114.8,
    "y": 582.2
  },
  {
    "x": 115.9,
    "y": 582.1
  },
  {
    "x": 117.3,
    "y": 582.3
  },
  {
    "x": 118.6,
    "y": 582.2
  },
  {
    "x": 119.7,
    "y": 582.3
  },
  {
    "x": 121.2,
    "y": 582.2
  },
  {
    "x": 122.2,
    "y": 582.2
  },
  {
    "x": 123.9,
    "y": 582.1
  },
  {
    "x": 124.6,
    "y": 582.1
  },
  {
    "x": 126.5,
    "y": 582.1
  },
  {
    "x": 127,
    "y": 582
  },
  {
    "x": 129.1,
    "y": 582
  },
  {
    "x": 129.5,
    "y": 582
  },
  {
    "x": 131.8,
    "y": 582
  },
  {
    "x": 132,
    "y": 582
  },
  {
    "x": 134.3,
    "y": 582
  },
  {
    "x": 134.3,
    "y": 582
  },
  {
    "x": 134.5,
    "y": 582
  },
  {
    "x": 136.7,
    "y": 581.9
  },
  {
    "x": 136.9,
    "y": 582
  },
  {
    "x": 139,
    "y": 582
  },
  {
    "x": 139.4,
    "y": 582
  },
  {
    "x": 141.3,
    "y": 581.9
  },
  {
    "x": 141.8,
    "y": 581.8
  },
  {
    "x": 143.6,
    "y": 581.7
  },
  {
    "x": 144.3,
    "y": 581.6
  },
  {
    "x": 145.9,
    "y": 581.6
  },
  {
    "x": 146.8,
    "y": 581.7
  },
  {
    "x": 148.2,
    "y": 581.6
  },
  {
    "x": 149.3,
    "y": 581.6
  },
  {
    "x": 150.5,
    "y": 581.5
  },
  {
    "x": 151.8,
    "y": 581.5
  },
  {
    "x": 152.8,
    "y": 581.5
  },
  {
    "x": 154.2,
    "y": 581.4
  },
  {
    "x": 155.9,
    "y": 581.3
  },
  {
    "x": 157.4,
    "y": 581.2
  },
  {
    "x": 159.2,
    "y": 581.2
  },
  {
    "x": 159.7,
    "y": 581.2
  },
  {
    "x": 161.7,
    "y": 581.2
  },
  {
    "x": 162,
    "y": 581.2
  },
  {
    "x": 164.2,
    "y": 581.1
  },
  {
    "x": 164.3,
    "y": 581.1
  },
  {
    "x": 165.7,
    "y": 581.1
  },
  {
    "x": 166.6,
    "y": 581.2
  },
  {
    "x": 166.7,
    "y": 581.2
  },
  {
    "x": 169.1,
    "y": 581.2
  },
  {
    "x": 169.3,
    "y": 581.2
  },
  {
    "x": 171.5,
    "y": 581.2
  },
  {
    "x": 172,
    "y": 581.2
  },
  {
    "x": 174,
    "y": 581.2
  },
  {
    "x": 174.6,
    "y": 581.3
  },
  {
    "x": 176.4,
    "y": 581.3
  },
  {
    "x": 177.3,
    "y": 581.5
  },
  {
    "x": 178.9,
    "y": 581.6
  },
  {
    "x": 179.9,
    "y": 581.6
  },
  {
    "x": 181.4,
    "y": 581.6
  },
  {
    "x": 182.6,
    "y": 581.6
  },
  {
    "x": 183.8,
    "y": 581.6
  },
  {
    "x": 185.2,
    "y": 581.5
  },
  {
    "x": 186.2,
    "y": 581.4
  },
  {
    "x": 187.2,
    "y": 581.6
  },
  {
    "x": 188.2,
    "y": 581.7
  },
  {
    "x": 190.5,
    "y": 581.7
  },
  {
    "x": 191.1,
    "y": 581.8
  },
  {
    "x": 192.2,
    "y": 582
  },
  {
    "x": 193.1,
    "y": 582
  },
  {
    "x": 194,
    "y": 582
  },
  {
    "x": 196,
    "y": 581.9
  },
  {
    "x": 198.3,
    "y": 581.5
  },
  {
    "x": 198.4,
    "y": 581.5
  },
  {
    "x": 199.3,
    "y": 581.5
  },
  {
    "x": 200.7,
    "y": 581.5
  },
  {
    "x": 200.8,
    "y": 581.5
  },
  {
    "x": 203,
    "y": 581.6
  },
  {
    "x": 203.3,
    "y": 581.6
  },
  {
    "x": 203.6,
    "y": 581.6
  },
  {
    "x": 205.7,
    "y": 581.6
  },
  {
    "x": 207.6,
    "y": 581.5
  },
  {
    "x": 208.2,
    "y": 581.5
  },
  {
    "x": 209.9,
    "y": 581.5
  },
  {
    "x": 210.6,
    "y": 581.6
  },
  {
    "x": 212.3,
    "y": 581.7
  },
  {
    "x": 213.2,
    "y": 581.8
  },
  {
    "x": 214.6,
    "y": 581.8
  },
  {
    "x": 215.2,
    "y": 581.9
  },
  {
    "x": 215.6,
    "y": 581.8
  },
  {
    "x": 216.3,
    "y": 581.9
  },
  {
    "x": 217.6,
    "y": 582.2
  },
  {
    "x": 218.8,
    "y": 582.3
  },
  {
    "x": 219.9,
    "y": 582.4
  },
  {
    "x": 222.2,
    "y": 582.4
  },
  {
    "x": 223.1,
    "y": 582.4
  },
  {
    "x": 223.9,
    "y": 582.4
  },
  {
    "x": 225.4,
    "y": 582.3
  },
  {
    "x": 227.5,
    "y": 582.3
  },
  {
    "x": 228,
    "y": 582.3
  },
  {
    "x": 228.5,
    "y": 582.3
  },
  {
    "x": 230.4,
    "y": 582.4
  },
  {
    "x": 232.6,
    "y": 582.2
  },
  {
    "x": 233,
    "y": 582.2
  },
  {
    "x": 235.3,
    "y": 582.2
  },
  {
    "x": 235.3,
    "y": 582.2
  },
  {
    "x": 237.6,
    "y": 582.1
  },
  {
    "x": 239.8,
    "y": 582.2
  },
  {
    "x": 240.1,
    "y": 582.2
  },
  {
    "x": 240.5,
    "y": 582.2
  },
  {
    "x": 242.5,
    "y": 582.3
  },
  {
    "x": 243.4,
    "y": 582.4
  },
  {
    "x": 243.5,
    "y": 582.4
  },
  {
    "x": 243.5,
    "y": 582.4
  },
  {
    "x": 243.8,
    "y": 582.4
  },
  {
    "x": 249.9,
    "y": 582.6
  },
  {
    "x": 251.1,
    "y": 582.7
  },
  {
    "x": 252.3,
    "y": 582.9
  },
  {
    "x": 253.7,
    "y": 583
  },
  {
    "x": 255,
    "y": 583.1
  },
  {
    "x": 256.4,
    "y": 583.2
  },
  {
    "x": 258,
    "y": 583.7
  },
  {
    "x": 259.2,
    "y": 583.7
  },
  {
    "x": 260.8,
    "y": 584.1
  },
  {
    "x": 261.3,
    "y": 584.3
  },
  {
    "x": 263,
    "y": 584.7
  },
  {
    "x": 263.5,
    "y": 584.7
  },
  {
    "x": 263.7,
    "y": 584.7
  },
  {
    "x": 267.9,
    "y": 584.7
  },
  {
    "x": 270.2,
    "y": 585.4
  },
  {
    "x": 273.9,
    "y": 588.1
  },
  {
    "x": 275.4,
    "y": 588.3
  },
  {
    "x": 280.7,
    "y": 589.2
  },
  {
    "x": 282.6,
    "y": 590
  },
  {
    "x": 283.8,
    "y": 590.6
  },
  {
    "x": 286.1,
    "y": 591.4
  },
  {
    "x": 287,
    "y": 593.1
  },
  {
    "x": 288.4,
    "y": 593.3
  },
  {
    "x": 291.5,
    "y": 594.2
  },
  {
    "x": 292,
    "y": 594.2
  },
  {
    "x": 293.4,
    "y": 595.8
  },
  {
    "x": 294.5,
    "y": 597
  },
  {
    "x": 296.8,
    "y": 597.9
  },
  {
    "x": 298.1,
    "y": 598.4
  },
  {
    "x": 299.8,
    "y": 598.9
  },
  {
    "x": 301.7,
    "y": 599.4
  },
  {
    "x": 304.7,
    "y": 601.1
  },
  {
    "x": 305.6,
    "y": 601.4
  },
  {
    "x": 307.3,
    "y": 602.8
  },
  {
    "x": 308,
    "y": 603
  },
  {
    "x": 310.9,
    "y": 604.1
  },
  {
    "x": 311.2,
    "y": 604.2
  },
  {
    "x": 312.1,
    "y": 604.7
  },
  {
    "x": 312.7,
    "y": 605.4
  },
  {
    "x": 316.9,
    "y": 607.9
  },
  {
    "x": 318.6,
    "y": 608.4
  },
  {
    "x": 319.5,
    "y": 609.6
  },
  {
    "x": 324.2,
    "y": 613.9
  },
  {
    "x": 324.4,
    "y": 613.8
  },
  {
    "x": 324.5,
    "y": 613.9
  },
  {
    "x": 324.9,
    "y": 614
  },
  {
    "x": 325.8,
    "y": 614.9
  },
  {
    "x": 327,
    "y": 615.5
  },
  {
    "x": 327.6,
    "y": 616.1
  },
  {
    "x": 329.3,
    "y": 616.8
  },
  {
    "x": 330.1,
    "y": 617.1
  },
  {
    "x": 332.1,
    "y": 618.5
  },
  {
    "x": 332.6,
    "y": 619.2
  },
  {
    "x": 335.7,
    "y": 620.5
  },
  {
    "x": 337.3,
    "y": 622
  },
  {
    "x": 338.1,
    "y": 622.6
  },
  {
    "x": 339.5,
    "y": 623.6
  },
  {
    "x": 340.3,
    "y": 623.7
  },
  {
    "x": 342.9,
    "y": 625.9
  },
  {
    "x": 344,
    "y": 627.6
  },
  {
    "x": 345.1,
    "y": 627.5
  },
  {
    "x": 345.3,
    "y": 628
  },
  {
    "x": 346.3,
    "y": 628.7
  },
  {
    "x": 348.2,
    "y": 629.3
  },
  {
    "x": 348.8,
    "y": 630
  },
  {
    "x": 349,
    "y": 630
  },
  {
    "x": 349.7,
    "y": 630.1
  },
  {
    "x": 350.9,
    "y": 630.7
  },
  {
    "x": 352.3,
    "y": 631.5
  },
  {
    "x": 353.1,
    "y": 632
  },
  {
    "x": 355.4,
    "y": 632.8
  },
  {
    "x": 355.7,
    "y": 634.2
  },
  {
    "x": 357.6,
    "y": 634.7
  },
  {
    "x": 359.1,
    "y": 635.4
  },
  {
    "x": 359.6,
    "y": 635.9
  },
  {
    "x": 359.8,
    "y": 635.9
  },
  {
    "x": 360.4,
    "y": 636.1
  },
  {
    "x": 361.9,
    "y": 637.5
  },
  {
    "x": 362.8,
    "y": 637.8
  },
  {
    "x": 363.6,
    "y": 638.7
  },
  {
    "x": 364.7,
    "y": 638.9
  },
  {
    "x": 366.9,
    "y": 641.2
  },
  {
    "x": 367.5,
    "y": 641.3
  },
  {
    "x": 369.4,
    "y": 642.5
  },
  {
    "x": 369.5,
    "y": 642.5
  },
  {
    "x": 369.6,
    "y": 642.7
  },
  {
    "x": 372.8,
    "y": 644.2
  },
  {
    "x": 373.5,
    "y": 645
  },
  {
    "x": 374.6,
    "y": 645.4
  },
  {
    "x": 375.5,
    "y": 646.2
  },
  {
    "x": 377.2,
    "y": 647.7
  },
  {
    "x": 377.6,
    "y": 647.7
  },
  {
    "x": 378.3,
    "y": 648
  },
  {
    "x": 379.5,
    "y": 648.9
  },
  {
    "x": 380.9,
    "y": 649.6
  },
  {
    "x": 381.8,
    "y": 650
  },
  {
    "x": 384.3,
    "y": 651.2
  },
  {
    "x": 384.3,
    "y": 651.2
  },
  {
    "x": 384.9,
    "y": 651.7
  },
  {
    "x": 386.5,
    "y": 652.7
  },
  {
    "x": 387.6,
    "y": 652.9
  },
  {
    "x": 388.5,
    "y": 653.1
  },
  {
    "x": 389.5,
    "y": 653.9
  },
  {
    "x": 389.7,
    "y": 654
  },
  {
    "x": 390,
    "y": 653.9
  },
  {
    "x": 391.9,
    "y": 655.8
  },
  {
    "x": 393.7,
    "y": 655.8
  },
  {
    "x": 396.2,
    "y": 658
  },
  {
    "x": 398.9,
    "y": 658.4
  },
  {
    "x": 399.8,
    "y": 658.7
  },
  {
    "x": 400.6,
    "y": 658.7
  },
  {
    "x": 400.9,
    "y": 658.9
  },
  {
    "x": 401.8,
    "y": 659.1
  },
  {
    "x": 403.5,
    "y": 659.6
  },
  {
    "x": 405.3,
    "y": 659.9
  },
  {
    "x": 405.4,
    "y": 659.9
  },
  {
    "x": 407.1,
    "y": 660.7
  },
  {
    "x": 407.1,
    "y": 660.6
  },
  {
    "x": 407.8,
    "y": 660.9
  },
  {
    "x": 408.3,
    "y": 660.9
  },
  {
    "x": 412,
    "y": 661.7
  },
  {
    "x": 412.3,
    "y": 661.8
  },
  {
    "x": 412.8,
    "y": 662.3
  },
  {
    "x": 417,
    "y": 663.8
  },
  {
    "x": 417.8,
    "y": 664
  },
  {
    "x": 419.3,
    "y": 665
  },
  {
    "x": 419.5,
    "y": 665
  },
  {
    "x": 423.8,
    "y": 667.7
  },
  {
    "x": 424.1,
    "y": 667.9
  },
  {
    "x": 426.2,
    "y": 668.8
  },
  {
    "x": 426.6,
    "y": 669.2
  },
  {
    "x": 427,
    "y": 669.4
  },
  {
    "x": 427.1,
    "y": 669.4
  },
  {
    "x": 429.8,
    "y": 670.1
  },
  {
    "x": 436.1,
    "y": 674.2
  },
  {
    "x": 437.6,
    "y": 674.3
  },
  {
    "x": 437.9,
    "y": 674.6
  },
  {
    "x": 439.5,
    "y": 675.2
  },
  {
    "x": 440.3,
    "y": 675.6
  },
  {
    "x": 441.5,
    "y": 675.9
  },
  {
    "x": 442.7,
    "y": 676.7
  },
  {
    "x": 444.5,
    "y": 677.9
  },
  {
    "x": 444.8,
    "y": 677.6
  },
  {
    "x": 449.4,
    "y": 682.4
  },
  {
    "x": 451.9,
    "y": 683.6
  },
  {
    "x": 464.1,
    "y": 687.9
  },
  {
    "x": 464.1,
    "y": 687.9
  },
  {
    "x": 464.4,
    "y": 688.2
  },
  {
    "x": 466.4,
    "y": 689.4
  },
  {
    "x": 468.7,
    "y": 690.2
  },
  {
    "x": 470,
    "y": 690.6
  },
  {
    "x": 473.2,
    "y": 693.2
  },
  {
    "x": 474.8,
    "y": 693.9
  },
  {
    "x": 476.8,
    "y": 694.2
  },
  {
    "x": 480.7,
    "y": 700.7
  },
  {
    "x": 484.4,
    "y": 699.1
  },
  {
    "x": 488.9,
    "y": 702.6
  },
  {
    "x": 490.8,
    "y": 704.9
  },
  {
    "x": 492.1,
    "y": 705.7
  },
  {
    "x": 493.2,
    "y": 705.8
  },
  {
    "x": 494.2,
    "y": 705.9
  },
  {
    "x": 495.5,
    "y": 705.9
  },
  {
    "x": 496.9,
    "y": 706.1
  },
  {
    "x": 498.4,
    "y": 706.1
  },
  {
    "x": 498.9,
    "y": 706.1
  },
  {
    "x": 502.6,
    "y": 706.3
  },
  {
    "x": 503.7,
    "y": 706.4
  },
  {
    "x": 505.3,
    "y": 706.4
  },
  {
    "x": 508.7,
    "y": 706.6
  },
  {
    "x": 510.4,
    "y": 706.6
  },
  {
    "x": 512.3,
    "y": 706.6
  },
  {
    "x": 513.1,
    "y": 706.7
  },
  {
    "x": 515.3,
    "y": 706.7
  },
  {
    "x": 516,
    "y": 706.7
  },
  {
    "x": 518.6,
    "y": 706.9
  },
  {
    "x": 519,
    "y": 706.9
  },
  {
    "x": 519.6,
    "y": 706.8
  },
  {
    "x": 521.5,
    "y": 707.1
  },
  {
    "x": 522,
    "y": 707.1
  },
  {
    "x": 522,
    "y": 707.1
  },
  {
    "x": 524.9,
    "y": 707.3
  },
  {
    "x": 525.5,
    "y": 707.3
  },
  {
    "x": 527.9,
    "y": 707.3
  },
  {
    "x": 528.8,
    "y": 707.4
  },
  {
    "x": 529.9,
    "y": 707.4
  },
  {
    "x": 530.6,
    "y": 707.5
  },
  {
    "x": 531.6,
    "y": 707.5
  },
  {
    "x": 532.9,
    "y": 707.6
  },
  {
    "x": 534.5,
    "y": 707.6
  },
  {
    "x": 535.9,
    "y": 707.7
  },
  {
    "x": 536.5,
    "y": 707.7
  },
  {
    "x": 538,
    "y": 707.8
  },
  {
    "x": 538.5,
    "y": 707.8
  },
  {
    "x": 540.2,
    "y": 707.8
  },
  {
    "x": 540.5,
    "y": 707.9
  },
  {
    "x": 542.4,
    "y": 708
  },
  {
    "x": 542.4,
    "y": 708
  },
  {
    "x": 544.4,
    "y": 708.1
  },
  {
    "x": 544.5,
    "y": 708.1
  },
  {
    "x": 544.6,
    "y": 708.1
  },
  {
    "x": 545.9,
    "y": 708.2
  },
  {
    "x": 546.6,
    "y": 708.3
  },
  {
    "x": 546.7,
    "y": 708.3
  },
  {
    "x": 547.8,
    "y": 708.4
  },
  {
    "x": 548.7,
    "y": 708.5
  },
  {
    "x": 548.9,
    "y": 708.5
  },
  {
    "x": 550.7,
    "y": 708.7
  },
  {
    "x": 551,
    "y": 708.7
  },
  {
    "x": 551.3,
    "y": 708.7
  },
  {
    "x": 551.8,
    "y": 708.8
  },
  {
    "x": 552.8,
    "y": 708.9
  },
  {
    "x": 553.1,
    "y": 708.9
  },
  {
    "x": 554.7,
    "y": 709
  },
  {
    "x": 555.3,
    "y": 709
  },
  {
    "x": 556.8,
    "y": 709.2
  },
  {
    "x": 557.4,
    "y": 709.2
  },
  {
    "x": 557.8,
    "y": 709.2
  },
  {
    "x": 558.9,
    "y": 709.3
  },
  {
    "x": 559.5,
    "y": 709.4
  },
  {
    "x": 560.4,
    "y": 709.3
  },
  {
    "x": 563.7,
    "y": 709.8
  },
  {
    "x": 566.7,
    "y": 710.2
  },
  {
    "x": 568.4,
    "y": 710.3
  },
  {
    "x": 571,
    "y": 710.5
  },
  {
    "x": 571.5,
    "y": 710.8
  },
  {
    "x": 573.3,
    "y": 710.8
  },
  {
    "x": 576.7,
    "y": 711
  },
  {
    "x": 579.2,
    "y": 710.8
  },
  {
    "x": 583.8,
    "y": 710.9
  },
  {
    "x": 584.5,
    "y": 710.6
  },
  {
    "x": 585.2,
    "y": 710.8
  },
  {
    "x": 587.2,
    "y": 710.5
  },
  {
    "x": 587.3,
    "y": 710.6
  },
  {
    "x": 587.6,
    "y": 710.6
  },
  {
    "x": 589.9,
    "y": 710.4
  },
  {
    "x": 590,
    "y": 710.5
  },
  {
    "x": 591,
    "y": 710.4
  },
  {
    "x": 592.3,
    "y": 710.3
  },
  {
    "x": 592.7,
    "y": 710.3
  },
  {
    "x": 592.9,
    "y": 710.3
  },
  {
    "x": 595.8,
    "y": 710.2
  },
  {
    "x": 597.2,
    "y": 710.2
  },
  {
    "x": 597.5,
    "y": 709.9
  },
  {
    "x": 599,
    "y": 710.2
  },
  {
    "x": 599.8,
    "y": 709.8
  }
]