[
  {
    "x": 0,
    "y": 576.8
  },
  {
    "x": 0.2,
    "y": 576.8
  },
  {
    "x": 2.2,
    "y": 577
  },
  {
    "x": 2.9,
    "y": 577.2
  },
  {
    "x": 4.6,
    "y": 577.5
  },
  {
    "x": 5.6,
    "y": 577.6
  },
  {
    "x": 6.9,
    "y": 578.1
  },
  {
    "x": 8.2,
    "y": 578.2
  },
  {
    "x": 9.3,
    "y": 578.3
  },
  {
    "x": 11,
    "y": 578.4
  },
  {
    "x": 11.9,
    "y": 578.4
  },
  {
    "x": 13.9,
    "y": 578.3
  },
  {
    "x": 14.6,
    "y": 578.5
  },
  {
    "x": 16.9,
    "y": 578.8
  },
  {
    "x": 18.2,
    "y": 578.9
  },
  {
    "x": 19.9,
    "y": 579.1
  },
  {
    "x": 21.6,
    "y": 579.3
  },
  {
    "x": 22.7,
    "y": 580.8
  },
  {
    "x": 23.8,
    "y": 580.1
  },
  {
    "x": 24.5,
    "y": 580.7
  },
  {
    "x": 26.3,
    "y": 580.8
  },
  {
    "x": 26.8,
    "y": 581.2
  },
  {
    "x": 27.2,
    "y": 580.7
  },
  {
    "x": 27.5,
    "y": 581.4
  },
  {
    "x": 27.8,
    "y": 581.5
  },
  {
    "x": 29.2,
    "y": 581.5
  },
  {
    "x": 30.6,
    "y": 581.7
  },
  {
    "x": 31.3,
    "y": 581.8
  },
  {
    "x": 31.9,
    "y": 581.9
  },
  {
    "x": 33,
    "y": 582
  },
  {
    "x": 33.4,
    "y": 582.2
  },
  {
    "x": 35,
    "y": 582.5
  },
  {
    "x": 35.3,
    "y": 582.5
  },
  {
    "x": 35.5,
    "y": 582.6
  },
  {
    "x": 35.9,
    "y": 582.7
  },
  {
    "x": 36.8,
    "y": 582.8
  },
  {
    "x": 38.1,
    "y": 582.9
  },
  {
    "x": 38.6,
    "y": 583.1
  },
  {
    "x": 40,
    "y": 583.3
  },
  {
    "x": 40.1,
    "y": 583.3
  },
  {
    "x": 40.1,
    "y": 583.3
  },
  {
    "x": 40.2,
    "y": 583.3
  },
  {
    "x": 41.3,
    "y": 583.3
  },
  {
    "x": 41.5,
    "y": 583.3
  },
  {
    "x": 42.3,
    "y": 583.2
  },
  {
    "x": 43,
    "y": 584
  },
  {
    "x": 44,
    "y": 583.7
  },
  {
    "x": 44.2,
    "y": 584.3
  },
  {
    "x": 45.3,
    "y": 585.4
  },
  {
    "x": 46.8,
    "y": 585.4
  },
  {
    "x": 46.9,
    "y": 585.4
  },
  {
    "x": 47.5,
    "y": 585.6
  },
  {
    "x": 47.9,
    "y": 585.1
  },
  {
    "x": 48.2,
    "y": 584.4
  },
  {
    "x": 49.1,
    "y": 583.5
  },
  {
    "x": 49.3,
    "y": 583.9
  },
  {
    "x": 49.8,
    "y": 583.5
  },
  {
    "x": 51.2,
    "y": 584.6
  },
  {
    "x": 51.5,
    "y": 585.2
  },
  {
    "x": 51.9,
    "y": 584.1
  },
  {
    "x": 53.1,
    "y": 584.2
  },
  {
    "x": 53.8,
    "y": 585.4
  },
  {
    "x": 53.9,
    "y": 585.4
  },
  {
    "x": 54,
    "y": 585.3
  },
  {
    "x": 54.2,
    "y": 584.9
  },
  {
    "x": 56.3,
    "y": 584.9
  },
  {
    "x": 57,
    "y": 584.4
  },
  {
    "x": 58.4,
    "y": 583
  },
  {
    "x": 60.2,
    "y": 585.1
  },
  {
    "x": 60.8,
    "y": 585.2
  },
  {
    "x": 62.2,
    "y": 584.5
  },
  {
    "x": 63,
    "y": 583.6
  },
  {
    "x": 63,
    "y": 583.9
  },
  {
    "x": 64.4,
    "y": 586.1
  },
  {
    "x": 65,
    "y": 586.3
  },
  {
    "x": 65.5,
    "y": 586.2
  },
  {
    "x": 67.3,
    "y": 586.4
  },
  {
    "x": 67.9,
    "y": 585.6
  },
  {
    "x": 68.1,
    "y": 585.3
  },
  {
    "x": 69.3,
    "y": 584.5
  },
  {
    "x": 70,
    "y": 584.7
  },
  {
    "x": 73.1,
    "y": 585.9
  },
  {
    "x": 79.4,
    "y": 587.3
  },
  {
    "x": 81.5,
    "y": 587.4
  },
  {
    "x": 81.6,
    "y": 587.4
  },
  {
    "x": 81.8,
    "y": 587.4
  },
  {
    "x": 81.9,
    "y": 587.4
  },
  {
    "x": 82.6,
    "y": 587.5
  },
  {
    "x": 84.5,
    "y": 588
  },
  {
    "x": 84.8,
    "y": 588.1
  },
  {
    "x": 86.8,
    "y": 588.4
  },
  {
    "x": 88,
    "y": 589.3
  },
  {
    "x": 89.9,
    "y": 589.6
  },
  {
    "x": 91.4,
    "y": 590.3
  },
  {
    "x": 102.2,
    "y": 596.8
  },
  {
    "x": 107,
    "y": 597.9
  },
  {
    "x": 108.4,
    "y": 598.4
  },
  {
    "x": 109.7,
    "y": 599.1
  },
  {
    "x": 110.4,
    "y": 599
  },
  {
    "x": 111.8,
    "y": 599.4
  },
  {
    "x": 116,
    "y": 602.2
  },
  {
    "x": 117.2,
    "y": 602.5
  },
  {
    "x": 118.2,
    "y": 602.8
  },
  {
    "x": 120.5,
    "y": 603
  },
  {
    "x": 125,
    "y": 607.6
  },
  {
    "x": 133.8,
    "y": 609.8
  },
  {
    "x": 136.5,
    "y": 609.8
  },
  {
    "x": 139.4,
    "y": 610.3
  },
  {
    "x": 142.1,
    "y": 610.5
  },
  {
    "x": 148.2,
    "y": 611
  },
  {
    "x": 151.5,
    "y": 610.5
  },
  {
    "x": 167.7,
    "y": 611.4
  },
  {
    "x": 176.1,
    "y": 611
  }
]