[
  {
    "x": 0,
    "y": 577
  },
  {
    "x": 0,
    "y": 577.3
  },
  {
    "x": 0.5,
    "y": 577.1
  },
  {
    "x": 3.9,
    "y": 577.5
  },
  {
    "x": 4,
    "y": 577.5
  },
  {
    "x": 5.9,
    "y": 577.7
  },
  {
    "x": 6.4,
    "y": 577.8
  },
  {
    "x": 6.8,
    "y": 577.9
  },
  {
    "x": 7,
    "y": 578
  },
  {
    "x": 8.1,
    "y": 578
  },
  {
    "x": 8.9,
    "y": 578.1
  },
  {
    "x": 9.2,
    "y": 578.2
  },
  {
    "x": 9.6,
    "y": 578.3
  },
  {
    "x": 10.3,
    "y": 578.3
  },
  {
    "x": 11.7,
    "y": 578.6
  },
  {
    "x": 12.1,
    "y": 578.7
  },
  {
    "x": 13.8,
    "y": 578.8
  },
  {
    "x": 14.2,
    "y": 579
  },
  {
    "x": 14.5,
    "y": 579
  },
  {
    "x": 15,
    "y": 579.1
  },
  {
    "x": 17.8,
    "y": 581.3
  },
  {
    "x": 19.6,
    "y": 583.9
  },
  {
    "x": 19.8,
    "y": 583.8
  },
  {
    "x": 21.3,
    "y": 585.1
  },
  {
    "x": 22.2,
    "y": 586.2
  },
  {
    "x": 23.2,
    "y": 586.9
  },
  {
    "x": 24.4,
    "y": 588.3
  },
  {
    "x": 25.5,
    "y": 589.9
  },
  {
    "x": 25.9,
    "y": 590.4
  },
  {
    "x": 26.8,
    "y": 592
  },
  {
    "x": 27.1,
    "y": 591.7
  },
  {
    "x": 28.5,
    "y": 592.9
  },
  {
    "x": 29.6,
    "y": 595
  },
  {
    "x": 30.7,
    "y": 595.3
  },
  {
    "x": 31.6,
    "y": 596.2
  },
  {
    "x": 34.4,
    "y": 601.4
  },
  {
    "x": 35.2,
    "y": 607.6
  },
  {
    "x": 38.6,
    "y": 604.1
  },
  {
    "x": 42.1,
    "y": 611.9
  },
  {
    "x": 46.9,
    "y": 614.7
  },
  {
    "x": 47.4,
    "y": 614.8
  },
  {
    "x": 49.5,
    "y": 616.1
  },
  {
    "x": 49.6,
    "y": 616.1
  },
  {
    "x": 49.9,
    "y": 616.1
  },
  {
    "x": 51.1,
    "y": 616.8
  },
  {
    "x": 52.3,
    "y": 617.5
  },
  {
    "x": 53.3,
    "y": 617.9
  },
  {
    "x": 54.3,
    "y": 618.5
  },
  {
    "x": 54.5,
    "y": 618.5
  },
  {
    "x": 57.1,
    "y": 621.6
  },
  {
    "x": 58.5,
    "y": 620.8
  },
  {
    "x": 60.6,
    "y": 623.1
  },
  {
    "x": 61,
    "y": 623.3
  },
  {
    "x": 62,
    "y": 623.7
  },
  {
    "x": 62.5,
    "y": 624
  },
  {
    "x": 63.2,
    "y": 624.5
  },
  {
    "x": 64.1,
    "y": 624.5
  },
  {
    "x": 67.9,
    "y": 625.2
  },
  {
    "x": 68.6,
    "y": 625.6
  },
  {
    "x": 69.1,
    "y": 625.6
  },
  {
    "x": 71,
    "y": 627.2
  },
  {
    "x": 72.8,
    "y": 627.7
  },
  {
    "x": 74.8,
    "y": 629.2
  },
  {
    "x": 78.8,
    "y": 629.7
  },
  {
    "x": 81.7,
    "y": 630.3
  },
  {
    "x": 83.2,
    "y": 630.5
  },
  {
    "x": 84.9,
    "y": 630.6
  },
  {
    "x": 88.1,
    "y": 631.3
  },
  {
    "x": 90.8,
    "y": 632.1
  },
  {
    "x": 92.8,
    "y": 632.4
  },
  {
    "x": 95.1,
    "y": 633.4
  },
  {
    "x": 97.6,
    "y": 633.9
  },
  {
    "x": 99.6,
    "y": 634.1
  },
  {
    "x": 99.9,
    "y": 634
  },
  {
    "x": 100,
    "y": 634.1
  },
  {
    "x": 102.9,
    "y": 634.4
  },
  {
    "x": 104.3,
    "y": 634.6
  },
  {
    "x": 113.3,
    "y": 636.6
  },
  {
    "x": 116.6,
    "y": 636.7
  },
  {
    "x": 117.7,
    "y": 637.4
  },
  {
    "x": 119.8,
    "y": 637.4
  },
  {
    "x": 131.8,
    "y": 642.5
  },
  {
    "x": 135.6,
    "y": 644.3
  },
  {
    "x": 138.1,
    "y": 646.6
  },
  {
    "x": 139,
    "y": 646.6
  },
  {
    "x": 140,
    "y": 647
  },
  {
    "x": 143.5,
    "y": 649.1
  },
  {
    "x": 145.5,
    "y": 648.6
  },
  {
    "x": 147.9,
    "y": 649.2
  },
  {
    "x": 148.3,
    "y": 649
  },
  {
    "x": 150.8,
    "y": 649.6
  },
  {
    "x": 150.9,
    "y": 649.6
  },
  {
    "x": 152.9,
    "y": 650.1
  },
  {
    "x": 153.2,
    "y": 650.1
  },
  {
    "x": 153.3,
    "y": 650.1
  },
  {
    "x": 153.3,
    "y": 650.1
  },
  {
    "x": 153.3,
    "y": 650.1
  },
  {
    "x": 155.6,
    "y": 650.7
  },
  {
    "x": 155.8,
    "y": 650.8
  },
  {
    "x": 158.2,
    "y": 651.3
  },
  {
    "x": 158.3,
    "y": 651.5
  },
  {
    "x": 159.7,
    "y": 652.2
  },
  {
    "x": 160.8,
    "y": 652.4
  },
  {
    "x": 163.6,
    "y": 654.4
  },
  {
    "x": 171.3,
    "y": 657
  },
  {
    "x": 173.2,
    "y": 657.4
  },
  {
    "x": 181.7,
    "y": 657.9
  },
  {
    "x": 185.2,
    "y": 659.6
  },
  {
    "x": 185.6,
    "y": 659.2
  },
  {
    "x": 187.4,
    "y": 659.6
  },
  {
    "x": 198.7,
    "y": 663.4
  },
  {
    "x": 201.1,
    "y": 664.4
  },
  {
    "x": 203,
    "y": 666.7
  },
  {
    "x": 206.5,
    "y": 669.5
  },
  {
    "x": 210.8,
    "y": 667.7
  },
  {
    "x": 234.1,
    "y": 677.9
  },
  {
    "x": 235.6,
    "y": 679.7
  },
  {
    "x": 238.1,
    "y": 681.9
  },
  {
    "x": 240.1,
    "y": 681.7
  },
  {
    "x": 241.7,
    "y": 683
  },
  {
    "x": 246.6,
    "y": 683.7
  },
  {
    "x": 247.4,
    "y": 683
  },
  {
    "x": 253.9,
    "y": 690.2
  },
  {
    "x": 262.3,
    "y": 695.4
  },
  {
    "x": 263,
    "y": 695.5
  },
  {
    "x": 267.5,
    "y": 696.5
  },
  {
    "x": 271.6,
    "y": 699.8
  },
  {
    "x": 273.3,
    "y": 700.7
  },
  {
    "x": 274.5,
    "y": 700.8
  },
  {
    "x": 276.6,
    "y": 701.2
  },
  {
    "x": 285.6,
    "y": 702
  },
  {
    "x": 289.3,
    "y": 702.2
  },
  {
    "x": 291.3,
    "y": 702.6
  },
  {
    "x": 296.2,
    "y": 702.4
  },
  {
    "x": 296.4,
    "y": 702.4
  },
  {
    "x": 299,
    "y": 702.9
  },
  {
    "x": 301.4,
    "y": 703
  },
  {
    "x": 303.6,
    "y": 703
  },
  {
    "x": 304.6,
    "y": 702.8
  },
  {
    "x": 305.1,
    "y": 702.9
  },
  {
    "x": 306.6,
    "y": 702.8
  },
  {
    "x": 307.3,
    "y": 702.9
  },
  {
    "x": 309.2,
    "y": 702.9
  },
  {
    "x": 309.8,
    "y": 702.9
  },
  {
    "x": 310.2,
    "y": 702.9
  },
  {
    "x": 312,
    "y": 702.8
  },
  {
    "x": 312.1,
    "y": 702.9
  },
  {
    "x": 313.1,
    "y": 702.8
  },
  {
    "x": 314.2,
    "y": 702.8
  },
  {
    "x": 314.4,
    "y": 702.8
  },
  {
    "x": 316.4,
    "y": 702.8
  },
  {
    "x": 317,
    "y": 702.8
  },
  {
    "x": 318.6,
    "y": 702.8
  },
  {
    "x": 319.6,
    "y": 702.8
  },
  {
    "x": 320.7,
    "y": 702.8
  },
  {
    "x": 322.1,
    "y": 702.7
  },
  {
    "x": 322.9,
    "y": 702.7
  },
  {
    "x": 324.7,
    "y": 702.8
  },
  {
    "x": 325.1,
    "y": 702.8
  },
  {
    "x": 325.2,
    "y": 702.8
  },
  {
    "x": 325.7,
    "y": 702.7
  },
  {
    "x": 326.1,
    "y": 702.8
  },
  {
    "x": 326.2,
    "y": 702.8
  },
  {
    "x": 326.2,
    "y": 702.7
  }
]