[
  {
    "x": 0,
    "y": 578.3
  },
  {
    "x": 1,
    "y": 578.2
  },
  {
    "x": 3.5,
    "y": 577.8
  },
  {
    "x": 3.7,
    "y": 578
  },
  {
    "x": 3.8,
    "y": 577.7
  },
  {
    "x": 6.4,
    "y": 577.9
  },
  {
    "x": 6.8,
    "y": 577.9
  },
  {
    "x": 7.1,
    "y": 577.9
  },
  {
    "x": 9.1,
    "y": 578
  },
  {
    "x": 9.9,
    "y": 578
  },
  {
    "x": 11.6,
    "y": 579.3
  },
  {
    "x": 12,
    "y": 579.5
  },
  {
    "x": 12.1,
    "y": 579.4
  },
  {
    "x": 12.3,
    "y": 579.4
  },
  {
    "x": 14.9,
    "y": 579.3
  },
  {
    "x": 15.1,
    "y": 579.4
  },
  {
    "x": 15.5,
    "y": 579.2
  },
  {
    "x": 23.7,
    "y": 577.8
  },
  {
    "x": 43.7,
    "y": 577.4
  },
  {
    "x": 44.6,
    "y": 577.3
  },
  {
    "x": 46.1,
    "y": 577.3
  },
  {
    "x": 46.5,
    "y": 577.3
  },
  {
    "x": 49.1,
    "y": 577.5
  },
  {
    "x": 51,
    "y": 577.5
  },
  {
    "x": 52.1,
    "y": 577.7
  },
  {
    "x": 53.4,
    "y": 577.8
  },
  {
    "x": 55.2,
    "y": 577.9
  },
  {
    "x": 56.2,
    "y": 578.1
  },
  {
    "x": 58.4,
    "y": 578.3
  },
  {
    "x": 59,
    "y": 578.3
  },
  {
    "x": 61.4,
    "y": 578.3
  },
  {
    "x": 61.7,
    "y": 578.3
  },
  {
    "x": 64.2,
    "y": 578.3
  },
  {
    "x": 64.3,
    "y": 578.3
  },
  {
    "x": 64.5,
    "y": 578.3
  },
  {
    "x": 67,
    "y": 578.3
  },
  {
    "x": 67.4,
    "y": 578.3
  },
  {
    "x": 69.8,
    "y": 578.2
  },
  {
    "x": 70.5,
    "y": 578.2
  },
  {
    "x": 72.5,
    "y": 578.2
  },
  {
    "x": 74.2,
    "y": 578.3
  },
  {
    "x": 75.5,
    "y": 578.3
  },
  {
    "x": 76.7,
    "y": 578.3
  },
  {
    "x": 78.1,
    "y": 578.3
  },
  {
    "x": 79.8,
    "y": 578.4
  },
  {
    "x": 80.8,
    "y": 578.5
  },
  {
    "x": 82.9,
    "y": 578.4
  },
  {
    "x": 83.5,
    "y": 578.5
  },
  {
    "x": 84.2,
    "y": 578.4
  },
  {
    "x": 86.4,
    "y": 578.6
  },
  {
    "x": 89.2,
    "y": 578.6
  },
  {
    "x": 89.2,
    "y": 578.6
  },
  {
    "x": 89.2,
    "y": 578.6
  },
  {
    "x": 90.9,
    "y": 578.9
  },
  {
    "x": 92.1,
    "y": 579
  },
  {
    "x": 94,
    "y": 579.2
  },
  {
    "x": 94.9,
    "y": 579.4
  },
  {
    "x": 100.6,
    "y": 579.7
  },
  {
    "x": 101.3,
    "y": 579.9
  },
  {
    "x": 102.2,
    "y": 579.5
  },
  {
    "x": 103.7,
    "y": 579.6
  },
  {
    "x": 104.7,
    "y": 579.6
  },
  {
    "x": 106.5,
    "y": 579.4
  },
  {
    "x": 107.2,
    "y": 579.4
  },
  {
    "x": 109.5,
    "y": 579.7
  },
  {
    "x": 109.7,
    "y": 579.8
  },
  {
    "x": 112.3,
    "y": 579.9
  },
  {
    "x": 112.3,
    "y": 579.9
  },
  {
    "x": 112.4,
    "y": 579.9
  },
  {
    "x": 115.9,
    "y": 580.3
  },
  {
    "x": 116.8,
    "y": 581.1
  },
  {
    "x": 118.3,
    "y": 581.2
  },
  {
    "x": 124.2,
    "y": 580.8
  },
  {
    "x": 125.8,
    "y": 581.1
  },
  {
    "x": 126.9,
    "y": 581.2
  },
  {
    "x": 127.7,
    "y": 581.4
  },
  {
    "x": 128.7,
    "y": 581.4
  },
  {
    "x": 131.7,
    "y": 582
  },
  {
    "x": 134,
    "y": 581.7
  },
  {
    "x": 139.1,
    "y": 581.8
  },
  {
    "x": 140.5,
    "y": 581.4
  },
  {
    "x": 142.8,
    "y": 581.9
  },
  {
    "x": 143.4,
    "y": 582
  },
  {
    "x": 145.8,
    "y": 582.3
  },
  {
    "x": 147.2,
    "y": 583.1
  },
  {
    "x": 150.9,
    "y": 584
  },
  {
    "x": 152.3,
    "y": 584.9
  },
  {
    "x": 155,
    "y": 586.6
  },
  {
    "x": 156.4,
    "y": 587.7
  },
  {
    "x": 157.6,
    "y": 589.3
  },
  {
    "x": 158.4,
    "y": 589.7
  },
  {
    "x": 160.5,
    "y": 590.3
  },
  {
    "x": 161.3,
    "y": 591
  },
  {
    "x": 161.8,
    "y": 591.1
  },
  {
    "x": 166.8,
    "y": 596.1
  },
  {
    "x": 172.7,
    "y": 598
  },
  {
    "x": 173.3,
    "y": 598
  },
  {
    "x": 178,
    "y": 600.1
  },
  {
    "x": 178,
    "y": 600.1
  },
  {
    "x": 178.3,
    "y": 600.1
  },
  {
    "x": 180.2,
    "y": 601.6
  },
  {
    "x": 182.4,
    "y": 601.8
  },
  {
    "x": 184.1,
    "y": 602.7
  },
  {
    "x": 186.1,
    "y": 603.6
  },
  {
    "x": 188.4,
    "y": 603.9
  },
  {
    "x": 189.3,
    "y": 604.2
  },
  {
    "x": 190.8,
    "y": 606.3
  },
  {
    "x": 194,
    "y": 607.5
  },
  {
    "x": 195.6,
    "y": 608
  },
  {
    "x": 200.9,
    "y": 610.5
  },
  {
    "x": 205.6,
    "y": 612.4
  },
  {
    "x": 208.2,
    "y": 615.5
  },
  {
    "x": 210,
    "y": 616.1
  },
  {
    "x": 210.9,
    "y": 616.7
  },
  {
    "x": 211.6,
    "y": 616.7
  },
  {
    "x": 219.9,
    "y": 622
  },
  {
    "x": 220.3,
    "y": 622.4
  },
  {
    "x": 221,
    "y": 622.7
  },
  {
    "x": 223.7,
    "y": 624.1
  },
  {
    "x": 226.7,
    "y": 626.7
  },
  {
    "x": 227,
    "y": 626.7
  },
  {
    "x": 227.1,
    "y": 626.7
  },
  {
    "x": 229.9,
    "y": 627.7
  },
  {
    "x": 230.2,
    "y": 627.9
  },
  {
    "x": 235,
    "y": 628.6
  },
  {
    "x": 237.8,
    "y": 628.8
  },
  {
    "x": 240.3,
    "y": 629.7
  },
  {
    "x": 241.3,
    "y": 629.3
  },
  {
    "x": 248.2,
    "y": 635.5
  },
  {
    "x": 249.9,
    "y": 635.8
  },
  {
    "x": 250.1,
    "y": 635.8
  },
  {
    "x": 250.3,
    "y": 635.8
  },
  {
    "x": 255.6,
    "y": 638.7
  },
  {
    "x": 256.1,
    "y": 638.8
  },
  {
    "x": 259.2,
    "y": 639.4
  },
  {
    "x": 260.4,
    "y": 641.3
  },
  {
    "x": 261.1,
    "y": 640.6
  },
  {
    "x": 261.6,
    "y": 640.7
  },
  {
    "x": 264.9,
    "y": 641.6
  },
  {
    "x": 279.6,
    "y": 650.8
  },
  {
    "x": 290.3,
    "y": 659.1
  },
  {
    "x": 290.7,
    "y": 659.1
  },
  {
    "x": 292.5,
    "y": 659
  },
  {
    "x": 297.4,
    "y": 658.4
  },
  {
    "x": 297.5,
    "y": 658.4
  },
  {
    "x": 298.1,
    "y": 658.4
  },
  {
    "x": 301.6,
    "y": 658.3
  },
  {
    "x": 302.5,
    "y": 658.3
  },
  {
    "x": 303.9,
    "y": 658.6
  },
  {
    "x": 306.4,
    "y": 658.5
  },
  {
    "x": 308.1,
    "y": 658.5
  },
  {
    "x": 309.7,
    "y": 658.4
  },
  {
    "x": 312.2,
    "y": 659
  },
  {
    "x": 316.8,
    "y": 659.5
  },
  {
    "x": 319.7,
    "y": 659.5
  },
  {
    "x": 319.9,
    "y": 659.5
  },
  {
    "x": 320.1,
    "y": 659.6
  },
  {
    "x": 321.2,
    "y": 659.8
  },
  {
    "x": 353.7,
    "y": 662.4
  },
  {
    "x": 365.3,
    "y": 662.9
  },
  {
    "x": 370.1,
    "y": 663.5
  },
  {
    "x": 388.2,
    "y": 663.1
  },
  {
    "x": 401.9,
    "y": 663.6
  }
]