[
  {
    "x": 0,
    "y": 577.6
  },
  {
    "x": 0.2,
    "y": 577.7
  },
  {
    "x": 0.3,
    "y": 577.7
  },
  {
    "x": 2.5,
    "y": 577.8
  },
  {
    "x": 2.7,
    "y": 577.9
  },
  {
    "x": 5,
    "y": 578.3
  },
  {
    "x": 5.1,
    "y": 578.3
  },
  {
    "x": 6.3,
    "y": 578.5
  },
  {
    "x": 7.5,
    "y": 579
  },
  {
    "x": 7.5,
    "y": 579
  },
  {
    "x": 9.6,
    "y": 579.6
  },
  {
    "x": 9.9,
    "y": 579.8
  },
  {
    "x": 12.3,
    "y": 580.2
  },
  {
    "x": 15,
    "y": 580.7
  },
  {
    "x": 15.2,
    "y": 580.7
  },
  {
    "x": 15.2,
    "y": 580.7
  },
  {
    "x": 16.7,
    "y": 581.2
  },
  {
    "x": 17.8,
    "y": 581.7
  },
  {
    "x": 18.6,
    "y": 582.2
  },
  {
    "x": 19.4,
    "y": 582.4
  },
  {
    "x": 21.9,
    "y": 584.8
  },
  {
    "x": 23.3,
    "y": 585.9
  },
  {
    "x": 24.2,
    "y": 586.7
  },
  {
    "x": 27.8,
    "y": 587.9
  },
  {
    "x": 28.6,
    "y": 588.5
  },
  {
    "x": 29.1,
    "y": 589.2
  },
  {
    "x": 30.1,
    "y": 589.5
  },
  {
    "x": 31.4,
    "y": 590.1
  },
  {
    "x": 32.3,
    "y": 591
  },
  {
    "x": 35.9,
    "y": 594.9
  },
  {
    "x": 36.2,
    "y": 595.8
  },
  {
    "x": 36.5,
    "y": 595.8
  },
  {
    "x": 47.2,
    "y": 599.3
  },
  {
    "x": 49.4,
    "y": 599.4
  },
  {
    "x": 51.7,
    "y": 600.9
  },
  {
    "x": 79.5,
    "y": 616.9
  },
  {
    "x": 81.2,
    "y": 617.6
  },
  {
    "x": 82.6,
    "y": 617.4
  },
  {
    "x": 82.7,
    "y": 617.4
  },
  {
    "x": 84.2,
    "y": 617.8
  },
  {
    "x": 85,
    "y": 617.9
  },
  {
    "x": 85.4,
    "y": 618
  },
  {
    "x": 88.9,
    "y": 619.7
  },
  {
    "x": 89.4,
    "y": 620.3
  },
  {
    "x": 89.8,
    "y": 620.4
  },
  {
    "x": 91.8,
    "y": 620.6
  },
  {
    "x": 92.3,
    "y": 620.5
  },
  {
    "x": 94.2,
    "y": 620.5
  },
  {
    "x": 94.8,
    "y": 620.5
  },
  {
    "x": 96.6,
    "y": 620.6
  },
  {
    "x": 97.3,
    "y": 620.6
  },
  {
    "x": 99,
    "y": 620.6
  },
  {
    "x": 100.3,
    "y": 620.8
  },
  {
    "x": 103.7,
    "y": 622.1
  },
  {
    "x": 106.5,
    "y": 623.6
  },
  {
    "x": 107.3,
    "y": 623.9
  },
  {
    "x": 108.5,
    "y": 624.4
  },
  {
    "x": 109.3,
    "y": 624.5
  },
  {
    "x": 110.8,
    "y": 625
  },
  {
    "x": 116,
    "y": 628.1
  },
  {
    "x": 118.6,
    "y": 629.6
  },
  {
    "x": 118.9,
    "y": 630
  },
  {
    "x": 119.5,
    "y": 630.2
  },
  {
    "x": 119.7,
    "y": 630.4
  },
  {
    "x": 123.2,
    "y": 631.8
  },
  {
    "x": 123.4,
    "y": 631.9
  },
  {
    "x": 123.4,
    "y": 631.9
  },
  {
    "x": 125.6,
    "y": 632.8
  },
  {
    "x": 127.6,
    "y": 633.6
  },
  {
    "x": 128,
    "y": 633.9
  },
  {
    "x": 130,
    "y": 635
  },
  {
    "x": 130.3,
    "y": 635.2
  },
  {
    "x": 132,
    "y": 636.1
  },
  {
    "x": 134.7,
    "y": 637.2
  },
  {
    "x": 135.5,
    "y": 638.6
  },
  {
    "x": 136.9,
    "y": 639.6
  },
  {
    "x": 139.2,
    "y": 640.8
  },
  {
    "x": 140.1,
    "y": 641.2
  },
  {
    "x": 140.6,
    "y": 641.7
  },
  {
    "x": 141.5,
    "y": 642.1
  },
  {
    "x": 142.6,
    "y": 643.6
  },
  {
    "x": 143,
    "y": 643.8
  },
  {
    "x": 143.8,
    "y": 644.3
  },
  {
    "x": 144.7,
    "y": 645.1
  },
  {
    "x": 146.5,
    "y": 646.3
  },
  {
    "x": 148.9,
    "y": 646.2
  },
  {
    "x": 151.3,
    "y": 647.9
  },
  {
    "x": 152,
    "y": 648.3
  },
  {
    "x": 152.9,
    "y": 648.5
  },
  {
    "x": 153.5,
    "y": 648.7
  },
  {
    "x": 154.6,
    "y": 649.1
  },
  {
    "x": 157.1,
    "y": 649.9
  },
  {
    "x": 157.6,
    "y": 650.4
  },
  {
    "x": 157.8,
    "y": 650.5
  },
  {
    "x": 161.9,
    "y": 653.2
  },
  {
    "x": 162,
    "y": 653.3
  },
  {
    "x": 162.1,
    "y": 653.3
  },
  {
    "x": 163.6,
    "y": 654
  },
  {
    "x": 164.1,
    "y": 654.5
  },
  {
    "x": 164.2,
    "y": 654.5
  },
  {
    "x": 164.2,
    "y": 654.5
  },
  {
    "x": 166.6,
    "y": 654.5
  },
  {
    "x": 166.8,
    "y": 654.4
  },
  {
    "x": 169.6,
    "y": 655.2
  },
  {
    "x": 170.5,
    "y": 655.3
  },
  {
    "x": 172.6,
    "y": 655.8
  },
  {
    "x": 173,
    "y": 655.9
  },
  {
    "x": 174.7,
    "y": 657.1
  },
  {
    "x": 175.7,
    "y": 657.2
  },
  {
    "x": 176,
    "y": 657.7
  },
  {
    "x": 177.1,
    "y": 658.1
  },
  {
    "x": 178.1,
    "y": 659.4
  },
  {
    "x": 179.3,
    "y": 659.3
  },
  {
    "x": 182.2,
    "y": 662.4
  },
  {
    "x": 183.9,
    "y": 662.8
  },
  {
    "x": 185.3,
    "y": 664
  },
  {
    "x": 188,
    "y": 665.1
  },
  {
    "x": 191.2,
    "y": 666.6
  },
  {
    "x": 192.3,
    "y": 666.6
  },
  {
    "x": 194,
    "y": 666.6
  },
  {
    "x": 195.5,
    "y": 666.9
  },
  {
    "x": 197.3,
    "y": 667
  },
  {
    "x": 197.7,
    "y": 667.1
  },
  {
    "x": 198,
    "y": 667.2
  },
  {
    "x": 199.6,
    "y": 667.8
  },
  {
    "x": 200.3,
    "y": 668.3
  },
  {
    "x": 204.2,
    "y": 670.1
  },
  {
    "x": 204.2,
    "y": 670.1
  },
  {
    "x": 204.2,
    "y": 670.1
  },
  {
    "x": 204.3,
    "y": 670.1
  },
  {
    "x": 206.3,
    "y": 670.8
  },
  {
    "x": 206.6,
    "y": 670.8
  },
  {
    "x": 208.6,
    "y": 671.6
  },
  {
    "x": 208.9,
    "y": 671.7
  },
  {
    "x": 210,
    "y": 672.4
  },
  {
    "x": 211.9,
    "y": 673.7
  },
  {
    "x": 212.9,
    "y": 673.8
  },
  {
    "x": 213.4,
    "y": 674.1
  },
  {
    "x": 216.7,
    "y": 675.1
  },
  {
    "x": 216.8,
    "y": 675.1
  },
  {
    "x": 217,
    "y": 675.1
  },
  {
    "x": 219.6,
    "y": 675.5
  },
  {
    "x": 221.8,
    "y": 675.5
  },
  {
    "x": 223.7,
    "y": 675.5
  },
  {
    "x": 224.4,
    "y": 675.5
  },
  {
    "x": 225.5,
    "y": 675.6
  },
  {
    "x": 226.7,
    "y": 675.7
  },
  {
    "x": 228,
    "y": 675.8
  },
  {
    "x": 229,
    "y": 675.8
  },
  {
    "x": 230.4,
    "y": 676
  },
  {
    "x": 231.4,
    "y": 676
  },
  {
    "x": 232.9,
    "y": 676.1
  },
  {
    "x": 233.7,
    "y": 676.1
  },
  {
    "x": 235.1,
    "y": 676.2
  },
  {
    "x": 235.5,
    "y": 676.2
  },
  {
    "x": 236.1,
    "y": 676.2
  },
  {
    "x": 237.9,
    "y": 676.2
  },
  {
    "x": 238.5,
    "y": 676.2
  },
  {
    "x": 240.4,
    "y": 676.3
  },
  {
    "x": 240.8,
    "y": 676.3
  },
  {
    "x": 242.9,
    "y": 676.4
  },
  {
    "x": 243.2,
    "y": 676.4
  },
  {
    "x": 245.3,
    "y": 676.5
  },
  {
    "x": 245.5,
    "y": 676.5
  },
  {
    "x": 247.8,
    "y": 676.6
  },
  {
    "x": 247.9,
    "y": 676.6
  },
  {
    "x": 250.3,
    "y": 676.7
  },
  {
    "x": 250.3,
    "y": 676.7
  },
  {
    "x": 250.3,
    "y": 676.7
  },
  {
    "x": 252.7,
    "y": 676.9
  },
  {
    "x": 252.8,
    "y": 676.9
  },
  {
    "x": 255.1,
    "y": 677
  },
  {
    "x": 255.3,
    "y": 677
  },
  {
    "x": 256.7,
    "y": 677.4
  },
  {
    "x": 259.3,
    "y": 677.5
  },
  {
    "x": 260.2,
    "y": 677.7
  },
  {
    "x": 262.1,
    "y": 677.7
  },
  {
    "x": 262.6,
    "y": 677.7
  },
  {
    "x": 265.9,
    "y": 678.7
  },
  {
    "x": 267.4,
    "y": 679
  },
  {
    "x": 269,
    "y": 679
  },
  {
    "x": 270.5,
    "y": 679
  },
  {
    "x": 272.4,
    "y": 679.2
  },
  {
    "x": 273.8,
    "y": 679.2
  },
  {
    "x": 274.9,
    "y": 679.4
  },
  {
    "x": 276.1,
    "y": 679.4
  },
  {
    "x": 277.4,
    "y": 679.4
  },
  {
    "x": 278.6,
    "y": 679.5
  },
  {
    "x": 279.7,
    "y": 679.5
  },
  {
    "x": 281,
    "y": 679.6
  },
  {
    "x": 283.3,
    "y": 679.5
  },
  {
    "x": 286.2,
    "y": 679.7
  },
  {
    "x": 287.3,
    "y": 679.9
  },
  {
    "x": 288.7,
    "y": 679.7
  },
  {
    "x": 291,
    "y": 679.8
  },
  {
    "x": 292.9,
    "y": 680
  },
  {
    "x": 294.9,
    "y": 679.9
  },
  {
    "x": 297.4,
    "y": 679.9
  },
  {
    "x": 300.4,
    "y": 679.9
  },
  {
    "x": 305.6,
    "y": 680
  },
  {
    "x": 310,
    "y": 679.9
  },
  {
    "x": 310.3,
    "y": 679.9
  },
  {
    "x": 312.2,
    "y": 680
  },
  {
    "x": 312.7,
    "y": 680
  },
  {
    "x": 313.3,
    "y": 680
  },
  {
    "x": 316.9,
    "y": 680.3
  },
  {
    "x": 318,
    "y": 680.4
  },
  {
    "x": 318.1,
    "y": 680.4
  },
  {
    "x": 318.1,
    "y": 680.4
  },
  {
    "x": 320.4,
    "y": 680.5
  },
  {
    "x": 321,
    "y": 680.5
  },
  {
    "x": 322.7,
    "y": 680.5
  },
  {
    "x": 323.8,
    "y": 680.4
  },
  {
    "x": 324.8,
    "y": 680.3
  },
  {
    "x": 325.8,
    "y": 680.4
  },
  {
    "x": 327.2,
    "y": 680.4
  },
  {
    "x": 328.4,
    "y": 680.4
  },
  {
    "x": 329.7,
    "y": 680.4
  },
  {
    "x": 329.9,
    "y": 680.4
  },
  {
    "x": 330.1,
    "y": 680.4
  }
]