[
  {
    "x": 0,
    "y": 577.3
  },
  {
    "x": 0.3,
    "y": 577.3
  },
  {
    "x": 1.1,
    "y": 577.4
  },
  {
    "x": 2.2,
    "y": 577.6
  },
  {
    "x": 3.2,
    "y": 577.6
  },
  {
    "x": 4.2,
    "y": 577.8
  },
  {
    "x": 5.1,
    "y": 577.9
  },
  {
    "x": 6.3,
    "y": 578.2
  },
  {
    "x": 7,
    "y": 578.3
  },
  {
    "x": 7.6,
    "y": 578.5
  },
  {
    "x": 8.5,
    "y": 578.5
  },
  {
    "x": 9.4,
    "y": 578.5
  },
  {
    "x": 10,
    "y": 578.6
  },
  {
    "x": 10.9,
    "y": 578.6
  },
  {
    "x": 12.1,
    "y": 578.6
  },
  {
    "x": 12.3,
    "y": 578.6
  },
  {
    "x": 12.9,
    "y": 578.6
  },
  {
    "x": 13.2,
    "y": 578.6
  },
  {
    "x": 14.6,
    "y": 578.6
  },
  {
    "x": 16,
    "y": 578.6
  },
  {
    "x": 16.9,
    "y": 578.6
  },
  {
    "x": 18.6,
    "y": 578.5
  },
  {
    "x": 20.1,
    "y": 578.7
  },
  {
    "x": 20.6,
    "y": 578.7
  },
  {
    "x": 21.1,
    "y": 578.7
  },
  {
    "x": 22.9,
    "y": 578.8
  },
  {
    "x": 24.5,
    "y": 579
  },
  {
    "x": 25.1,
    "y": 579
  },
  {
    "x": 26.3,
    "y": 579.1
  },
  {
    "x": 27,
    "y": 579.1
  },
  {
    "x": 28.6,
    "y": 579.2
  },
  {
    "x": 28.7,
    "y": 579.2
  },
  {
    "x": 30.5,
    "y": 579.6
  },
  {
    "x": 32.1,
    "y": 580.1
  },
  {
    "x": 32.2,
    "y": 580.1
  },
  {
    "x": 32.3,
    "y": 580.1
  },
  {
    "x": 34.3,
    "y": 580.6
  },
  {
    "x": 37,
    "y": 582.8
  },
  {
    "x": 37.4,
    "y": 583.1
  },
  {
    "x": 37.8,
    "y": 583.7
  },
  {
    "x": 41.3,
    "y": 585.7
  },
  {
    "x": 43.2,
    "y": 586.5
  },
  {
    "x": 44.2,
    "y": 587
  },
  {
    "x": 49.3,
    "y": 589.6
  },
  {
    "x": 49.4,
    "y": 589.8
  },
  {
    "x": 49.6,
    "y": 589.9
  },
  {
    "x": 51.2,
    "y": 590
  },
  {
    "x": 52.7,
    "y": 590.3
  },
  {
    "x": 58.8,
    "y": 590.1
  },
  {
    "x": 59.1,
    "y": 590
  },
  {
    "x": 60,
    "y": 589.8
  },
  {
    "x": 62.1,
    "y": 590.7
  },
  {
    "x": 63.5,
    "y": 590.9
  },
  {
    "x": 64,
    "y": 590.9
  },
  {
    "x": 66.9,
    "y": 592.4
  },
  {
    "x": 68,
    "y": 592.6
  },
  {
    "x": 69.1,
    "y": 593.4
  },
  {
    "x": 70.3,
    "y": 593.8
  },
  {
    "x": 71.1,
    "y": 594.3
  },
  {
    "x": 72.2,
    "y": 594.6
  },
  {
    "x": 73.7,
    "y": 596
  },
  {
    "x": 74.9,
    "y": 596.3
  },
  {
    "x": 75.5,
    "y": 596.9
  },
  {
    "x": 76.2,
    "y": 597
  },
  {
    "x": 79.2,
    "y": 598.1
  },
  {
    "x": 79.2,
    "y": 598.1
  },
  {
    "x": 82.6,
    "y": 599
  },
  {
    "x": 82.9,
    "y": 599.1
  },
  {
    "x": 83,
    "y": 599.1
  },
  {
    "x": 87,
    "y": 601.4
  },
  {
    "x": 89.5,
    "y": 602.6
  },
  {
    "x": 90.1,
    "y": 602.9
  },
  {
    "x": 91.6,
    "y": 603.3
  },
  {
    "x": 91.8,
    "y": 603.4
  },
  {
    "x": 91.9,
    "y": 603.4
  },
  {
    "x": 93.2,
    "y": 604.3
  },
  {
    "x": 95.1,
    "y": 604.8
  },
  {
    "x": 95.5,
    "y": 605
  },
  {
    "x": 97,
    "y": 605.4
  },
  {
    "x": 99,
    "y": 606.3
  },
  {
    "x": 99.1,
    "y": 606.3
  },
  {
    "x": 99.3,
    "y": 606.4
  },
  {
    "x": 100.5,
    "y": 606.7
  },
  {
    "x": 100.9,
    "y": 607
  },
  {
    "x": 102.4,
    "y": 607.2
  },
  {
    "x": 106.1,
    "y": 608.3
  },
  {
    "x": 108.3,
    "y": 609
  },
  {
    "x": 109.1,
    "y": 609.2
  },
  {
    "x": 109.9,
    "y": 609.2
  },
  {
    "x": 110.6,
    "y": 609.5
  },
  {
    "x": 111.3,
    "y": 609.7
  },
  {
    "x": 112.6,
    "y": 609.9
  },
  {
    "x": 112.6,
    "y": 609.9
  },
  {
    "x": 112.8,
    "y": 609.9
  },
  {
    "x": 113.7,
    "y": 610
  },
  {
    "x": 115.5,
    "y": 610.3
  },
  {
    "x": 116.3,
    "y": 610.8
  },
  {
    "x": 116.9,
    "y": 610.8
  },
  {
    "x": 118.3,
    "y": 610.8
  },
  {
    "x": 119.4,
    "y": 610.9
  },
  {
    "x": 120.1,
    "y": 611
  },
  {
    "x": 120.8,
    "y": 611.1
  },
  {
    "x": 121.9,
    "y": 611.2
  },
  {
    "x": 122.1,
    "y": 611.3
  },
  {
    "x": 122.2,
    "y": 611.3
  },
  {
    "x": 123.6,
    "y": 611.3
  },
  {
    "x": 125.6,
    "y": 611.4
  },
  {
    "x": 125.9,
    "y": 611.4
  },
  {
    "x": 126.3,
    "y": 611.4
  },
  {
    "x": 126.6,
    "y": 611.4
  },
  {
    "x": 128,
    "y": 611.4
  },
  {
    "x": 128.5,
    "y": 611.3
  },
  {
    "x": 130,
    "y": 611.3
  },
  {
    "x": 131,
    "y": 611.3
  },
  {
    "x": 131.2,
    "y": 611.3
  },
  {
    "x": 131.4,
    "y": 611.3
  },
  {
    "x": 132.6,
    "y": 611.3
  },
  {
    "x": 133.6,
    "y": 611.2
  },
  {
    "x": 134.1,
    "y": 611.2
  },
  {
    "x": 134.9,
    "y": 611.2
  },
  {
    "x": 135.4,
    "y": 611.2
  },
  {
    "x": 135.8,
    "y": 611.1
  },
  {
    "x": 137.3,
    "y": 611.1
  },
  {
    "x": 138,
    "y": 611.1
  },
  {
    "x": 139.3,
    "y": 611.1
  },
  {
    "x": 140.3,
    "y": 611.1
  },
  {
    "x": 141.1,
    "y": 611.1
  },
  {
    "x": 141.6,
    "y": 611.1
  },
  {
    "x": 143,
    "y": 611.1
  },
  {
    "x": 144.4,
    "y": 611.1
  },
  {
    "x": 144.7,
    "y": 611.1
  },
  {
    "x": 144.8,
    "y": 611.1
  },
  {
    "x": 145.6,
    "y": 611
  },
  {
    "x": 146.1,
    "y": 611
  },
  {
    "x": 147.2,
    "y": 610.9
  },
  {
    "x": 148.5,
    "y": 610.9
  },
  {
    "x": 149.1,
    "y": 610.8
  },
  {
    "x": 149.8,
    "y": 610.7
  },
  {
    "x": 151.1,
    "y": 610.4
  },
  {
    "x": 151.8,
    "y": 610.3
  },
  {
    "x": 152.8,
    "y": 610.1
  },
  {
    "x": 154.4,
    "y": 609.9
  },
  {
    "x": 154.5,
    "y": 609.9
  },
  {
    "x": 154.7,
    "y": 609.9
  },
  {
    "x": 156.7,
    "y": 609.9
  },
  {
    "x": 158.6,
    "y": 610
  },
  {
    "x": 158.9,
    "y": 610
  },
  {
    "x": 159.4,
    "y": 610
  },
  {
    "x": 161.6,
    "y": 609.9
  },
  {
    "x": 163.1,
    "y": 609.9
  },
  {
    "x": 163.9,
    "y": 609.9
  },
  {
    "x": 166.6,
    "y": 610
  },
  {
    "x": 167.7,
    "y": 610.1
  },
  {
    "x": 168.3,
    "y": 610.1
  },
  {
    "x": 168.5,
    "y": 610.1
  },
  {
    "x": 179,
    "y": 610
  },
  {
    "x": 179.3,
    "y": 609.9
  },
  {
    "x": 180.1,
    "y": 610.2
  }
]