[
  {
    "x": 0,
    "y": 577.5
  },
  {
    "x": 0.2,
    "y": 577.5
  },
  {
    "x": 2.7,
    "y": 577.6
  },
  {
    "x": 2.8,
    "y": 577.6
  },
  {
    "x": 2.9,
    "y": 577.6
  },
  {
    "x": 3.8,
    "y": 577.8
  },
  {
    "x": 5.1,
    "y": 577.9
  },
  {
    "x": 5.9,
    "y": 578
  },
  {
    "x": 7.4,
    "y": 578
  },
  {
    "x": 8.2,
    "y": 578.1
  },
  {
    "x": 9.6,
    "y": 578.2
  },
  {
    "x": 10.3,
    "y": 578.3
  },
  {
    "x": 10.9,
    "y": 578.4
  },
  {
    "x": 11.8,
    "y": 578.4
  },
  {
    "x": 12.7,
    "y": 578.5
  },
  {
    "x": 13.7,
    "y": 578.6
  },
  {
    "x": 16.4,
    "y": 578.8
  },
  {
    "x": 16.5,
    "y": 578.8
  },
  {
    "x": 16.5,
    "y": 578.8
  },
  {
    "x": 19,
    "y": 579.2
  },
  {
    "x": 19.6,
    "y": 579.2
  },
  {
    "x": 22,
    "y": 579.4
  },
  {
    "x": 23.4,
    "y": 579.6
  },
  {
    "x": 24,
    "y": 579.8
  },
  {
    "x": 26,
    "y": 580
  },
  {
    "x": 26.2,
    "y": 580
  },
  {
    "x": 26.4,
    "y": 580
  },
  {
    "x": 27.4,
    "y": 580.6
  },
  {
    "x": 28.6,
    "y": 580.7
  },
  {
    "x": 31,
    "y": 581.3
  },
  {
    "x": 31.5,
    "y": 581.6
  },
  {
    "x": 31.9,
    "y": 581.7
  },
  {
    "x": 32.4,
    "y": 581.7
  },
  {
    "x": 34.1,
    "y": 581.9
  },
  {
    "x": 35.8,
    "y": 582.7
  },
  {
    "x": 36.1,
    "y": 583
  },
  {
    "x": 38.8,
    "y": 583.7
  },
  {
    "x": 42,
    "y": 586.1
  },
  {
    "x": 43.7,
    "y": 586.7
  },
  {
    "x": 44.7,
    "y": 589.8
  },
  {
    "x": 47.4,
    "y": 591
  },
  {
    "x": 48.4,
    "y": 592.8
  },
  {
    "x": 49.4,
    "y": 593.4
  },
  {
    "x": 50.7,
    "y": 595.3
  },
  {
    "x": 51.4,
    "y": 595.6
  },
  {
    "x": 52.3,
    "y": 595.8
  },
  {
    "x": 53.4,
    "y": 595.8
  },
  {
    "x": 55.2,
    "y": 595.8
  },
  {
    "x": 55.6,
    "y": 595.9
  },
  {
    "x": 57,
    "y": 595.7
  },
  {
    "x": 57.9,
    "y": 595.7
  },
  {
    "x": 58.2,
    "y": 595.6
  },
  {
    "x": 60.9,
    "y": 595.8
  },
  {
    "x": 61.3,
    "y": 595.8
  },
  {
    "x": 63.4,
    "y": 596.4
  },
  {
    "x": 63.9,
    "y": 596.6
  },
  {
    "x": 64.6,
    "y": 596.9
  },
  {
    "x": 65.2,
    "y": 597.5
  },
  {
    "x": 66,
    "y": 597.9
  },
  {
    "x": 66.4,
    "y": 598.1
  },
  {
    "x": 68.5,
    "y": 601.1
  },
  {
    "x": 70,
    "y": 601.8
  },
  {
    "x": 70.1,
    "y": 601.8
  },
  {
    "x": 72,
    "y": 602.6
  },
  {
    "x": 72.4,
    "y": 602.7
  },
  {
    "x": 72.7,
    "y": 602.7
  },
  {
    "x": 74,
    "y": 603.3
  },
  {
    "x": 74.7,
    "y": 603.2
  },
  {
    "x": 75.1,
    "y": 603.4
  },
  {
    "x": 77.2,
    "y": 604
  },
  {
    "x": 77.6,
    "y": 604
  },
  {
    "x": 78.7,
    "y": 604
  },
  {
    "x": 79.6,
    "y": 604.2
  },
  {
    "x": 80.8,
    "y": 604.4
  },
  {
    "x": 83,
    "y": 605.3
  },
  {
    "x": 84,
    "y": 605.3
  },
  {
    "x": 85.1,
    "y": 605.7
  },
  {
    "x": 86.1,
    "y": 605.7
  },
  {
    "x": 87.2,
    "y": 606.3
  },
  {
    "x": 88.1,
    "y": 606.4
  },
  {
    "x": 89.3,
    "y": 606.8
  },
  {
    "x": 91,
    "y": 607.7
  },
  {
    "x": 91.9,
    "y": 607.6
  },
  {
    "x": 94.2,
    "y": 608
  },
  {
    "x": 96.9,
    "y": 608.7
  },
  {
    "x": 98.2,
    "y": 608.7
  },
  {
    "x": 99.8,
    "y": 608.8
  },
  {
    "x": 101.8,
    "y": 609.1
  },
  {
    "x": 103.6,
    "y": 609.2
  },
  {
    "x": 105.2,
    "y": 609.3
  },
  {
    "x": 106.2,
    "y": 609.3
  },
  {
    "x": 108.3,
    "y": 609.4
  },
  {
    "x": 108.6,
    "y": 609.4
  },
  {
    "x": 109.8,
    "y": 609.4
  },
  {
    "x": 111.3,
    "y": 609.4
  },
  {
    "x": 111.8,
    "y": 609.4
  },
  {
    "x": 114,
    "y": 609.3
  },
  {
    "x": 115.2,
    "y": 609.2
  },
  {
    "x": 116.8,
    "y": 609.2
  },
  {
    "x": 118.8,
    "y": 609.1
  },
  {
    "x": 119.5,
    "y": 609.1
  },
  {
    "x": 122,
    "y": 608.8
  },
  {
    "x": 122.2,
    "y": 608.8
  },
  {
    "x": 122.2,
    "y": 608.8
  },
  {
    "x": 124.9,
    "y": 608.6
  },
  {
    "x": 125.4,
    "y": 608.5
  },
  {
    "x": 126.1,
    "y": 608.5
  },
  {
    "x": 126.6,
    "y": 608.6
  }
]