[
  {
    "x": 0,
    "y": 577.2
  },
  {
    "x": 2.8,
    "y": 577.5
  },
  {
    "x": 5,
    "y": 577.6
  },
  {
    "x": 5.9,
    "y": 577.8
  },
  {
    "x": 6.9,
    "y": 578
  },
  {
    "x": 8.6,
    "y": 578.1
  },
  {
    "x": 9.7,
    "y": 578.3
  },
  {
    "x": 11.1,
    "y": 578.5
  },
  {
    "x": 13.3,
    "y": 578.7
  },
  {
    "x": 13.6,
    "y": 578.7
  },
  {
    "x": 13.9,
    "y": 578.7
  },
  {
    "x": 16.6,
    "y": 579.2
  },
  {
    "x": 17.3,
    "y": 579.4
  },
  {
    "x": 17.8,
    "y": 579.4
  },
  {
    "x": 19.5,
    "y": 579.7
  },
  {
    "x": 20,
    "y": 579.9
  },
  {
    "x": 22.6,
    "y": 580.5
  },
  {
    "x": 24.6,
    "y": 580.8
  },
  {
    "x": 24.7,
    "y": 580.7
  },
  {
    "x": 25.1,
    "y": 580.9
  },
  {
    "x": 25.3,
    "y": 580.8
  },
  {
    "x": 28.8,
    "y": 582.1
  },
  {
    "x": 30.7,
    "y": 583.4
  },
  {
    "x": 32.8,
    "y": 584
  },
  {
    "x": 33.1,
    "y": 584
  },
  {
    "x": 33.7,
    "y": 584.2
  },
  {
    "x": 34,
    "y": 584.4
  },
  {
    "x": 34.1,
    "y": 584.5
  },
  {
    "x": 37.8,
    "y": 585
  },
  {
    "x": 38,
    "y": 585.1
  },
  {
    "x": 41.1,
    "y": 585.8
  },
  {
    "x": 43.4,
    "y": 586.4
  },
  {
    "x": 44.6,
    "y": 586.8
  },
  {
    "x": 46.2,
    "y": 587.8
  },
  {
    "x": 47.9,
    "y": 588.7
  },
  {
    "x": 48.1,
    "y": 588.8
  },
  {
    "x": 49.8,
    "y": 589.5
  },
  {
    "x": 49.9,
    "y": 589.6
  },
  {
    "x": 50.2,
    "y": 589.8
  },
  {
    "x": 50.7,
    "y": 589.7
  },
  {
    "x": 52.8,
    "y": 590.7
  },
  {
    "x": 54.9,
    "y": 591.4
  },
  {
    "x": 56,
    "y": 592.2
  },
  {
    "x": 56.6,
    "y": 592.1
  },
  {
    "x": 59.1,
    "y": 593.8
  },
  {
    "x": 62.1,
    "y": 595.5
  },
  {
    "x": 62.2,
    "y": 595.7
  },
  {
    "x": 62.6,
    "y": 595.9
  },
  {
    "x": 64.3,
    "y": 596.8
  },
  {
    "x": 64.8,
    "y": 597
  },
  {
    "x": 67.2,
    "y": 599.2
  },
  {
    "x": 69,
    "y": 599.7
  },
  {
    "x": 72.3,
    "y": 601
  },
  {
    "x": 74.4,
    "y": 602.9
  },
  {
    "x": 76.5,
    "y": 603.9
  },
  {
    "x": 77.2,
    "y": 604.1
  },
  {
    "x": 78.4,
    "y": 604.7
  },
  {
    "x": 78.4,
    "y": 604.7
  },
  {
    "x": 80.4,
    "y": 605.7
  },
  {
    "x": 81,
    "y": 605.5
  },
  {
    "x": 81.5,
    "y": 605.9
  },
  {
    "x": 82.4,
    "y": 606.1
  },
  {
    "x": 83.1,
    "y": 606.5
  },
  {
    "x": 84.1,
    "y": 606.9
  },
  {
    "x": 84.9,
    "y": 607.5
  },
  {
    "x": 85.1,
    "y": 607.1
  },
  {
    "x": 87,
    "y": 608.5
  },
  {
    "x": 87,
    "y": 608.4
  },
  {
    "x": 87.7,
    "y": 609.1
  },
  {
    "x": 88.6,
    "y": 609.4
  },
  {
    "x": 90.5,
    "y": 610.3
  },
  {
    "x": 91.2,
    "y": 611
  },
  {
    "x": 91.9,
    "y": 611.3
  },
  {
    "x": 93.7,
    "y": 612.5
  },
  {
    "x": 93.8,
    "y": 612.6
  },
  {
    "x": 94.2,
    "y": 612.8
  },
  {
    "x": 95.1,
    "y": 613.6
  },
  {
    "x": 96.5,
    "y": 614.2
  },
  {
    "x": 97,
    "y": 615
  },
  {
    "x": 97.1,
    "y": 615
  },
  {
    "x": 98.5,
    "y": 615.9
  },
  {
    "x": 99.6,
    "y": 616.5
  },
  {
    "x": 102.1,
    "y": 619.3
  },
  {
    "x": 102.5,
    "y": 621.1
  },
  {
    "x": 102.9,
    "y": 619.5
  },
  {
    "x": 103.8,
    "y": 622.6
  },
  {
    "x": 109.3,
    "y": 627.3
  },
  {
    "x": 109.8,
    "y": 627.4
  },
  {
    "x": 111.3,
    "y": 627.3
  },
  {
    "x": 112.1,
    "y": 628.2
  },
  {
    "x": 114.2,
    "y": 630.3
  },
  {
    "x": 117.7,
    "y": 631.8
  },
  {
    "x": 118.3,
    "y": 632.2
  },
  {
    "x": 122.3,
    "y": 634.1
  },
  {
    "x": 123.2,
    "y": 634.2
  },
  {
    "x": 124.1,
    "y": 634.3
  },
  {
    "x": 126.6,
    "y": 636.3
  },
  {
    "x": 127.4,
    "y": 637.2
  },
  {
    "x": 127.9,
    "y": 637.3
  },
  {
    "x": 129.4,
    "y": 637.7
  },
  {
    "x": 129.4,
    "y": 637.7
  },
  {
    "x": 129.4,
    "y": 637.7
  },
  {
    "x": 132.6,
    "y": 639
  },
  {
    "x": 133.9,
    "y": 639.5
  },
  {
    "x": 136,
    "y": 640.7
  },
  {
    "x": 136.1,
    "y": 640.8
  },
  {
    "x": 136.8,
    "y": 641.3
  },
  {
    "x": 138,
    "y": 642
  },
  {
    "x": 138.6,
    "y": 642.7
  },
  {
    "x": 139.2,
    "y": 643.8
  },
  {
    "x": 140.9,
    "y": 644.6
  },
  {
    "x": 141.9,
    "y": 645.1
  },
  {
    "x": 142.7,
    "y": 646
  },
  {
    "x": 143.2,
    "y": 646.6
  },
  {
    "x": 145.3,
    "y": 648.4
  },
  {
    "x": 145.4,
    "y": 648.4
  },
  {
    "x": 146.7,
    "y": 650.2
  },
  {
    "x": 149.3,
    "y": 650.9
  },
  {
    "x": 151.3,
    "y": 653.1
  },
  {
    "x": 152.3,
    "y": 653.9
  },
  {
    "x": 153.1,
    "y": 654.3
  },
  {
    "x": 154.1,
    "y": 655
  },
  {
    "x": 157.1,
    "y": 657.8
  },
  {
    "x": 157.2,
    "y": 657.9
  },
  {
    "x": 157.2,
    "y": 657.9
  },
  {
    "x": 158.4,
    "y": 658.9
  },
  {
    "x": 158.9,
    "y": 658.7
  },
  {
    "x": 159.2,
    "y": 658.9
  },
  {
    "x": 160.6,
    "y": 659.4
  },
  {
    "x": 160.7,
    "y": 659.5
  },
  {
    "x": 160.7,
    "y": 659.5
  },
  {
    "x": 161.6,
    "y": 659.6
  },
  {
    "x": 162.2,
    "y": 660
  },
  {
    "x": 163,
    "y": 660.2
  },
  {
    "x": 163.7,
    "y": 660.5
  },
  {
    "x": 164.1,
    "y": 660.6
  },
  {
    "x": 164.8,
    "y": 660.4
  },
  {
    "x": 167.7,
    "y": 661.4
  },
  {
    "x": 171.1,
    "y": 663.2
  },
  {
    "x": 172.2,
    "y": 664
  },
  {
    "x": 172.5,
    "y": 664.4
  },
  {
    "x": 172.7,
    "y": 664.4
  },
  {
    "x": 173.5,
    "y": 665.2
  },
  {
    "x": 175.9,
    "y": 666.3
  },
  {
    "x": 176.4,
    "y": 666.6
  },
  {
    "x": 178.5,
    "y": 668
  },
  {
    "x": 179,
    "y": 668
  },
  {
    "x": 180.2,
    "y": 668.7
  },
  {
    "x": 181.6,
    "y": 670.5
  },
  {
    "x": 182,
    "y": 670.5
  },
  {
    "x": 182.6,
    "y": 671.3
  },
  {
    "x": 184.4,
    "y": 672.2
  },
  {
    "x": 184.7,
    "y": 672.6
  },
  {
    "x": 185.1,
    "y": 672.7
  },
  {
    "x": 186.3,
    "y": 674
  },
  {
    "x": 187,
    "y": 674.2
  },
  {
    "x": 187.9,
    "y": 675.1
  },
  {
    "x": 189.9,
    "y": 677.4
  },
  {
    "x": 190.1,
    "y": 677.9
  },
  {
    "x": 190.5,
    "y": 678.1
  },
  {
    "x": 191.6,
    "y": 678.9
  },
  {
    "x": 192.3,
    "y": 680.2
  },
  {
    "x": 192.5,
    "y": 680.6
  },
  {
    "x": 193.6,
    "y": 682.7
  },
  {
    "x": 193.9,
    "y": 682.9
  },
  {
    "x": 198.1,
    "y": 686.7
  },
  {
    "x": 198.3,
    "y": 686.7
  },
  {
    "x": 198.3,
    "y": 686.7
  },
  {
    "x": 200.5,
    "y": 686.5
  },
  {
    "x": 200.9,
    "y": 686.6
  },
  {
    "x": 203,
    "y": 686.4
  },
  {
    "x": 203.9,
    "y": 686.4
  },
  {
    "x": 204.3,
    "y": 686.4
  },
  {
    "x": 206,
    "y": 686.4
  },
  {
    "x": 206.8,
    "y": 686.3
  },
  {
    "x": 208.3,
    "y": 686.1
  },
  {
    "x": 210.1,
    "y": 685.9
  },
  {
    "x": 210.5,
    "y": 685.8
  },
  {
    "x": 211,
    "y": 685.9
  },
  {
    "x": 211.5,
    "y": 685.9
  },
  {
    "x": 212.7,
    "y": 685.9
  },
  {
    "x": 213.4,
    "y": 685.9
  },
  {
    "x": 214.8,
    "y": 685.9
  },
  {
    "x": 216.3,
    "y": 685.8
  },
  {
    "x": 216.8,
    "y": 685.8
  },
  {
    "x": 219.4,
    "y": 686.1
  },
  {
    "x": 220.3,
    "y": 686.3
  },
  {
    "x": 221.9,
    "y": 686.4
  },
  {
    "x": 222.5,
    "y": 686.5
  },
  {
    "x": 224.3,
    "y": 686
  },
  {
    "x": 226.4,
    "y": 685.9
  },
  {
    "x": 227.4,
    "y": 685.9
  },
  {
    "x": 229.3,
    "y": 685.6
  },
  {
    "x": 230.8,
    "y": 685.5
  },
  {
    "x": 231.2,
    "y": 685.5
  },
  {
    "x": 232.6,
    "y": 685.6
  },
  {
    "x": 233.5,
    "y": 685.5
  },
  {
    "x": 233.9,
    "y": 685.5
  },
  {
    "x": 234.2,
    "y": 685.5
  },
  {
    "x": 235.3,
    "y": 685.4
  },
  {
    "x": 235.6,
    "y": 685.5
  },
  {
    "x": 237.5,
    "y": 685.5
  },
  {
    "x": 237.6,
    "y": 685.5
  },
  {
    "x": 238.1,
    "y": 685.6
  },
  {
    "x": 239.7,
    "y": 685.5
  },
  {
    "x": 240.7,
    "y": 685.5
  },
  {
    "x": 241.1,
    "y": 685.6
  },
  {
    "x": 241.8,
    "y": 685.6
  },
  {
    "x": 242.5,
    "y": 685.5
  },
  {
    "x": 243.6,
    "y": 685.5
  },
  {
    "x": 243.8,
    "y": 685.5
  },
  {
    "x": 243.9,
    "y": 685.5
  },
  {
    "x": 246.1,
    "y": 685.5
  },
  {
    "x": 247.6,
    "y": 685.6
  },
  {
    "x": 248.7,
    "y": 685.8
  },
  {
    "x": 249.3,
    "y": 685.7
  },
  {
    "x": 249.6,
    "y": 685.8
  },
  {
    "x": 250.8,
    "y": 685.8
  },
  {
    "x": 251.2,
    "y": 685.8
  },
  {
    "x": 253.4,
    "y": 685.9
  },
  {
    "x": 253.6,
    "y": 685.9
  },
  {
    "x": 253.7,
    "y": 685.9
  },
  {
    "x": 255.7,
    "y": 685.9
  },
  {
    "x": 257.3,
    "y": 685.9
  },
  {
    "x": 257.6,
    "y": 686
  },
  {
    "x": 257.8,
    "y": 686
  },
  {
    "x": 259.8,
    "y": 685.8
  },
  {
    "x": 261.3,
    "y": 685.9
  },
  {
    "x": 261.6,
    "y": 685.9
  },
  {
    "x": 262.1,
    "y": 686.1
  },
  {
    "x": 262.2,
    "y": 686
  },
  {
    "x": 263.3,
    "y": 686
  },
  {
    "x": 263.6,
    "y": 686
  }
]