[
  {
    "x": 0,
    "y": 577.3
  },
  {
    "x": 0.2,
    "y": 577.3
  },
  {
    "x": 2,
    "y": 577.5
  },
  {
    "x": 3.4,
    "y": 577.8
  },
  {
    "x": 3.7,
    "y": 577.8
  },
  {
    "x": 4.5,
    "y": 577.9
  },
  {
    "x": 6.7,
    "y": 578.4
  },
  {
    "x": 6.8,
    "y": 578.4
  },
  {
    "x": 7.2,
    "y": 578.4
  },
  {
    "x": 9.1,
    "y": 578.5
  },
  {
    "x": 9.8,
    "y": 578.7
  },
  {
    "x": 9.8,
    "y": 578.7
  },
  {
    "x": 9.9,
    "y": 578.7
  },
  {
    "x": 12.2,
    "y": 579
  },
  {
    "x": 14.7,
    "y": 579.3
  },
  {
    "x": 14.7,
    "y": 579.3
  },
  {
    "x": 14.7,
    "y": 579.3
  },
  {
    "x": 15.5,
    "y": 579.4
  },
  {
    "x": 17.1,
    "y": 579.6
  },
  {
    "x": 17.6,
    "y": 579.8
  },
  {
    "x": 18.3,
    "y": 579.8
  },
  {
    "x": 19.6,
    "y": 579.8
  },
  {
    "x": 20.2,
    "y": 580
  },
  {
    "x": 20.6,
    "y": 580
  },
  {
    "x": 21.2,
    "y": 580.2
  },
  {
    "x": 22,
    "y": 580.2
  },
  {
    "x": 22.9,
    "y": 580.4
  },
  {
    "x": 23.9,
    "y": 580.7
  },
  {
    "x": 25.6,
    "y": 580.9
  },
  {
    "x": 26.8,
    "y": 581
  },
  {
    "x": 26.9,
    "y": 581.1
  },
  {
    "x": 27,
    "y": 581.1
  },
  {
    "x": 28.4,
    "y": 581.3
  },
  {
    "x": 29.5,
    "y": 581.3
  },
  {
    "x": 30,
    "y": 581.4
  },
  {
    "x": 31.1,
    "y": 581.7
  },
  {
    "x": 32.1,
    "y": 581.8
  },
  {
    "x": 32.9,
    "y": 582.2
  },
  {
    "x": 35,
    "y": 582.9
  },
  {
    "x": 36.2,
    "y": 583.5
  },
  {
    "x": 36.9,
    "y": 584
  },
  {
    "x": 37.8,
    "y": 583.9
  },
  {
    "x": 38.7,
    "y": 584.6
  },
  {
    "x": 40.4,
    "y": 585.1
  },
  {
    "x": 43.7,
    "y": 585.7
  },
  {
    "x": 44.1,
    "y": 586.1
  },
  {
    "x": 44.3,
    "y": 586.1
  },
  {
    "x": 44.6,
    "y": 586.3
  },
  {
    "x": 45,
    "y": 586.2
  },
  {
    "x": 45.5,
    "y": 586.4
  },
  {
    "x": 46.1,
    "y": 586.7
  },
  {
    "x": 46.7,
    "y": 587.2
  },
  {
    "x": 47.3,
    "y": 587.5
  },
  {
    "x": 48.9,
    "y": 588.5
  },
  {
    "x": 49.1,
    "y": 588.5
  },
  {
    "x": 52.2,
    "y": 591.3
  },
  {
    "x": 53.9,
    "y": 591.9
  },
  {
    "x": 55.9,
    "y": 592.5
  },
  {
    "x": 56.4,
    "y": 592.8
  },
  {
    "x": 57.2,
    "y": 592.7
  },
  {
    "x": 58.7,
    "y": 594
  },
  {
    "x": 59.7,
    "y": 594.3
  },
  {
    "x": 61.5,
    "y": 596.3
  },
  {
    "x": 62.3,
    "y": 597.1
  },
  {
    "x": 63.9,
    "y": 598.2
  },
  {
    "x": 64.8,
    "y": 598.9
  },
  {
    "x": 65.6,
    "y": 599.8
  },
  {
    "x": 67.6,
    "y": 600.6
  },
  {
    "x": 68.6,
    "y": 602.2
  },
  {
    "x": 69.5,
    "y": 603.1
  },
  {
    "x": 70.4,
    "y": 604.1
  },
  {
    "x": 71.4,
    "y": 604.7
  },
  {
    "x": 72.3,
    "y": 605.1
  },
  {
    "x": 73.2,
    "y": 606.2
  },
  {
    "x": 75.1,
    "y": 607.6
  },
  {
    "x": 75.3,
    "y": 607.9
  },
  {
    "x": 76.4,
    "y": 609.1
  },
  {
    "x": 77.8,
    "y": 609.8
  },
  {
    "x": 78.1,
    "y": 609.8
  },
  {
    "x": 78.8,
    "y": 610.1
  },
  {
    "x": 80.5,
    "y": 611.9
  },
  {
    "x": 81.7,
    "y": 613.2
  },
  {
    "x": 83.9,
    "y": 615.8
  },
  {
    "x": 84.1,
    "y": 615.3
  },
  {
    "x": 85.2,
    "y": 617.1
  },
  {
    "x": 85.4,
    "y": 616.2
  },
  {
    "x": 87.8,
    "y": 618.8
  },
  {
    "x": 89.1,
    "y": 619.8
  },
  {
    "x": 90.5,
    "y": 620.8
  },
  {
    "x": 91.7,
    "y": 622
  },
  {
    "x": 92.6,
    "y": 622.7
  },
  {
    "x": 93.3,
    "y": 623.7
  },
  {
    "x": 93.9,
    "y": 624
  },
  {
    "x": 96,
    "y": 626
  },
  {
    "x": 96.3,
    "y": 625.9
  },
  {
    "x": 96.6,
    "y": 626
  },
  {
    "x": 98.4,
    "y": 627.3
  },
  {
    "x": 100.4,
    "y": 628.5
  },
  {
    "x": 101,
    "y": 629.4
  },
  {
    "x": 103,
    "y": 630.4
  },
  {
    "x": 103.4,
    "y": 631.2
  },
  {
    "x": 104.1,
    "y": 631.3
  },
  {
    "x": 105.7,
    "y": 633
  },
  {
    "x": 106.7,
    "y": 632.9
  },
  {
    "x": 107.9,
    "y": 634.4
  },
  {
    "x": 108,
    "y": 634.3
  },
  {
    "x": 108.2,
    "y": 634.5
  },
  {
    "x": 108.3,
    "y": 634.5
  },
  {
    "x": 111.4,
    "y": 637.2
  },
  {
    "x": 114.4,
    "y": 640.7
  },
  {
    "x": 114.9,
    "y": 640.9
  },
  {
    "x": 115,
    "y": 640.8
  },
  {
    "x": 117,
    "y": 643.1
  },
  {
    "x": 117.5,
    "y": 643.1
  },
  {
    "x": 117.9,
    "y": 643.8
  },
  {
    "x": 119.5,
    "y": 644.7
  },
  {
    "x": 121.4,
    "y": 645.4
  },
  {
    "x": 124,
    "y": 648.7
  },
  {
    "x": 124.1,
    "y": 648.7
  },
  {
    "x": 126.1,
    "y": 650.5
  },
  {
    "x": 127,
    "y": 650.3
  },
  {
    "x": 128.1,
    "y": 650.9
  },
  {
    "x": 131.1,
    "y": 653.1
  },
  {
    "x": 132.7,
    "y": 654.4
  },
  {
    "x": 132.9,
    "y": 654.7
  },
  {
    "x": 133.1,
    "y": 654.7
  },
  {
    "x": 133.9,
    "y": 656.1
  },
  {
    "x": 135.9,
    "y": 657.2
  },
  {
    "x": 137.2,
    "y": 657.5
  },
  {
    "x": 139.7,
    "y": 659.8
  },
  {
    "x": 139.9,
    "y": 658.6
  },
  {
    "x": 140.8,
    "y": 659.8
  },
  {
    "x": 142.4,
    "y": 658.7
  },
  {
    "x": 143.3,
    "y": 660.2
  },
  {
    "x": 145.2,
    "y": 659.3
  },
  {
    "x": 145.9,
    "y": 660.3
  },
  {
    "x": 145.9,
    "y": 660.3
  },
  {
    "x": 147.9,
    "y": 660.2
  },
  {
    "x": 148.4,
    "y": 660.6
  },
  {
    "x": 148.9,
    "y": 660.4
  },
  {
    "x": 150.6,
    "y": 660.6
  },
  {
    "x": 150.6,
    "y": 660.5
  },
  {
    "x": 153,
    "y": 660.9
  },
  {
    "x": 153.4,
    "y": 660.9
  },
  {
    "x": 154.2,
    "y": 661.2
  },
  {
    "x": 155.5,
    "y": 662
  },
  {
    "x": 156.2,
    "y": 661.5
  },
  {
    "x": 156.9,
    "y": 662.1
  },
  {
    "x": 157.7,
    "y": 661.7
  },
  {
    "x": 158.5,
    "y": 662.2
  },
  {
    "x": 158.9,
    "y": 661.8
  },
  {
    "x": 159.5,
    "y": 662.5
  },
  {
    "x": 160.6,
    "y": 662.2
  },
  {
    "x": 161.1,
    "y": 663
  },
  {
    "x": 161.8,
    "y": 662.6
  },
  {
    "x": 162.2,
    "y": 663.5
  },
  {
    "x": 162.8,
    "y": 663.2
  },
  {
    "x": 164.7,
    "y": 664.6
  },
  {
    "x": 164.9,
    "y": 664.6
  },
  {
    "x": 165.8,
    "y": 664.8
  },
  {
    "x": 166.1,
    "y": 665.1
  },
  {
    "x": 166.5,
    "y": 665.4
  },
  {
    "x": 169.7,
    "y": 666.8
  },
  {
    "x": 172.7,
    "y": 668.9
  },
  {
    "x": 173.3,
    "y": 669.2
  },
  {
    "x": 174.1,
    "y": 669.2
  },
  {
    "x": 175.7,
    "y": 670.3
  },
  {
    "x": 176.3,
    "y": 670.6
  },
  {
    "x": 177,
    "y": 670.3
  },
  {
    "x": 182.2,
    "y": 673
  },
  {
    "x": 186,
    "y": 673.9
  },
  {
    "x": 186,
    "y": 673.9
  },
  {
    "x": 186.1,
    "y": 673.9
  },
  {
    "x": 187.9,
    "y": 674.7
  },
  {
    "x": 189.9,
    "y": 674.9
  },
  {
    "x": 190.5,
    "y": 675.7
  },
  {
    "x": 191.2,
    "y": 676.6
  },
  {
    "x": 193,
    "y": 677.5
  },
  {
    "x": 193.3,
    "y": 677.6
  },
  {
    "x": 195.1,
    "y": 679.2
  },
  {
    "x": 195.2,
    "y": 679.4
  },
  {
    "x": 195.4,
    "y": 679.3
  },
  {
    "x": 196.4,
    "y": 680.3
  },
  {
    "x": 198.5,
    "y": 682.6
  },
  {
    "x": 199.1,
    "y": 683.1
  },
  {
    "x": 205.6,
    "y": 685.9
  },
  {
    "x": 211.6,
    "y": 689.9
  },
  {
    "x": 211.8,
    "y": 689.8
  },
  {
    "x": 230.5,
    "y": 692.2
  },
  {
    "x": 238.7,
    "y": 693.7
  },
  {
    "x": 249.3,
    "y": 695.6
  },
  {
    "x": 252.3,
    "y": 696.1
  },
  {
    "x": 254.9,
    "y": 695.3
  },
  {
    "x": 256.8,
    "y": 695
  },
  {
    "x": 257.2,
    "y": 695
  },
  {
    "x": 278.9,
    "y": 691.5
  },
  {
    "x": 285.2,
    "y": 691
  },
  {
    "x": 285.8,
    "y": 691
  },
  {
    "x": 289,
    "y": 691.3
  },
  {
    "x": 289.5,
    "y": 691.5
  },
  {
    "x": 296.8,
    "y": 690.7
  },
  {
    "x": 298.2,
    "y": 690.4
  },
  {
    "x": 299.4,
    "y": 690.1
  },
  {
    "x": 301.9,
    "y": 690.3
  },
  {
    "x": 302.4,
    "y": 690.3
  },
  {
    "x": 302.9,
    "y": 690.3
  },
  {
    "x": 305.5,
    "y": 690.5
  },
  {
    "x": 308.2,
    "y": 690.6
  },
  {
    "x": 310,
    "y": 690.5
  },
  {
    "x": 316.5,
    "y": 690.3
  },
  {
    "x": 320.6,
    "y": 689.5
  }
]