[
  {
    "x": 0,
    "y": 578
  },
  {
    "x": 2.1,
    "y": 578.5
  },
  {
    "x": 3.5,
    "y": 578.5
  },
  {
    "x": 4.6,
    "y": 578.7
  },
  {
    "x": 5.6,
    "y": 578.7
  },
  {
    "x": 7.1,
    "y": 578.8
  },
  {
    "x": 7.5,
    "y": 578.8
  },
  {
    "x": 12.3,
    "y": 579.1
  },
  {
    "x": 15.3,
    "y": 579
  },
  {
    "x": 18,
    "y": 579.2
  },
  {
    "x": 23.6,
    "y": 579.8
  },
  {
    "x": 24.1,
    "y": 579.9
  },
  {
    "x": 30.3,
    "y": 584.6
  },
  {
    "x": 45.8,
    "y": 594.2
  },
  {
    "x": 61.9,
    "y": 600.1
  },
  {
    "x": 68.8,
    "y": 602.7
  },
  {
    "x": 91.4,
    "y": 621.9
  },
  {
    "x": 120.3,
    "y": 630.4
  },
  {
    "x": 123.5,
    "y": 632.7
  },
  {
    "x": 125.5,
    "y": 634.1
  },
  {
    "x": 131.1,
    "y": 637.4
  },
  {
    "x": 160.3,
    "y": 649.2
  },
  {
    "x": 178.6,
    "y": 668.5
  },
  {
    "x": 180,
    "y": 668.6
  },
  {
    "x": 185.6,
    "y": 670.3
  },
  {
    "x": 186.8,
    "y": 673.6
  },
  {
    "x": 194.4,
    "y": 676.7
  },
  {
    "x": 201.5,
    "y": 679.5
  },
  {
    "x": 204.1,
    "y": 679.4
  },
  {
    "x": 208,
    "y": 681.6
  },
  {
    "x": 214.3,
    "y": 684.6
  },
  {
    "x": 220.7,
    "y": 693.7
  },
  {
    "x": 227.3,
    "y": 696.9
  },
  {
    "x": 229.8,
    "y": 696.9
  },
  {
    "x": 234.6,
    "y": 696.8
  },
  {
    "x": 235.1,
    "y": 696.8
  },
  {
    "x": 240.7,
    "y": 696.8
  },
  {
    "x": 244.8,
    "y": 696.8
  },
  {
    "x": 248.6,
    "y": 696.7
  },
  {
    "x": 252.3,
    "y": 696.6
  },
  {
    "x": 255.2,
    "y": 696.6
  },
  {
    "x": 258.2,
    "y": 696.6
  },
  {
    "x": 261.6,
    "y": 696.5
  },
  {
    "x": 262.3,
    "y": 696.5
  },
  {
    "x": 262.8,
    "y": 696.5
  },
  {
    "x": 264.6,
    "y": 696.5
  },
  {
    "x": 265.9,
    "y": 696.5
  },
  {
    "x": 267.3,
    "y": 696.5
  },
  {
    "x": 268.8,
    "y": 696.5
  },
  {
    "x": 270.6,
    "y": 696.5
  },
  {
    "x": 276.6,
    "y": 696.4
  }
]