[
  {
    "x": 0,
    "y": 579.1
  },
  {
    "x": 0.2,
    "y": 579.1
  },
  {
    "x": 0.4,
    "y": 578.8
  },
  {
    "x": 1.5,
    "y": 578.9
  },
  {
    "x": 3.5,
    "y": 580
  },
  {
    "x": 3.9,
    "y": 579.9
  },
  {
    "x": 4.3,
    "y": 580
  },
  {
    "x": 7.6,
    "y": 579.6
  },
  {
    "x": 12.2,
    "y": 580.2
  },
  {
    "x": 25.7,
    "y": 580.6
  },
  {
    "x": 29,
    "y": 579.6
  },
  {
    "x": 30.2,
    "y": 579.6
  },
  {
    "x": 32.5,
    "y": 579.9
  },
  {
    "x": 37.5,
    "y": 580.7
  },
  {
    "x": 40.4,
    "y": 580.7
  },
  {
    "x": 44.5,
    "y": 580.5
  },
  {
    "x": 45.2,
    "y": 580.6
  },
  {
    "x": 46.7,
    "y": 580.6
  },
  {
    "x": 48,
    "y": 580.6
  },
  {
    "x": 49.6,
    "y": 580.5
  },
  {
    "x": 50.6,
    "y": 580.5
  },
  {
    "x": 52.5,
    "y": 580.6
  },
  {
    "x": 53,
    "y": 580.5
  },
  {
    "x": 54.3,
    "y": 580.7
  },
  {
    "x": 56.3,
    "y": 580.7
  },
  {
    "x": 58.5,
    "y": 580.9
  },
  {
    "x": 59.6,
    "y": 580.9
  },
  {
    "x": 61.1,
    "y": 580.9
  },
  {
    "x": 64.4,
    "y": 581.2
  },
  {
    "x": 64.7,
    "y": 581.3
  },
  {
    "x": 65.7,
    "y": 581.4
  },
  {
    "x": 66.5,
    "y": 581.4
  },
  {
    "x": 66.8,
    "y": 581.5
  },
  {
    "x": 70.1,
    "y": 581.7
  },
  {
    "x": 70.3,
    "y": 581.7
  },
  {
    "x": 70.3,
    "y": 581.7
  },
  {
    "x": 70.5,
    "y": 581.7
  },
  {
    "x": 72.7,
    "y": 581.9
  },
  {
    "x": 73,
    "y": 581.9
  },
  {
    "x": 75.7,
    "y": 582.4
  },
  {
    "x": 75.9,
    "y": 582.3
  },
  {
    "x": 81.8,
    "y": 582.8
  },
  {
    "x": 81.9,
    "y": 582.8
  },
  {
    "x": 82.1,
    "y": 582.8
  },
  {
    "x": 85.1,
    "y": 582.9
  },
  {
    "x": 88,
    "y": 583.2
  },
  {
    "x": 88.2,
    "y": 583.3
  },
  {
    "x": 90.8,
    "y": 584.1
  },
  {
    "x": 91.1,
    "y": 584.2
  },
  {
    "x": 95.2,
    "y": 586
  },
  {
    "x": 103.7,
    "y": 593.6
  },
  {
    "x": 105.3,
    "y": 591.2
  },
  {
    "x": 106.2,
    "y": 590.7
  },
  {
    "x": 117.1,
    "y": 596.8
  },
  {
    "x": 124.8,
    "y": 602.9
  },
  {
    "x": 129.9,
    "y": 605.5
  },
  {
    "x": 130.2,
    "y": 605.5
  },
  {
    "x": 132.4,
    "y": 606.2
  },
  {
    "x": 133.5,
    "y": 606.3
  },
  {
    "x": 135.6,
    "y": 607.1
  },
  {
    "x": 138.7,
    "y": 610.1
  },
  {
    "x": 139,
    "y": 610.1
  },
  {
    "x": 139.7,
    "y": 610.2
  },
  {
    "x": 142.2,
    "y": 612.2
  },
  {
    "x": 143.8,
    "y": 611.5
  },
  {
    "x": 147,
    "y": 612.4
  },
  {
    "x": 162.6,
    "y": 616.8
  },
  {
    "x": 171.9,
    "y": 621.8
  },
  {
    "x": 172.2,
    "y": 621.8
  },
  {
    "x": 172.7,
    "y": 622.3
  },
  {
    "x": 175.2,
    "y": 623.1
  },
  {
    "x": 191.4,
    "y": 626.9
  },
  {
    "x": 195.4,
    "y": 629.7
  },
  {
    "x": 205.6,
    "y": 636.7
  },
  {
    "x": 214.7,
    "y": 641.5
  },
  {
    "x": 224.6,
    "y": 653.4
  },
  {
    "x": 239.9,
    "y": 651.9
  },
  {
    "x": 239.9,
    "y": 651.9
  },
  {
    "x": 251.5,
    "y": 651
  },
  {
    "x": 256.4,
    "y": 650.9
  },
  {
    "x": 259.4,
    "y": 650.7
  },
  {
    "x": 260.3,
    "y": 650.7
  },
  {
    "x": 264.1,
    "y": 650.6
  },
  {
    "x": 270,
    "y": 652.3
  },
  {
    "x": 271.6,
    "y": 654.3
  },
  {
    "x": 276.8,
    "y": 655.2
  },
  {
    "x": 279.1,
    "y": 657.5
  },
  {
    "x": 279.9,
    "y": 657.5
  },
  {
    "x": 281.2,
    "y": 658.8
  },
  {
    "x": 282.4,
    "y": 659.2
  },
  {
    "x": 284.5,
    "y": 659.8
  },
  {
    "x": 285.1,
    "y": 658.9
  },
  {
    "x": 294.5,
    "y": 661.1
  },
  {
    "x": 295.5,
    "y": 660.8
  },
  {
    "x": 296.2,
    "y": 661.2
  },
  {
    "x": 296.5,
    "y": 661.2
  },
  {
    "x": 301.3,
    "y": 661.4
  },
  {
    "x": 301.3,
    "y": 661.5
  },
  {
    "x": 305.5,
    "y": 661.9
  },
  {
    "x": 308.4,
    "y": 662
  },
  {
    "x": 308.8,
    "y": 662.1
  },
  {
    "x": 309.1,
    "y": 662
  },
  {
    "x": 312.5,
    "y": 662.1
  },
  {
    "x": 313.5,
    "y": 661.8
  },
  {
    "x": 315.3,
    "y": 661.8
  },
  {
    "x": 315.8,
    "y": 661.9
  },
  {
    "x": 316.3,
    "y": 661.8
  },
  {
    "x": 318.1,
    "y": 661.8
  },
  {
    "x": 318.7,
    "y": 661.6
  },
  {
    "x": 320.5,
    "y": 661.6
  },
  {
    "x": 322.1,
    "y": 661.6
  },
  {
    "x": 323,
    "y": 661.6
  },
  {
    "x": 323.7,
    "y": 661.5
  },
  {
    "x": 325.3,
    "y": 661.6
  },
  {
    "x": 326.8,
    "y": 661.7
  },
  {
    "x": 327.7,
    "y": 661.8
  },
  {
    "x": 328.7,
    "y": 661.9
  },
  {
    "x": 330.1,
    "y": 662
  },
  {
    "x": 331.3,
    "y": 662.1
  },
  {
    "x": 332.6,
    "y": 662.1
  },
  {
    "x": 335,
    "y": 662.1
  },
  {
    "x": 337.2,
    "y": 661.9
  },
  {
    "x": 338.7,
    "y": 661.9
  },
  {
    "x": 339.6,
    "y": 661.9
  },
  {
    "x": 340.7,
    "y": 661.9
  },
  {
    "x": 343.4,
    "y": 662.2
  },
  {
    "x": 348.3,
    "y": 662.2
  },
  {
    "x": 349.1,
    "y": 662.7
  },
  {
    "x": 351.4,
    "y": 662.7
  },
  {
    "x": 351.6,
    "y": 662.8
  },
  {
    "x": 353.9,
    "y": 663.1
  },
  {
    "x": 354.3,
    "y": 663.2
  },
  {
    "x": 354.6,
    "y": 663.2
  },
  {
    "x": 358.9,
    "y": 663.1
  },
  {
    "x": 359.1,
    "y": 663.1
  },
  {
    "x": 361.2,
    "y": 662.7
  },
  {
    "x": 361.3,
    "y": 662.8
  },
  {
    "x": 363.9,
    "y": 662.9
  },
  {
    "x": 365.9,
    "y": 662.9
  },
  {
    "x": 366,
    "y": 662.9
  },
  {
    "x": 366,
    "y": 662.9
  },
  {
    "x": 366.8,
    "y": 662.9
  },
  {
    "x": 367,
    "y": 663.1
  }
]