[
  {
    "x": 0,
    "y": 577.5
  },
  {
    "x": 1.8,
    "y": 577.7
  },
  {
    "x": 2.1,
    "y": 577.7
  },
  {
    "x": 2.1,
    "y": 577.7
  },
  {
    "x": 4.2,
    "y": 577.8
  },
  {
    "x": 4.6,
    "y": 577.9
  },
  {
    "x": 6.3,
    "y": 578.1
  },
  {
    "x": 7,
    "y": 578.2
  },
  {
    "x": 9.3,
    "y": 578.7
  },
  {
    "x": 9.5,
    "y": 578.7
  },
  {
    "x": 9.9,
    "y": 578.9
  },
  {
    "x": 12,
    "y": 579.5
  },
  {
    "x": 12.1,
    "y": 579.5
  },
  {
    "x": 13.5,
    "y": 579.8
  },
  {
    "x": 14.2,
    "y": 579.8
  },
  {
    "x": 14.7,
    "y": 579.8
  },
  {
    "x": 15.7,
    "y": 580.1
  },
  {
    "x": 16.8,
    "y": 580.1
  },
  {
    "x": 18.3,
    "y": 580.4
  },
  {
    "x": 19,
    "y": 580.4
  },
  {
    "x": 19.1,
    "y": 580.4
  },
  {
    "x": 20.7,
    "y": 580.6
  },
  {
    "x": 21.8,
    "y": 580.7
  },
  {
    "x": 22.1,
    "y": 580.7
  },
  {
    "x": 24.1,
    "y": 581
  },
  {
    "x": 24.8,
    "y": 581
  },
  {
    "x": 26.3,
    "y": 581.1
  },
  {
    "x": 28.2,
    "y": 581.2
  },
  {
    "x": 28.3,
    "y": 581.2
  },
  {
    "x": 28.4,
    "y": 581.2
  },
  {
    "x": 30.8,
    "y": 581.3
  },
  {
    "x": 32.7,
    "y": 581.6
  },
  {
    "x": 33,
    "y": 581.7
  },
  {
    "x": 35.2,
    "y": 582.3
  },
  {
    "x": 35.3,
    "y": 582.3
  },
  {
    "x": 35.4,
    "y": 582.3
  },
  {
    "x": 38.9,
    "y": 582.6
  },
  {
    "x": 39.7,
    "y": 582.7
  },
  {
    "x": 41.1,
    "y": 582.5
  },
  {
    "x": 41.6,
    "y": 582.4
  },
  {
    "x": 42.1,
    "y": 582.5
  },
  {
    "x": 43.8,
    "y": 582.5
  },
  {
    "x": 44.9,
    "y": 582.5
  },
  {
    "x": 46.3,
    "y": 582.7
  },
  {
    "x": 47.3,
    "y": 582.5
  },
  {
    "x": 47.7,
    "y": 582.8
  },
  {
    "x": 48.7,
    "y": 582.7
  },
  {
    "x": 48.8,
    "y": 582.7
  },
  {
    "x": 51,
    "y": 582.6
  },
  {
    "x": 52.5,
    "y": 582.7
  },
  {
    "x": 52.8,
    "y": 582.6
  },
  {
    "x": 55.2,
    "y": 582.4
  },
  {
    "x": 55.4,
    "y": 582.3
  },
  {
    "x": 55.4,
    "y": 582.4
  },
  {
    "x": 55.5,
    "y": 582.3
  },
  {
    "x": 57.7,
    "y": 582.4
  },
  {
    "x": 58.1,
    "y": 582.3
  },
  {
    "x": 59.3,
    "y": 582.1
  },
  {
    "x": 60.1,
    "y": 582
  },
  {
    "x": 60.8,
    "y": 582.1
  },
  {
    "x": 61.2,
    "y": 582.2
  },
  {
    "x": 62.5,
    "y": 581.9
  },
  {
    "x": 63.1,
    "y": 581.9
  },
  {
    "x": 63.7,
    "y": 581.9
  },
  {
    "x": 65.6,
    "y": 581.7
  },
  {
    "x": 67.2,
    "y": 581.5
  },
  {
    "x": 68,
    "y": 581.4
  },
  {
    "x": 69.4,
    "y": 581.4
  },
  {
    "x": 70.2,
    "y": 581.3
  },
  {
    "x": 70.5,
    "y": 581.3
  },
  {
    "x": 72.3,
    "y": 581.5
  },
  {
    "x": 73.4,
    "y": 581.5
  },
  {
    "x": 74.2,
    "y": 581.5
  },
  {
    "x": 76,
    "y": 581.7
  },
  {
    "x": 76.2,
    "y": 581.7
  },
  {
    "x": 76.4,
    "y": 581.6
  },
  {
    "x": 78.7,
    "y": 581.6
  },
  {
    "x": 80.4,
    "y": 581.6
  },
  {
    "x": 81.2,
    "y": 581.6
  },
  {
    "x": 81.7,
    "y": 581.7
  },
  {
    "x": 82,
    "y": 581.6
  },
  {
    "x": 83.7,
    "y": 581.9
  },
  {
    "x": 83.7,
    "y": 581.9
  },
  {
    "x": 83.7,
    "y": 581.9
  },
  {
    "x": 84,
    "y": 582
  },
  {
    "x": 85.8,
    "y": 582.1
  },
  {
    "x": 86.2,
    "y": 582.3
  },
  {
    "x": 87.8,
    "y": 582.4
  },
  {
    "x": 89,
    "y": 582.6
  },
  {
    "x": 89.5,
    "y": 582.6
  },
  {
    "x": 89.9,
    "y": 582.7
  },
  {
    "x": 91.5,
    "y": 582.9
  },
  {
    "x": 92.3,
    "y": 582.9
  },
  {
    "x": 93.4,
    "y": 583
  },
  {
    "x": 93.9,
    "y": 583
  },
  {
    "x": 94.1,
    "y": 583
  },
  {
    "x": 95.4,
    "y": 583
  },
  {
    "x": 96.6,
    "y": 583.1
  },
  {
    "x": 96.6,
    "y": 583.1
  },
  {
    "x": 98.5,
    "y": 583.2
  },
  {
    "x": 98.7,
    "y": 583.1
  },
  {
    "x": 103.2,
    "y": 583.4
  },
  {
    "x": 103.4,
    "y": 583.3
  },
  {
    "x": 103.8,
    "y": 583.5
  },
  {
    "x": 105.4,
    "y": 583.8
  },
  {
    "x": 105.6,
    "y": 583.6
  },
  {
    "x": 116,
    "y": 588.5
  },
  {
    "x": 139.1,
    "y": 593
  },
  {
    "x": 146.7,
    "y": 595.4
  },
  {
    "x": 155.1,
    "y": 595.5
  },
  {
    "x": 157.5,
    "y": 595.5
  },
  {
    "x": 170,
    "y": 595.7
  },
  {
    "x": 174.8,
    "y": 595.8
  },
  {
    "x": 176.4,
    "y": 596.1
  },
  {
    "x": 177.6,
    "y": 596
  },
  {
    "x": 178.9,
    "y": 595.9
  },
  {
    "x": 180.4,
    "y": 595.9
  },
  {
    "x": 182.5,
    "y": 596.1
  },
  {
    "x": 182.9,
    "y": 596.2
  },
  {
    "x": 186.8,
    "y": 598
  },
  {
    "x": 204.8,
    "y": 602.2
  },
  {
    "x": 205,
    "y": 602.3
  },
  {
    "x": 210,
    "y": 604.9
  },
  {
    "x": 210.5,
    "y": 604.8
  },
  {
    "x": 211.1,
    "y": 605
  },
  {
    "x": 215,
    "y": 606.2
  },
  {
    "x": 216.3,
    "y": 606.8
  },
  {
    "x": 216.7,
    "y": 607.4
  },
  {
    "x": 217.4,
    "y": 606.9
  },
  {
    "x": 243.1,
    "y": 615
  },
  {
    "x": 258.2,
    "y": 619.4
  },
  {
    "x": 301.5,
    "y": 638.4
  },
  {
    "x": 303,
    "y": 639
  },
  {
    "x": 303.6,
    "y": 639.1
  },
  {
    "x": 313.1,
    "y": 642.1
  },
  {
    "x": 314.6,
    "y": 643.2
  },
  {
    "x": 316.1,
    "y": 644
  },
  {
    "x": 317.5,
    "y": 644.8
  },
  {
    "x": 318.1,
    "y": 645.3
  },
  {
    "x": 319.4,
    "y": 645.5
  },
  {
    "x": 320.2,
    "y": 646.4
  },
  {
    "x": 322,
    "y": 646.7
  },
  {
    "x": 331.2,
    "y": 652.2
  },
  {
    "x": 333.8,
    "y": 652.4
  },
  {
    "x": 333.9,
    "y": 652.7
  },
  {
    "x": 334.2,
    "y": 652.7
  },
  {
    "x": 338.7,
    "y": 652.8
  },
  {
    "x": 338.8,
    "y": 652.9
  },
  {
    "x": 339.2,
    "y": 653
  },
  {
    "x": 340.9,
    "y": 653.3
  },
  {
    "x": 342.3,
    "y": 653.7
  },
  {
    "x": 344,
    "y": 654
  },
  {
    "x": 345.1,
    "y": 654.3
  },
  {
    "x": 346.5,
    "y": 654.6
  },
  {
    "x": 347.8,
    "y": 655.4
  },
  {
    "x": 349.7,
    "y": 656
  },
  {
    "x": 358.5,
    "y": 661.1
  },
  {
    "x": 359.9,
    "y": 661.8
  },
  {
    "x": 361.7,
    "y": 662.2
  },
  {
    "x": 363.7,
    "y": 663.4
  },
  {
    "x": 364.2,
    "y": 663.6
  },
  {
    "x": 365.7,
    "y": 663.8
  },
  {
    "x": 368.6,
    "y": 665.2
  },
  {
    "x": 369.5,
    "y": 665.3
  },
  {
    "x": 371,
    "y": 665.5
  },
  {
    "x": 372,
    "y": 665.9
  },
  {
    "x": 372.5,
    "y": 665.9
  },
  {
    "x": 374,
    "y": 666.5
  },
  {
    "x": 375.4,
    "y": 667
  },
  {
    "x": 376,
    "y": 666.9
  },
  {
    "x": 376.5,
    "y": 667.1
  },
  {
    "x": 379.6,
    "y": 667.6
  },
  {
    "x": 381.1,
    "y": 668
  },
  {
    "x": 383.7,
    "y": 668.6
  },
  {
    "x": 384.9,
    "y": 669
  },
  {
    "x": 386.9,
    "y": 669.2
  },
  {
    "x": 387.3,
    "y": 669.3
  },
  {
    "x": 388.2,
    "y": 669.2
  },
  {
    "x": 392.9,
    "y": 669.1
  },
  {
    "x": 396.9,
    "y": 669.4
  },
  {
    "x": 401.5,
    "y": 669.6
  },
  {
    "x": 402.4,
    "y": 669.6
  },
  {
    "x": 404.8,
    "y": 669.9
  },
  {
    "x": 406.4,
    "y": 670.2
  },
  {
    "x": 407,
    "y": 670
  },
  {
    "x": 408,
    "y": 670.1
  },
  {
    "x": 409.9,
    "y": 670.8
  },
  {
    "x": 411.9,
    "y": 670.7
  },
  {
    "x": 413.1,
    "y": 670.7
  },
  {
    "x": 414.2,
    "y": 670.4
  },
  {
    "x": 415.5,
    "y": 670.3
  },
  {
    "x": 417.5,
    "y": 669.9
  },
  {
    "x": 418.3,
    "y": 669.9
  },
  {
    "x": 420.3,
    "y": 670
  },
  {
    "x": 423.6,
    "y": 670.1
  }
]