[
  {
    "x": 0,
    "y": 577.2
  },
  {
    "x": 1.3,
    "y": 577.2
  },
  {
    "x": 1.9,
    "y": 577.3
  },
  {
    "x": 2.7,
    "y": 577.3
  },
  {
    "x": 4.5,
    "y": 577.6
  },
  {
    "x": 6.3,
    "y": 577.9
  },
  {
    "x": 6.9,
    "y": 578
  },
  {
    "x": 8,
    "y": 578.3
  },
  {
    "x": 9.2,
    "y": 578.5
  },
  {
    "x": 9.9,
    "y": 578.6
  },
  {
    "x": 10.2,
    "y": 578.6
  },
  {
    "x": 12.5,
    "y": 578.8
  },
  {
    "x": 12.6,
    "y": 578.9
  },
  {
    "x": 12.7,
    "y": 578.9
  },
  {
    "x": 13.3,
    "y": 578.9
  },
  {
    "x": 15.1,
    "y": 579.1
  },
  {
    "x": 15.4,
    "y": 579.1
  },
  {
    "x": 16.3,
    "y": 579.3
  },
  {
    "x": 17.8,
    "y": 579.3
  },
  {
    "x": 18.2,
    "y": 579.5
  },
  {
    "x": 19.8,
    "y": 579.8
  },
  {
    "x": 20.8,
    "y": 580.4
  },
  {
    "x": 21,
    "y": 580.4
  },
  {
    "x": 21.3,
    "y": 580.4
  },
  {
    "x": 23.7,
    "y": 581
  },
  {
    "x": 25.8,
    "y": 582.4
  },
  {
    "x": 26.3,
    "y": 582.7
  },
  {
    "x": 26.6,
    "y": 583.2
  },
  {
    "x": 29,
    "y": 583.6
  },
  {
    "x": 29.1,
    "y": 583.6
  },
  {
    "x": 29.3,
    "y": 583.7
  },
  {
    "x": 30.2,
    "y": 583.7
  },
  {
    "x": 31.6,
    "y": 583.7
  },
  {
    "x": 32.5,
    "y": 583.7
  },
  {
    "x": 34.4,
    "y": 584.1
  },
  {
    "x": 35.2,
    "y": 584.3
  },
  {
    "x": 37.5,
    "y": 584.7
  },
  {
    "x": 37.5,
    "y": 584.7
  },
  {
    "x": 37.7,
    "y": 584.7
  },
  {
    "x": 42,
    "y": 587.6
  },
  {
    "x": 43.4,
    "y": 588.3
  },
  {
    "x": 44.7,
    "y": 588.9
  },
  {
    "x": 46.6,
    "y": 589.6
  },
  {
    "x": 47.2,
    "y": 590.3
  },
  {
    "x": 47.3,
    "y": 590.3
  },
  {
    "x": 49.4,
    "y": 591
  },
  {
    "x": 49.6,
    "y": 591.1
  },
  {
    "x": 49.7,
    "y": 591.2
  },
  {
    "x": 49.8,
    "y": 591.2
  },
  {
    "x": 51.7,
    "y": 591.6
  },
  {
    "x": 52.4,
    "y": 592.1
  },
  {
    "x": 53.8,
    "y": 592.5
  },
  {
    "x": 54.1,
    "y": 592.7
  },
  {
    "x": 56,
    "y": 593.1
  },
  {
    "x": 57.5,
    "y": 594.3
  },
  {
    "x": 58.7,
    "y": 594.4
  },
  {
    "x": 60.2,
    "y": 594.9
  },
  {
    "x": 60.9,
    "y": 594.9
  },
  {
    "x": 62.6,
    "y": 597.3
  },
  {
    "x": 64.5,
    "y": 599.1
  },
  {
    "x": 65.7,
    "y": 600.3
  },
  {
    "x": 69.1,
    "y": 605.7
  },
  {
    "x": 69.5,
    "y": 605.6
  },
  {
    "x": 69.6,
    "y": 605.8
  },
  {
    "x": 69.7,
    "y": 605.8
  },
  {
    "x": 72.2,
    "y": 607.4
  },
  {
    "x": 74.2,
    "y": 608.9
  },
  {
    "x": 74.5,
    "y": 609.1
  },
  {
    "x": 75,
    "y": 609
  },
  {
    "x": 78.2,
    "y": 612.8
  },
  {
    "x": 79.3,
    "y": 613.4
  },
  {
    "x": 79.7,
    "y": 613.5
  },
  {
    "x": 80.9,
    "y": 614.9
  },
  {
    "x": 82.2,
    "y": 615.5
  },
  {
    "x": 82.5,
    "y": 615.7
  },
  {
    "x": 83.1,
    "y": 615.7
  },
  {
    "x": 83.8,
    "y": 615.8
  },
  {
    "x": 87,
    "y": 618.8
  },
  {
    "x": 89.5,
    "y": 621.2
  },
  {
    "x": 89.7,
    "y": 621.5
  },
  {
    "x": 89.8,
    "y": 621.5
  },
  {
    "x": 90.7,
    "y": 621.8
  },
  {
    "x": 92.1,
    "y": 623.2
  },
  {
    "x": 92.1,
    "y": 623.3
  },
  {
    "x": 92.6,
    "y": 623.1
  },
  {
    "x": 93.5,
    "y": 624.3
  },
  {
    "x": 95.7,
    "y": 625
  },
  {
    "x": 98.5,
    "y": 626.7
  },
  {
    "x": 102.4,
    "y": 627.9
  },
  {
    "x": 103.5,
    "y": 631.2
  },
  {
    "x": 104.5,
    "y": 631.6
  },
  {
    "x": 106.3,
    "y": 631.2
  },
  {
    "x": 109.1,
    "y": 631.3
  },
  {
    "x": 118.9,
    "y": 638.5
  },
  {
    "x": 123.9,
    "y": 641.2
  },
  {
    "x": 124.7,
    "y": 642.4
  },
  {
    "x": 126.5,
    "y": 642.5
  },
  {
    "x": 129.2,
    "y": 643.8
  },
  {
    "x": 133.1,
    "y": 645.5
  },
  {
    "x": 134.1,
    "y": 646
  },
  {
    "x": 134.7,
    "y": 646.2
  },
  {
    "x": 135.2,
    "y": 646.7
  },
  {
    "x": 136.1,
    "y": 646.9
  },
  {
    "x": 137.5,
    "y": 647.2
  },
  {
    "x": 139.7,
    "y": 648
  },
  {
    "x": 141.1,
    "y": 648.8
  },
  {
    "x": 141.7,
    "y": 648.7
  },
  {
    "x": 142.5,
    "y": 648.9
  },
  {
    "x": 144.1,
    "y": 650.4
  },
  {
    "x": 145.1,
    "y": 651.2
  },
  {
    "x": 151.4,
    "y": 655.1
  },
  {
    "x": 152,
    "y": 656
  },
  {
    "x": 154,
    "y": 657.6
  },
  {
    "x": 155.7,
    "y": 657.8
  },
  {
    "x": 160.6,
    "y": 661.1
  },
  {
    "x": 162.5,
    "y": 662.3
  },
  {
    "x": 165.3,
    "y": 664
  },
  {
    "x": 166.2,
    "y": 665.4
  },
  {
    "x": 169.1,
    "y": 666.1
  },
  {
    "x": 174.1,
    "y": 670.2
  },
  {
    "x": 177.6,
    "y": 671.6
  },
  {
    "x": 178.8,
    "y": 673.1
  },
  {
    "x": 180.2,
    "y": 674.2
  },
  {
    "x": 182.2,
    "y": 674.7
  },
  {
    "x": 183.5,
    "y": 675.1
  },
  {
    "x": 186,
    "y": 676.8
  },
  {
    "x": 188.5,
    "y": 678.3
  },
  {
    "x": 191.8,
    "y": 679.8
  },
  {
    "x": 196.3,
    "y": 681.4
  },
  {
    "x": 197.4,
    "y": 681.5
  },
  {
    "x": 199.2,
    "y": 681.8
  },
  {
    "x": 200.4,
    "y": 682
  },
  {
    "x": 202.1,
    "y": 683.2
  },
  {
    "x": 202.7,
    "y": 683.3
  },
  {
    "x": 202.8,
    "y": 683.2
  },
  {
    "x": 203,
    "y": 683.3
  },
  {
    "x": 209,
    "y": 685.1
  },
  {
    "x": 210.8,
    "y": 685.8
  },
  {
    "x": 211.1,
    "y": 687.4
  },
  {
    "x": 215.7,
    "y": 688
  },
  {
    "x": 218.1,
    "y": 688.3
  },
  {
    "x": 229.1,
    "y": 689.1
  },
  {
    "x": 229.3,
    "y": 689.1
  },
  {
    "x": 229.5,
    "y": 689.3
  },
  {
    "x": 235.6,
    "y": 692.7
  },
  {
    "x": 237.1,
    "y": 693.6
  },
  {
    "x": 238.7,
    "y": 694
  },
  {
    "x": 239.9,
    "y": 694.2
  },
  {
    "x": 241.3,
    "y": 694.8
  },
  {
    "x": 242.2,
    "y": 694.9
  },
  {
    "x": 261.5,
    "y": 690.6
  },
  {
    "x": 263.9,
    "y": 690.4
  }
]