[
  {
    "x": 0,
    "y": 577
  },
  {
    "x": 0,
    "y": 577.1
  },
  {
    "x": 0.2,
    "y": 577
  },
  {
    "x": 0.3,
    "y": 577.1
  },
  {
    "x": 0.8,
    "y": 577.2
  },
  {
    "x": 1.1,
    "y": 577.3
  },
  {
    "x": 1.9,
    "y": 577.5
  },
  {
    "x": 3.4,
    "y": 577.7
  },
  {
    "x": 4.2,
    "y": 577.7
  },
  {
    "x": 6,
    "y": 577.8
  },
  {
    "x": 6.6,
    "y": 577.9
  },
  {
    "x": 8.4,
    "y": 578.1
  },
  {
    "x": 8.9,
    "y": 578.3
  },
  {
    "x": 10.9,
    "y": 578.5
  },
  {
    "x": 11.2,
    "y": 578.6
  },
  {
    "x": 13.4,
    "y": 578.8
  },
  {
    "x": 13.6,
    "y": 578.8
  },
  {
    "x": 15.9,
    "y": 579
  },
  {
    "x": 16,
    "y": 579
  },
  {
    "x": 17.6,
    "y": 579
  },
  {
    "x": 18.4,
    "y": 579.1
  },
  {
    "x": 18.4,
    "y": 579.1
  },
  {
    "x": 20.7,
    "y": 579.1
  },
  {
    "x": 20.9,
    "y": 579.1
  },
  {
    "x": 23.1,
    "y": 579.2
  },
  {
    "x": 23.5,
    "y": 579.2
  },
  {
    "x": 23.8,
    "y": 579.2
  },
  {
    "x": 26,
    "y": 579.3
  },
  {
    "x": 26.1,
    "y": 579.3
  },
  {
    "x": 27.9,
    "y": 579.6
  },
  {
    "x": 28.4,
    "y": 579.7
  },
  {
    "x": 30.2,
    "y": 579.9
  },
  {
    "x": 30.9,
    "y": 580.1
  },
  {
    "x": 32.5,
    "y": 580.5
  },
  {
    "x": 33.3,
    "y": 580.5
  },
  {
    "x": 34.8,
    "y": 580.9
  },
  {
    "x": 35.8,
    "y": 580.9
  },
  {
    "x": 37.1,
    "y": 581.2
  },
  {
    "x": 38.2,
    "y": 581.3
  },
  {
    "x": 39.5,
    "y": 581.2
  },
  {
    "x": 40.7,
    "y": 581.4
  },
  {
    "x": 42.2,
    "y": 581.4
  },
  {
    "x": 43.3,
    "y": 581.4
  },
  {
    "x": 44.3,
    "y": 581.4
  },
  {
    "x": 45.9,
    "y": 581.4
  },
  {
    "x": 46.7,
    "y": 581.4
  },
  {
    "x": 48.4,
    "y": 581.4
  },
  {
    "x": 49.1,
    "y": 581.4
  },
  {
    "x": 51,
    "y": 581.5
  },
  {
    "x": 53,
    "y": 581.7
  },
  {
    "x": 53.5,
    "y": 581.7
  },
  {
    "x": 55.6,
    "y": 582
  },
  {
    "x": 55.9,
    "y": 582.1
  },
  {
    "x": 58.2,
    "y": 582.4
  },
  {
    "x": 58.4,
    "y": 582.4
  },
  {
    "x": 60.7,
    "y": 582.7
  },
  {
    "x": 60.9,
    "y": 582.8
  },
  {
    "x": 60.9,
    "y": 582.8
  },
  {
    "x": 63.2,
    "y": 583.2
  },
  {
    "x": 63.3,
    "y": 583.2
  },
  {
    "x": 65.5,
    "y": 583.6
  },
  {
    "x": 65.8,
    "y": 583.6
  },
  {
    "x": 67.9,
    "y": 583.9
  },
  {
    "x": 68.3,
    "y": 583.9
  },
  {
    "x": 70.3,
    "y": 584.3
  },
  {
    "x": 70.8,
    "y": 584.3
  },
  {
    "x": 72.7,
    "y": 584.5
  },
  {
    "x": 73.3,
    "y": 584.7
  },
  {
    "x": 74,
    "y": 584.7
  },
  {
    "x": 78.3,
    "y": 586.1
  },
  {
    "x": 80.5,
    "y": 586.1
  },
  {
    "x": 81.8,
    "y": 586.4
  },
  {
    "x": 84.4,
    "y": 586.8
  },
  {
    "x": 85.5,
    "y": 587.4
  },
  {
    "x": 86.5,
    "y": 587.8
  },
  {
    "x": 88,
    "y": 587.9
  },
  {
    "x": 88.7,
    "y": 589.4
  },
  {
    "x": 91.8,
    "y": 589.9
  },
  {
    "x": 93.1,
    "y": 591.4
  },
  {
    "x": 95.5,
    "y": 591.8
  },
  {
    "x": 98.3,
    "y": 593.6
  },
  {
    "x": 99,
    "y": 594.5
  },
  {
    "x": 99.2,
    "y": 594.8
  },
  {
    "x": 99.4,
    "y": 594.6
  },
  {
    "x": 103,
    "y": 596.7
  },
  {
    "x": 104.4,
    "y": 596.6
  },
  {
    "x": 104.8,
    "y": 597.4
  },
  {
    "x": 106.5,
    "y": 598.7
  },
  {
    "x": 109.3,
    "y": 600
  },
  {
    "x": 112.5,
    "y": 600.7
  },
  {
    "x": 114.7,
    "y": 601.4
  },
  {
    "x": 115.2,
    "y": 601.6
  },
  {
    "x": 115.9,
    "y": 601.7
  },
  {
    "x": 118.8,
    "y": 602.2
  },
  {
    "x": 120.4,
    "y": 602.7
  },
  {
    "x": 124.1,
    "y": 603.9
  },
  {
    "x": 127.6,
    "y": 604.2
  },
  {
    "x": 128.7,
    "y": 604.7
  },
  {
    "x": 130.1,
    "y": 605
  },
  {
    "x": 130.7,
    "y": 605.3
  },
  {
    "x": 131.4,
    "y": 605.3
  },
  {
    "x": 132.5,
    "y": 605.5
  },
  {
    "x": 133.3,
    "y": 605.7
  },
  {
    "x": 135,
    "y": 606.2
  },
  {
    "x": 135.6,
    "y": 606.4
  },
  {
    "x": 137.4,
    "y": 606.9
  },
  {
    "x": 137.9,
    "y": 607.2
  },
  {
    "x": 139.9,
    "y": 607.6
  },
  {
    "x": 140.2,
    "y": 607.7
  },
  {
    "x": 142.3,
    "y": 608.3
  },
  {
    "x": 142.5,
    "y": 608.4
  },
  {
    "x": 144.8,
    "y": 608.9
  },
  {
    "x": 144.9,
    "y": 609
  },
  {
    "x": 145.9,
    "y": 609.4
  },
  {
    "x": 147.1,
    "y": 609.5
  },
  {
    "x": 147.2,
    "y": 609.6
  },
  {
    "x": 149.5,
    "y": 610.2
  },
  {
    "x": 149.8,
    "y": 610.2
  },
  {
    "x": 151.9,
    "y": 610.8
  },
  {
    "x": 152.3,
    "y": 610.8
  },
  {
    "x": 154.3,
    "y": 611.4
  },
  {
    "x": 154.8,
    "y": 611.5
  },
  {
    "x": 156.7,
    "y": 612.1
  },
  {
    "x": 157.3,
    "y": 612.3
  },
  {
    "x": 159,
    "y": 612.6
  },
  {
    "x": 159.8,
    "y": 612.8
  },
  {
    "x": 161.4,
    "y": 613.2
  },
  {
    "x": 162.3,
    "y": 613.4
  },
  {
    "x": 163.8,
    "y": 613.8
  },
  {
    "x": 164.9,
    "y": 613.9
  },
  {
    "x": 166.2,
    "y": 614.3
  },
  {
    "x": 167.5,
    "y": 614.7
  },
  {
    "x": 167.6,
    "y": 614.8
  },
  {
    "x": 168.6,
    "y": 614.8
  },
  {
    "x": 169.9,
    "y": 615.1
  },
  {
    "x": 170.9,
    "y": 615.4
  },
  {
    "x": 172.5,
    "y": 615.8
  },
  {
    "x": 173.4,
    "y": 615.9
  },
  {
    "x": 175.1,
    "y": 616.2
  },
  {
    "x": 175.8,
    "y": 616.3
  },
  {
    "x": 177.7,
    "y": 616.7
  },
  {
    "x": 178.3,
    "y": 616.7
  },
  {
    "x": 180.3,
    "y": 617
  },
  {
    "x": 180.7,
    "y": 617.1
  },
  {
    "x": 182.9,
    "y": 617.4
  },
  {
    "x": 183.2,
    "y": 617.5
  },
  {
    "x": 185.5,
    "y": 617.9
  },
  {
    "x": 185.6,
    "y": 618
  },
  {
    "x": 188.1,
    "y": 618.3
  },
  {
    "x": 188.1,
    "y": 618.3
  },
  {
    "x": 188.3,
    "y": 618.3
  },
  {
    "x": 190.6,
    "y": 618.4
  },
  {
    "x": 190.7,
    "y": 618.4
  },
  {
    "x": 193.1,
    "y": 618.5
  },
  {
    "x": 193.4,
    "y": 618.5
  },
  {
    "x": 195.7,
    "y": 618.5
  },
  {
    "x": 196.1,
    "y": 618.5
  },
  {
    "x": 198.1,
    "y": 618.6
  },
  {
    "x": 198.7,
    "y": 618.6
  },
  {
    "x": 199.3,
    "y": 618.6
  },
  {
    "x": 200,
    "y": 618.6
  },
  {
    "x": 205.1,
    "y": 618.6
  },
  {
    "x": 207.4,
    "y": 618.6
  },
  {
    "x": 212,
    "y": 618.7
  },
  {
    "x": 215.7,
    "y": 618.7
  },
  {
    "x": 218,
    "y": 618.8
  },
  {
    "x": 219.4,
    "y": 618.9
  },
  {
    "x": 221.2,
    "y": 618.8
  },
  {
    "x": 223,
    "y": 618.7
  },
  {
    "x": 226.2,
    "y": 618.6
  },
  {
    "x": 229.2,
    "y": 618.6
  },
  {
    "x": 233.9,
    "y": 618.9
  },
  {
    "x": 240.8,
    "y": 619.3
  },
  {
    "x": 243.3,
    "y": 618.9
  },
  {
    "x": 260.5,
    "y": 619.2
  },
  {
    "x": 262.2,
    "y": 619.2
  },
  {
    "x": 263.6,
    "y": 619.2
  },
  {
    "x": 264.8,
    "y": 619.1
  },
  {
    "x": 274.1,
    "y": 619.3
  },
  {
    "x": 275.8,
    "y": 620.4
  },
  {
    "x": 279.2,
    "y": 620
  },
  {
    "x": 284.2,
    "y": 620.6
  },
  {
    "x": 293.8,
    "y": 620.8
  },
  {
    "x": 295.2,
    "y": 620.9
  },
  {
    "x": 296,
    "y": 620.8
  },
  {
    "x": 297.7,
    "y": 620.7
  },
  {
    "x": 298.1,
    "y": 620.7
  },
  {
    "x": 300.1,
    "y": 620.6
  },
  {
    "x": 300.2,
    "y": 620.6
  },
  {
    "x": 301,
    "y": 620.5
  },
  {
    "x": 302.6,
    "y": 620.4
  },
  {
    "x": 304.6,
    "y": 620.3
  },
  {
    "x": 305.1,
    "y": 620.3
  },
  {
    "x": 306.8,
    "y": 620.3
  },
  {
    "x": 307.6,
    "y": 620.3
  },
  {
    "x": 309.3,
    "y": 620.1
  },
  {
    "x": 310.5,
    "y": 620
  },
  {
    "x": 311.4,
    "y": 620
  },
  {
    "x": 313.4,
    "y": 620
  },
  {
    "x": 313.8,
    "y": 619.9
  },
  {
    "x": 314.1,
    "y": 620.1
  }
]