[
  {
    "x": 0,
    "y": 577.7
  },
  {
    "x": 1.7,
    "y": 578
  },
  {
    "x": 1.8,
    "y": 578
  },
  {
    "x": 2,
    "y": 578.1
  },
  {
    "x": 4,
    "y": 578.2
  },
  {
    "x": 5.3,
    "y": 578.3
  },
  {
    "x": 5.8,
    "y": 578.4
  },
  {
    "x": 6.5,
    "y": 578.5
  },
  {
    "x": 8.7,
    "y": 578.8
  },
  {
    "x": 9,
    "y": 578.8
  },
  {
    "x": 9.3,
    "y": 578.9
  },
  {
    "x": 10.3,
    "y": 579
  },
  {
    "x": 10.5,
    "y": 579
  },
  {
    "x": 12.1,
    "y": 579.1
  },
  {
    "x": 12.7,
    "y": 579.2
  },
  {
    "x": 14.8,
    "y": 579.2
  },
  {
    "x": 15,
    "y": 579.2
  },
  {
    "x": 15.2,
    "y": 579.2
  },
  {
    "x": 15.4,
    "y": 579.2
  },
  {
    "x": 15.6,
    "y": 579.2
  },
  {
    "x": 17.7,
    "y": 579.3
  },
  {
    "x": 19.9,
    "y": 579.3
  },
  {
    "x": 20.3,
    "y": 579.3
  },
  {
    "x": 20.6,
    "y": 579.2
  },
  {
    "x": 22.6,
    "y": 579.1
  },
  {
    "x": 23.1,
    "y": 579.1
  },
  {
    "x": 24.4,
    "y": 579.2
  },
  {
    "x": 25.6,
    "y": 579.3
  },
  {
    "x": 26.9,
    "y": 579.3
  },
  {
    "x": 28.7,
    "y": 579.4
  },
  {
    "x": 28.9,
    "y": 579.4
  },
  {
    "x": 29,
    "y": 579.4
  },
  {
    "x": 29.7,
    "y": 579.4
  },
  {
    "x": 31.4,
    "y": 579.6
  },
  {
    "x": 32,
    "y": 579.6
  },
  {
    "x": 33.6,
    "y": 579.8
  },
  {
    "x": 33.9,
    "y": 579.8
  },
  {
    "x": 36.3,
    "y": 579.9
  },
  {
    "x": 36.4,
    "y": 579.9
  },
  {
    "x": 36.5,
    "y": 579.9
  },
  {
    "x": 39,
    "y": 580
  },
  {
    "x": 40.7,
    "y": 580.2
  },
  {
    "x": 41.1,
    "y": 580.2
  },
  {
    "x": 42.2,
    "y": 580.3
  },
  {
    "x": 43.7,
    "y": 580.5
  },
  {
    "x": 44.1,
    "y": 580.5
  },
  {
    "x": 44.2,
    "y": 580.6
  },
  {
    "x": 46.4,
    "y": 580.8
  },
  {
    "x": 46.7,
    "y": 580.8
  },
  {
    "x": 47.1,
    "y": 580.8
  },
  {
    "x": 48.6,
    "y": 581.1
  },
  {
    "x": 49.7,
    "y": 581.3
  },
  {
    "x": 50.6,
    "y": 581.3
  },
  {
    "x": 50.8,
    "y": 581.4
  },
  {
    "x": 52.4,
    "y": 581.6
  },
  {
    "x": 52.9,
    "y": 581.7
  },
  {
    "x": 57.1,
    "y": 585.8
  },
  {
    "x": 64.3,
    "y": 590.8
  },
  {
    "x": 70,
    "y": 593
  },
  {
    "x": 70.6,
    "y": 594.4
  },
  {
    "x": 75,
    "y": 597.5
  },
  {
    "x": 75.8,
    "y": 598.1
  },
  {
    "x": 88.7,
    "y": 602.2
  },
  {
    "x": 92.1,
    "y": 605.4
  },
  {
    "x": 92.3,
    "y": 605.1
  },
  {
    "x": 100.6,
    "y": 608.5
  },
  {
    "x": 101.3,
    "y": 609
  },
  {
    "x": 101.4,
    "y": 609
  },
  {
    "x": 104.3,
    "y": 610
  },
  {
    "x": 106.1,
    "y": 610.8
  },
  {
    "x": 106.9,
    "y": 611.4
  },
  {
    "x": 109.4,
    "y": 612.3
  },
  {
    "x": 109.8,
    "y": 612.9
  },
  {
    "x": 110.1,
    "y": 612.9
  },
  {
    "x": 110.1,
    "y": 612.9
  },
  {
    "x": 110.6,
    "y": 613
  },
  {
    "x": 112.8,
    "y": 614.7
  },
  {
    "x": 116.8,
    "y": 616.5
  },
  {
    "x": 125.3,
    "y": 623.9
  },
  {
    "x": 129.3,
    "y": 618.3
  },
  {
    "x": 161.4,
    "y": 645.2
  },
  {
    "x": 168.9,
    "y": 646.9
  },
  {
    "x": 180.7,
    "y": 651.3
  },
  {
    "x": 182,
    "y": 651.7
  },
  {
    "x": 190.1,
    "y": 653
  },
  {
    "x": 197,
    "y": 655.4
  },
  {
    "x": 197.9,
    "y": 655.4
  },
  {
    "x": 199.1,
    "y": 655.4
  },
  {
    "x": 199.8,
    "y": 655.5
  },
  {
    "x": 200.9,
    "y": 655.5
  },
  {
    "x": 202.7,
    "y": 655.5
  },
  {
    "x": 202.8,
    "y": 655.5
  },
  {
    "x": 202.8,
    "y": 655.5
  },
  {
    "x": 202.8,
    "y": 655.5
  },
  {
    "x": 205.2,
    "y": 655.5
  },
  {
    "x": 207.9,
    "y": 655.5
  },
  {
    "x": 208,
    "y": 655.5
  },
  {
    "x": 208,
    "y": 655.5
  },
  {
    "x": 208.1,
    "y": 655.6
  },
  {
    "x": 208.2,
    "y": 655.6
  },
  {
    "x": 210.5,
    "y": 655.6
  },
  {
    "x": 211.4,
    "y": 655.6
  },
  {
    "x": 212,
    "y": 655.6
  },
  {
    "x": 212.6,
    "y": 655.6
  },
  {
    "x": 213.5,
    "y": 655.5
  },
  {
    "x": 214.7,
    "y": 655.5
  },
  {
    "x": 215.6,
    "y": 655.5
  },
  {
    "x": 217.2,
    "y": 655.6
  },
  {
    "x": 217.4,
    "y": 655.6
  },
  {
    "x": 217.4,
    "y": 655.6
  },
  {
    "x": 219,
    "y": 655.6
  },
  {
    "x": 220.6,
    "y": 655.7
  },
  {
    "x": 220.9,
    "y": 655.6
  },
  {
    "x": 221,
    "y": 655.6
  },
  {
    "x": 221.7,
    "y": 655.7
  },
  {
    "x": 222.2,
    "y": 655.7
  },
  {
    "x": 223.4,
    "y": 655.7
  },
  {
    "x": 223.9,
    "y": 655.7
  },
  {
    "x": 224.5,
    "y": 655.7
  },
  {
    "x": 225.6,
    "y": 655.7
  },
  {
    "x": 225.8,
    "y": 655.7
  },
  {
    "x": 227.8,
    "y": 655.6
  },
  {
    "x": 228.4,
    "y": 655.6
  },
  {
    "x": 228.7,
    "y": 655.6
  },
  {
    "x": 231,
    "y": 655.5
  },
  {
    "x": 231.3,
    "y": 655.6
  },
  {
    "x": 232.2,
    "y": 655.7
  },
  {
    "x": 233.5,
    "y": 655.7
  },
  {
    "x": 234.5,
    "y": 655.7
  },
  {
    "x": 235.6,
    "y": 655.6
  },
  {
    "x": 237,
    "y": 655.6
  },
  {
    "x": 237.8,
    "y": 655.6
  },
  {
    "x": 238.9,
    "y": 655.5
  },
  {
    "x": 240.7,
    "y": 655.5
  },
  {
    "x": 240.8,
    "y": 655.5
  },
  {
    "x": 241.3,
    "y": 655.5
  },
  {
    "x": 243.4,
    "y": 654.7
  },
  {
    "x": 244.1,
    "y": 654.7
  },
  {
    "x": 244.8,
    "y": 654.8
  },
  {
    "x": 245.9,
    "y": 654.8
  },
  {
    "x": 246.8,
    "y": 654.9
  },
  {
    "x": 247.6,
    "y": 654.9
  },
  {
    "x": 248.2,
    "y": 654.9
  },
  {
    "x": 248.3,
    "y": 654.9
  },
  {
    "x": 248.5,
    "y": 654.9
  },
  {
    "x": 249.5,
    "y": 655
  },
  {
    "x": 250.4,
    "y": 655
  },
  {
    "x": 252,
    "y": 655.1
  },
  {
    "x": 252.2,
    "y": 655.1
  },
  {
    "x": 254.3,
    "y": 655.1
  },
  {
    "x": 254.4,
    "y": 655.1
  },
  {
    "x": 254.5,
    "y": 655.1
  },
  {
    "x": 256.2,
    "y": 655.2
  },
  {
    "x": 257.3,
    "y": 655.1
  },
  {
    "x": 259.4,
    "y": 655.2
  },
  {
    "x": 260.2,
    "y": 655.1
  },
  {
    "x": 260.6,
    "y": 655.1
  },
  {
    "x": 261.5,
    "y": 655.1
  },
  {
    "x": 263.1,
    "y": 655
  },
  {
    "x": 263.4,
    "y": 655
  },
  {
    "x": 264.3,
    "y": 655.1
  },
  {
    "x": 265.8,
    "y": 655
  },
  {
    "x": 267.7,
    "y": 654.9
  },
  {
    "x": 268.4,
    "y": 654.9
  },
  {
    "x": 268.6,
    "y": 654.9
  },
  {
    "x": 269.9,
    "y": 655.1
  },
  {
    "x": 272,
    "y": 655.2
  },
  {
    "x": 274.3,
    "y": 655.4
  },
  {
    "x": 274.5,
    "y": 655.4
  },
  {
    "x": 276.3,
    "y": 655.4
  },
  {
    "x": 277.4,
    "y": 655.4
  },
  {
    "x": 277.7,
    "y": 655.4
  },
  {
    "x": 278.4,
    "y": 655.5
  },
  {
    "x": 279.6,
    "y": 655.6
  },
  {
    "x": 281.1,
    "y": 655.8
  },
  {
    "x": 281.8,
    "y": 655.8
  },
  {
    "x": 282.3,
    "y": 655.9
  },
  {
    "x": 283.3,
    "y": 655.9
  },
  {
    "x": 284.5,
    "y": 655.9
  },
  {
    "x": 285.2,
    "y": 656
  },
  {
    "x": 285.5,
    "y": 656.1
  },
  {
    "x": 287,
    "y": 656
  },
  {
    "x": 287.1,
    "y": 656
  },
  {
    "x": 287.5,
    "y": 656.1
  },
  {
    "x": 289.3,
    "y": 656.1
  },
  {
    "x": 292.2,
    "y": 656.3
  },
  {
    "x": 293.4,
    "y": 656.4
  },
  {
    "x": 296.1,
    "y": 656.6
  },
  {
    "x": 298.1,
    "y": 656.6
  },
  {
    "x": 298.7,
    "y": 656.6
  },
  {
    "x": 299.5,
    "y": 656.6
  },
  {
    "x": 301.4,
    "y": 656.7
  },
  {
    "x": 301.8,
    "y": 656.7
  },
  {
    "x": 302.4,
    "y": 656.7
  },
  {
    "x": 303.6,
    "y": 656.9
  },
  {
    "x": 303.8,
    "y": 656.9
  }
]