[
  {
    "x": 0,
    "y": 578
  },
  {
    "x": 3.3,
    "y": 577.8
  },
  {
    "x": 3.9,
    "y": 577.8
  },
  {
    "x": 4.9,
    "y": 577.8
  },
  {
    "x": 7.8,
    "y": 578.8
  },
  {
    "x": 9,
    "y": 579.4
  },
  {
    "x": 13.7,
    "y": 579.4
  },
  {
    "x": 15.7,
    "y": 579
  },
  {
    "x": 18.1,
    "y": 579.3
  },
  {
    "x": 19.4,
    "y": 579.9
  },
  {
    "x": 20.2,
    "y": 579.9
  },
  {
    "x": 20.8,
    "y": 580
  },
  {
    "x": 25.1,
    "y": 580.6
  },
  {
    "x": 25.3,
    "y": 580.6
  },
  {
    "x": 29.3,
    "y": 581.2
  },
  {
    "x": 30.1,
    "y": 581.1
  },
  {
    "x": 30.2,
    "y": 580.8
  },
  {
    "x": 30.5,
    "y": 580.8
  },
  {
    "x": 32.7,
    "y": 581.5
  },
  {
    "x": 33,
    "y": 581.2
  },
  {
    "x": 35.1,
    "y": 581.4
  },
  {
    "x": 37.1,
    "y": 582
  },
  {
    "x": 39.7,
    "y": 581.9
  },
  {
    "x": 41.6,
    "y": 582.8
  },
  {
    "x": 43.3,
    "y": 582.1
  },
  {
    "x": 45,
    "y": 582.6
  },
  {
    "x": 45.8,
    "y": 583.5
  },
  {
    "x": 46.5,
    "y": 583.6
  },
  {
    "x": 47.1,
    "y": 583.3
  },
  {
    "x": 49.4,
    "y": 583.7
  },
  {
    "x": 53.1,
    "y": 584
  },
  {
    "x": 55.1,
    "y": 583.9
  },
  {
    "x": 56.5,
    "y": 584
  },
  {
    "x": 58.4,
    "y": 585
  },
  {
    "x": 60.3,
    "y": 584.4
  },
  {
    "x": 64.6,
    "y": 585.5
  },
  {
    "x": 66.9,
    "y": 585.5
  },
  {
    "x": 68.7,
    "y": 585.5
  },
  {
    "x": 70.3,
    "y": 586
  },
  {
    "x": 71.1,
    "y": 585.8
  },
  {
    "x": 72.6,
    "y": 586.3
  },
  {
    "x": 74.6,
    "y": 586.4
  },
  {
    "x": 78.1,
    "y": 587.5
  },
  {
    "x": 78.9,
    "y": 587.6
  },
  {
    "x": 80.8,
    "y": 588
  },
  {
    "x": 81.9,
    "y": 588.2
  },
  {
    "x": 84.9,
    "y": 588.6
  },
  {
    "x": 86,
    "y": 588.7
  },
  {
    "x": 88.6,
    "y": 588.6
  },
  {
    "x": 89,
    "y": 588.6
  },
  {
    "x": 89.4,
    "y": 588.6
  },
  {
    "x": 91.4,
    "y": 588.8
  },
  {
    "x": 92.4,
    "y": 588.8
  },
  {
    "x": 93.9,
    "y": 589
  },
  {
    "x": 95.3,
    "y": 589.1
  },
  {
    "x": 96.3,
    "y": 589.3
  },
  {
    "x": 97.9,
    "y": 589.9
  },
  {
    "x": 98.4,
    "y": 590.4
  },
  {
    "x": 100.3,
    "y": 591.9
  },
  {
    "x": 100.5,
    "y": 592
  },
  {
    "x": 100.9,
    "y": 592
  },
  {
    "x": 102.3,
    "y": 593.2
  },
  {
    "x": 102.5,
    "y": 593.2
  },
  {
    "x": 104.3,
    "y": 594
  },
  {
    "x": 104.8,
    "y": 594.3
  },
  {
    "x": 106.2,
    "y": 594.8
  },
  {
    "x": 107,
    "y": 595.4
  },
  {
    "x": 108.1,
    "y": 596.1
  },
  {
    "x": 109.2,
    "y": 596.4
  },
  {
    "x": 110.1,
    "y": 597.1
  },
  {
    "x": 111.5,
    "y": 597.5
  },
  {
    "x": 112.1,
    "y": 597.8
  },
  {
    "x": 113.9,
    "y": 598.2
  },
  {
    "x": 115.9,
    "y": 599.3
  },
  {
    "x": 116.1,
    "y": 599.4
  },
  {
    "x": 116.1,
    "y": 599.4
  },
  {
    "x": 118.3,
    "y": 600.5
  },
  {
    "x": 119.8,
    "y": 601.4
  },
  {
    "x": 120.8,
    "y": 601.6
  },
  {
    "x": 121.9,
    "y": 602
  },
  {
    "x": 123,
    "y": 602.4
  },
  {
    "x": 124.4,
    "y": 603.8
  },
  {
    "x": 125.7,
    "y": 604.3
  },
  {
    "x": 131.4,
    "y": 607.8
  },
  {
    "x": 133.2,
    "y": 609.6
  },
  {
    "x": 134.5,
    "y": 611
  },
  {
    "x": 136.3,
    "y": 612.5
  },
  {
    "x": 137.8,
    "y": 612.4
  },
  {
    "x": 140,
    "y": 614.5
  },
  {
    "x": 145.2,
    "y": 614.8
  },
  {
    "x": 146.8,
    "y": 615.4
  },
  {
    "x": 153.3,
    "y": 614.9
  },
  {
    "x": 159.2,
    "y": 614.5
  },
  {
    "x": 163.9,
    "y": 614.8
  },
  {
    "x": 169,
    "y": 615
  },
  {
    "x": 174.4,
    "y": 615.1
  },
  {
    "x": 178.3,
    "y": 615.1
  },
  {
    "x": 179.7,
    "y": 615.1
  },
  {
    "x": 182.9,
    "y": 614.8
  },
  {
    "x": 188.6,
    "y": 614.5
  },
  {
    "x": 188.9,
    "y": 614.4
  },
  {
    "x": 190.1,
    "y": 614.4
  },
  {
    "x": 192.8,
    "y": 614.8
  },
  {
    "x": 193.2,
    "y": 614.8
  },
  {
    "x": 193.6,
    "y": 614.8
  },
  {
    "x": 194.2,
    "y": 614.9
  },
  {
    "x": 198,
    "y": 614.6
  },
  {
    "x": 199.2,
    "y": 614.9
  },
  {
    "x": 204.9,
    "y": 615
  },
  {
    "x": 208.6,
    "y": 615.2
  },
  {
    "x": 209.5,
    "y": 615.3
  },
  {
    "x": 210.6,
    "y": 615.1
  },
  {
    "x": 211.9,
    "y": 615.1
  },
  {
    "x": 213.9,
    "y": 615.1
  },
  {
    "x": 214.3,
    "y": 615.1
  },
  {
    "x": 214.6,
    "y": 615.2
  },
  {
    "x": 216.8,
    "y": 615.3
  },
  {
    "x": 216.8,
    "y": 615.3
  }
]