[
  {
    "x": 0,
    "y": 578.5
  },
  {
    "x": 0.4,
    "y": 578.5
  },
  {
    "x": 2.5,
    "y": 578.6
  },
  {
    "x": 2.7,
    "y": 578.6
  },
  {
    "x": 4.7,
    "y": 578.5
  },
  {
    "x": 7.3,
    "y": 578.7
  },
  {
    "x": 7.6,
    "y": 578.8
  },
  {
    "x": 8.9,
    "y": 579
  },
  {
    "x": 10.5,
    "y": 579.1
  },
  {
    "x": 10.8,
    "y": 579.1
  },
  {
    "x": 13.3,
    "y": 579.4
  },
  {
    "x": 14.2,
    "y": 579.5
  },
  {
    "x": 16.2,
    "y": 579.7
  },
  {
    "x": 17.6,
    "y": 579.9
  },
  {
    "x": 19,
    "y": 579.9
  },
  {
    "x": 20.9,
    "y": 580
  },
  {
    "x": 21.8,
    "y": 580
  },
  {
    "x": 24.1,
    "y": 580.1
  },
  {
    "x": 24.5,
    "y": 580.1
  },
  {
    "x": 26.5,
    "y": 580.1
  },
  {
    "x": 27.2,
    "y": 580.1
  },
  {
    "x": 27.3,
    "y": 580.1
  },
  {
    "x": 29.7,
    "y": 580.2
  },
  {
    "x": 30.2,
    "y": 580.2
  },
  {
    "x": 32.4,
    "y": 580.4
  },
  {
    "x": 33.3,
    "y": 580.4
  },
  {
    "x": 34.9,
    "y": 580.6
  },
  {
    "x": 36.3,
    "y": 580.7
  },
  {
    "x": 37.6,
    "y": 580.8
  },
  {
    "x": 39.3,
    "y": 581
  },
  {
    "x": 40.2,
    "y": 581.1
  },
  {
    "x": 42.3,
    "y": 581.4
  },
  {
    "x": 42.8,
    "y": 581.4
  },
  {
    "x": 45.4,
    "y": 581.7
  },
  {
    "x": 46.1,
    "y": 581.7
  },
  {
    "x": 48,
    "y": 582
  },
  {
    "x": 48.4,
    "y": 582
  },
  {
    "x": 50.3,
    "y": 582.5
  },
  {
    "x": 50.5,
    "y": 582.5
  },
  {
    "x": 53.7,
    "y": 583.2
  },
  {
    "x": 54.8,
    "y": 583.8
  },
  {
    "x": 56.1,
    "y": 583.7
  },
  {
    "x": 58.5,
    "y": 584.2
  },
  {
    "x": 59.9,
    "y": 584.6
  },
  {
    "x": 60.5,
    "y": 585
  },
  {
    "x": 61,
    "y": 585.3
  },
  {
    "x": 61.2,
    "y": 585.3
  },
  {
    "x": 63.2,
    "y": 586
  },
  {
    "x": 64.2,
    "y": 586
  },
  {
    "x": 64.4,
    "y": 586.1
  },
  {
    "x": 66.9,
    "y": 586.2
  },
  {
    "x": 67.6,
    "y": 586.1
  },
  {
    "x": 69.7,
    "y": 586.4
  },
  {
    "x": 70.6,
    "y": 586.5
  },
  {
    "x": 72.8,
    "y": 588.1
  },
  {
    "x": 73.1,
    "y": 590.1
  },
  {
    "x": 75.4,
    "y": 591.2
  },
  {
    "x": 76.3,
    "y": 591.3
  },
  {
    "x": 77.1,
    "y": 591.6
  },
  {
    "x": 78.4,
    "y": 591.9
  },
  {
    "x": 80,
    "y": 591.9
  },
  {
    "x": 82.4,
    "y": 592.2
  },
  {
    "x": 82.6,
    "y": 592.1
  },
  {
    "x": 82.7,
    "y": 592.2
  },
  {
    "x": 84.6,
    "y": 592.6
  },
  {
    "x": 85.2,
    "y": 592.5
  },
  {
    "x": 86.1,
    "y": 592.6
  },
  {
    "x": 87.4,
    "y": 592.6
  },
  {
    "x": 88.5,
    "y": 593
  },
  {
    "x": 95,
    "y": 597.4
  },
  {
    "x": 96.5,
    "y": 599.3
  },
  {
    "x": 96.7,
    "y": 599.6
  },
  {
    "x": 97,
    "y": 599.7
  },
  {
    "x": 97.5,
    "y": 599.8
  },
  {
    "x": 101.1,
    "y": 603
  },
  {
    "x": 102.1,
    "y": 603.3
  },
  {
    "x": 103.9,
    "y": 604.4
  },
  {
    "x": 105.9,
    "y": 604.9
  },
  {
    "x": 107.7,
    "y": 604.8
  },
  {
    "x": 109.7,
    "y": 604.8
  },
  {
    "x": 111,
    "y": 604.8
  },
  {
    "x": 112.7,
    "y": 605
  },
  {
    "x": 113.6,
    "y": 605
  },
  {
    "x": 115.6,
    "y": 604.8
  },
  {
    "x": 116.1,
    "y": 604.8
  },
  {
    "x": 118.5,
    "y": 604.7
  },
  {
    "x": 118.6,
    "y": 604.8
  },
  {
    "x": 119.9,
    "y": 605
  },
  {
    "x": 123,
    "y": 606
  },
  {
    "x": 125.9,
    "y": 607.6
  },
  {
    "x": 126.9,
    "y": 607.6
  },
  {
    "x": 128.2,
    "y": 607.7
  },
  {
    "x": 129.4,
    "y": 607.7
  },
  {
    "x": 131,
    "y": 607.8
  },
  {
    "x": 132.1,
    "y": 607.8
  },
  {
    "x": 133.6,
    "y": 608.1
  },
  {
    "x": 134.4,
    "y": 608.1
  },
  {
    "x": 140.2,
    "y": 608.4
  },
  {
    "x": 143.4,
    "y": 609.7
  },
  {
    "x": 158.9,
    "y": 614.2
  },
  {
    "x": 160.2,
    "y": 612
  },
  {
    "x": 162.3,
    "y": 612.8
  },
  {
    "x": 163.6,
    "y": 614.9
  },
  {
    "x": 165.7,
    "y": 614.7
  },
  {
    "x": 167,
    "y": 615
  },
  {
    "x": 167.8,
    "y": 615
  },
  {
    "x": 169.4,
    "y": 615
  },
  {
    "x": 171.5,
    "y": 614.8
  },
  {
    "x": 171.9,
    "y": 614.7
  },
  {
    "x": 174.1,
    "y": 614.9
  },
  {
    "x": 174.5,
    "y": 615
  },
  {
    "x": 174.6,
    "y": 615
  },
  {
    "x": 177,
    "y": 614.9
  },
  {
    "x": 177.5,
    "y": 614.9
  },
  {
    "x": 179.6,
    "y": 614.9
  },
  {
    "x": 180.5,
    "y": 614.8
  },
  {
    "x": 182.1,
    "y": 614.9
  },
  {
    "x": 183.4,
    "y": 614.9
  },
  {
    "x": 184.7,
    "y": 614.9
  },
  {
    "x": 186.4,
    "y": 614.8
  },
  {
    "x": 187.2,
    "y": 614.8
  },
  {
    "x": 189.4,
    "y": 614.8
  },
  {
    "x": 189.6,
    "y": 614.8
  },
  {
    "x": 189.8,
    "y": 614.8
  },
  {
    "x": 192,
    "y": 614.8
  },
  {
    "x": 192.2,
    "y": 614.8
  },
  {
    "x": 192.3,
    "y": 614.8
  },
  {
    "x": 194.8,
    "y": 614.8
  },
  {
    "x": 195.2,
    "y": 614.8
  },
  {
    "x": 197.3,
    "y": 614.7
  },
  {
    "x": 198.1,
    "y": 614.7
  },
  {
    "x": 199.8,
    "y": 614.7
  },
  {
    "x": 201,
    "y": 614.7
  },
  {
    "x": 202.3,
    "y": 614.7
  },
  {
    "x": 203.9,
    "y": 614.7
  },
  {
    "x": 204.9,
    "y": 614.7
  },
  {
    "x": 206.8,
    "y": 614.6
  },
  {
    "x": 207.4,
    "y": 614.7
  },
  {
    "x": 209.6,
    "y": 614.7
  },
  {
    "x": 209.9,
    "y": 614.7
  },
  {
    "x": 211.9,
    "y": 614.7
  },
  {
    "x": 212.4,
    "y": 614.7
  },
  {
    "x": 212.5,
    "y": 614.7
  },
  {
    "x": 214.9,
    "y": 614.7
  },
  {
    "x": 215.4,
    "y": 614.7
  },
  {
    "x": 217.4,
    "y": 614.7
  },
  {
    "x": 218.3,
    "y": 614.6
  },
  {
    "x": 219.9,
    "y": 614.7
  },
  {
    "x": 221.3,
    "y": 614.6
  },
  {
    "x": 223.3,
    "y": 614.7
  },
  {
    "x": 224.9,
    "y": 614.6
  },
  {
    "x": 227.1,
    "y": 614.6
  },
  {
    "x": 227.4,
    "y": 614.7
  },
  {
    "x": 227.8,
    "y": 614.7
  },
  {
    "x": 229.7,
    "y": 614.8
  },
  {
    "x": 231.4,
    "y": 614.9
  },
  {
    "x": 232.4,
    "y": 615
  },
  {
    "x": 234.2,
    "y": 614.9
  },
  {
    "x": 234.8,
    "y": 614.9
  },
  {
    "x": 237,
    "y": 615
  },
  {
    "x": 237.2,
    "y": 615
  },
  {
    "x": 238.2,
    "y": 615
  },
  {
    "x": 239.6,
    "y": 615
  },
  {
    "x": 244.2,
    "y": 615
  },
  {
    "x": 245.9,
    "y": 615.1
  },
  {
    "x": 246.5,
    "y": 615.1
  },
  {
    "x": 247.4,
    "y": 615
  },
  {
    "x": 250.9,
    "y": 615
  },
  {
    "x": 251.4,
    "y": 615
  },
  {
    "x": 251.8,
    "y": 615
  },
  {
    "x": 253.9,
    "y": 615
  },
  {
    "x": 254.2,
    "y": 615
  },
  {
    "x": 254.3,
    "y": 615
  },
  {
    "x": 255.6,
    "y": 615.1
  },
  {
    "x": 256.6,
    "y": 615.2
  },
  {
    "x": 257.3,
    "y": 615.2
  }
]