[
  {
    "x": 0,
    "y": 577.3
  },
  {
    "x": 0.2,
    "y": 577.3
  },
  {
    "x": 1.2,
    "y": 577.3
  },
  {
    "x": 2,
    "y": 577.3
  },
  {
    "x": 3.5,
    "y": 577.3
  },
  {
    "x": 4.7,
    "y": 577.5
  },
  {
    "x": 4.8,
    "y": 577.5
  },
  {
    "x": 5.8,
    "y": 577.6
  },
  {
    "x": 7.7,
    "y": 577.8
  },
  {
    "x": 8.6,
    "y": 577.9
  },
  {
    "x": 9.7,
    "y": 578
  },
  {
    "x": 10.2,
    "y": 578.1
  },
  {
    "x": 12.5,
    "y": 578.2
  },
  {
    "x": 12.8,
    "y": 578.2
  },
  {
    "x": 13,
    "y": 578.3
  },
  {
    "x": 14.8,
    "y": 578.4
  },
  {
    "x": 15,
    "y": 578.4
  },
  {
    "x": 15.5,
    "y": 578.6
  },
  {
    "x": 17.5,
    "y": 578.9
  },
  {
    "x": 17.9,
    "y": 579
  },
  {
    "x": 19.1,
    "y": 579.1
  },
  {
    "x": 20.5,
    "y": 579.5
  },
  {
    "x": 22,
    "y": 579.8
  },
  {
    "x": 23,
    "y": 579.9
  },
  {
    "x": 24.3,
    "y": 580.4
  },
  {
    "x": 24.9,
    "y": 580.8
  },
  {
    "x": 25.2,
    "y": 581.5
  },
  {
    "x": 26.1,
    "y": 581.9
  },
  {
    "x": 26.7,
    "y": 583.1
  },
  {
    "x": 29.2,
    "y": 584.9
  },
  {
    "x": 29.7,
    "y": 585.4
  },
  {
    "x": 32.1,
    "y": 586.8
  },
  {
    "x": 33.1,
    "y": 587.5
  },
  {
    "x": 34.1,
    "y": 587.8
  },
  {
    "x": 34.8,
    "y": 587.9
  },
  {
    "x": 35.2,
    "y": 588
  },
  {
    "x": 35.9,
    "y": 588.1
  },
  {
    "x": 38.4,
    "y": 588.5
  },
  {
    "x": 39.4,
    "y": 588.8
  },
  {
    "x": 39.7,
    "y": 588.8
  },
  {
    "x": 40.7,
    "y": 589
  },
  {
    "x": 43.3,
    "y": 589.6
  },
  {
    "x": 43.8,
    "y": 589.9
  },
  {
    "x": 43.9,
    "y": 590
  },
  {
    "x": 44,
    "y": 589.9
  },
  {
    "x": 45.7,
    "y": 590.4
  },
  {
    "x": 45.9,
    "y": 590.4
  },
  {
    "x": 47.2,
    "y": 590.8
  },
  {
    "x": 49.1,
    "y": 591.5
  },
  {
    "x": 49.6,
    "y": 591.6
  },
  {
    "x": 51.6,
    "y": 592
  },
  {
    "x": 52.9,
    "y": 593
  },
  {
    "x": 54.7,
    "y": 593.4
  },
  {
    "x": 54.7,
    "y": 593.4
  },
  {
    "x": 54.8,
    "y": 593.4
  },
  {
    "x": 57.4,
    "y": 594.5
  },
  {
    "x": 57.7,
    "y": 594.6
  },
  {
    "x": 58.7,
    "y": 594.6
  },
  {
    "x": 61.4,
    "y": 595
  },
  {
    "x": 62,
    "y": 595.4
  },
  {
    "x": 63.5,
    "y": 595.3
  },
  {
    "x": 64.5,
    "y": 595.8
  },
  {
    "x": 65.5,
    "y": 596
  },
  {
    "x": 66.7,
    "y": 596.1
  },
  {
    "x": 68.2,
    "y": 596.5
  },
  {
    "x": 68.5,
    "y": 596.5
  },
  {
    "x": 69.4,
    "y": 596.6
  },
  {
    "x": 69.7,
    "y": 596.7
  },
  {
    "x": 71.6,
    "y": 597.1
  },
  {
    "x": 72,
    "y": 597.4
  },
  {
    "x": 73.1,
    "y": 598.1
  },
  {
    "x": 74.3,
    "y": 598.8
  },
  {
    "x": 76.1,
    "y": 599.6
  },
  {
    "x": 76.3,
    "y": 600
  },
  {
    "x": 76.4,
    "y": 600
  },
  {
    "x": 77.2,
    "y": 600.4
  },
  {
    "x": 77.7,
    "y": 600.4
  },
  {
    "x": 77.7,
    "y": 600.5
  },
  {
    "x": 80.9,
    "y": 601.6
  },
  {
    "x": 81.9,
    "y": 602.1
  },
  {
    "x": 83.7,
    "y": 602.1
  },
  {
    "x": 85.1,
    "y": 603.9
  },
  {
    "x": 86,
    "y": 604
  },
  {
    "x": 87.6,
    "y": 605.1
  },
  {
    "x": 87.9,
    "y": 605.2
  },
  {
    "x": 88.8,
    "y": 605.6
  },
  {
    "x": 89.9,
    "y": 605.9
  },
  {
    "x": 90.3,
    "y": 606.6
  },
  {
    "x": 91.8,
    "y": 606.8
  },
  {
    "x": 93.7,
    "y": 607.4
  },
  {
    "x": 94.6,
    "y": 608.2
  },
  {
    "x": 96.3,
    "y": 608.7
  },
  {
    "x": 97.1,
    "y": 609.3
  },
  {
    "x": 99.7,
    "y": 610.9
  },
  {
    "x": 100,
    "y": 611
  },
  {
    "x": 100.2,
    "y": 610.9
  },
  {
    "x": 102.7,
    "y": 611.9
  },
  {
    "x": 102.7,
    "y": 611.9
  },
  {
    "x": 102.8,
    "y": 612
  },
  {
    "x": 105.3,
    "y": 613.1
  },
  {
    "x": 105.5,
    "y": 613.1
  },
  {
    "x": 107.9,
    "y": 614.1
  },
  {
    "x": 108,
    "y": 614.1
  },
  {
    "x": 108.3,
    "y": 614
  },
  {
    "x": 109,
    "y": 614.2
  },
  {
    "x": 111.1,
    "y": 615.6
  },
  {
    "x": 112.1,
    "y": 616.3
  },
  {
    "x": 112.7,
    "y": 616.7
  },
  {
    "x": 113.3,
    "y": 616.8
  },
  {
    "x": 113.9,
    "y": 616.9
  },
  {
    "x": 114.6,
    "y": 617.6
  },
  {
    "x": 115.3,
    "y": 617.8
  },
  {
    "x": 115.9,
    "y": 617.9
  },
  {
    "x": 116.6,
    "y": 618
  },
  {
    "x": 118.5,
    "y": 618.6
  },
  {
    "x": 119.4,
    "y": 618.8
  },
  {
    "x": 120,
    "y": 618.8
  },
  {
    "x": 122.1,
    "y": 619.9
  },
  {
    "x": 122.3,
    "y": 620
  },
  {
    "x": 122.5,
    "y": 620.1
  },
  {
    "x": 122.8,
    "y": 620
  },
  {
    "x": 124.9,
    "y": 621.1
  },
  {
    "x": 126.7,
    "y": 621.4
  },
  {
    "x": 127.5,
    "y": 621.8
  },
  {
    "x": 129.8,
    "y": 623.3
  },
  {
    "x": 130,
    "y": 623.1
  },
  {
    "x": 130.8,
    "y": 623.4
  },
  {
    "x": 133,
    "y": 624.6
  },
  {
    "x": 134.8,
    "y": 625.6
  },
  {
    "x": 135.8,
    "y": 625.7
  },
  {
    "x": 137.3,
    "y": 626.1
  },
  {
    "x": 138.5,
    "y": 626.8
  },
  {
    "x": 139.9,
    "y": 627.8
  },
  {
    "x": 141.4,
    "y": 628.1
  },
  {
    "x": 142.1,
    "y": 628.7
  },
  {
    "x": 142.9,
    "y": 628.8
  },
  {
    "x": 144.7,
    "y": 630.3
  },
  {
    "x": 144.9,
    "y": 630.4
  },
  {
    "x": 144.9,
    "y": 630.3
  },
  {
    "x": 145.1,
    "y": 630.6
  },
  {
    "x": 147.1,
    "y": 631.5
  },
  {
    "x": 149.3,
    "y": 632.7
  },
  {
    "x": 149.6,
    "y": 632.6
  },
  {
    "x": 149.7,
    "y": 632.7
  },
  {
    "x": 149.7,
    "y": 632.7
  },
  {
    "x": 149.8,
    "y": 632.7
  },
  {
    "x": 151.5,
    "y": 633.3
  },
  {
    "x": 152.2,
    "y": 633.9
  },
  {
    "x": 152.2,
    "y": 633.9
  },
  {
    "x": 152.3,
    "y": 634
  },
  {
    "x": 152.3,
    "y": 633.9
  },
  {
    "x": 154.7,
    "y": 635.3
  },
  {
    "x": 156.8,
    "y": 636.3
  },
  {
    "x": 157.5,
    "y": 636.9
  },
  {
    "x": 158.1,
    "y": 637.5
  },
  {
    "x": 160,
    "y": 638.2
  },
  {
    "x": 161.4,
    "y": 638.7
  },
  {
    "x": 162.6,
    "y": 640.1
  },
  {
    "x": 163.9,
    "y": 640.4
  },
  {
    "x": 164.7,
    "y": 640.9
  },
  {
    "x": 167.1,
    "y": 642
  },
  {
    "x": 168.1,
    "y": 642.8
  },
  {
    "x": 171.1,
    "y": 643.3
  },
  {
    "x": 171.5,
    "y": 643.3
  },
  {
    "x": 171.6,
    "y": 643.3
  },
  {
    "x": 171.9,
    "y": 643.3
  },
  {
    "x": 173.4,
    "y": 643.9
  },
  {
    "x": 175.1,
    "y": 645.5
  },
  {
    "x": 175.3,
    "y": 645.7
  },
  {
    "x": 175.6,
    "y": 645.5
  },
  {
    "x": 177,
    "y": 646.7
  },
  {
    "x": 177.7,
    "y": 646.7
  },
  {
    "x": 179.9,
    "y": 647.8
  },
  {
    "x": 180.7,
    "y": 647.9
  },
  {
    "x": 183,
    "y": 648
  },
  {
    "x": 183.1,
    "y": 648
  },
  {
    "x": 183.3,
    "y": 648
  },
  {
    "x": 184.9,
    "y": 648.8
  },
  {
    "x": 185.5,
    "y": 648.9
  },
  {
    "x": 188.1,
    "y": 649.9
  },
  {
    "x": 189.6,
    "y": 650.3
  },
  {
    "x": 191.3,
    "y": 650
  },
  {
    "x": 192.9,
    "y": 650.8
  },
  {
    "x": 193.2,
    "y": 650.9
  },
  {
    "x": 196.9,
    "y": 650.7
  },
  {
    "x": 198.9,
    "y": 651.1
  },
  {
    "x": 199,
    "y": 651.1
  },
  {
    "x": 199.6,
    "y": 651.1
  },
  {
    "x": 201.3,
    "y": 651.2
  },
  {
    "x": 201.8,
    "y": 651.2
  },
  {
    "x": 203.3,
    "y": 651.4
  },
  {
    "x": 204.6,
    "y": 651.4
  },
  {
    "x": 205.9,
    "y": 651.1
  },
  {
    "x": 207.5,
    "y": 651.1
  },
  {
    "x": 209.2,
    "y": 651.2
  },
  {
    "x": 212,
    "y": 651.3
  },
  {
    "x": 212.6,
    "y": 651.3
  },
  {
    "x": 213.3,
    "y": 651.2
  },
  {
    "x": 219.7,
    "y": 651.2
  },
  {
    "x": 223.3,
    "y": 651.2
  },
  {
    "x": 223.9,
    "y": 651.2
  },
  {
    "x": 225.2,
    "y": 651.2
  },
  {
    "x": 227.2,
    "y": 651.4
  },
  {
    "x": 227.8,
    "y": 651.4
  },
  {
    "x": 229.3,
    "y": 651.4
  },
  {
    "x": 230,
    "y": 651.4
  },
  {
    "x": 230.6,
    "y": 651.3
  },
  {
    "x": 231.5,
    "y": 651.4
  },
  {
    "x": 233.6,
    "y": 651.2
  },
  {
    "x": 235,
    "y": 651.2
  },
  {
    "x": 235.2,
    "y": 651.2
  },
  {
    "x": 238.6,
    "y": 651.1
  },
  {
    "x": 238.9,
    "y": 651.1
  },
  {
    "x": 239,
    "y": 651.2
  },
  {
    "x": 241.1,
    "y": 651.2
  },
  {
    "x": 241.5,
    "y": 651.2
  },
  {
    "x": 241.7,
    "y": 651.2
  },
  {
    "x": 242.3,
    "y": 651.2
  },
  {
    "x": 242.4,
    "y": 651.3
  },
  {
    "x": 242.5,
    "y": 651.4
  }
]