[
  {
    "x": 0,
    "y": 576.6
  },
  {
    "x": 0.2,
    "y": 576.7
  },
  {
    "x": 2.7,
    "y": 576.9
  },
  {
    "x": 3.9,
    "y": 576.9
  },
  {
    "x": 5.2,
    "y": 577.4
  },
  {
    "x": 7.7,
    "y": 577.6
  },
  {
    "x": 9.6,
    "y": 577.6
  },
  {
    "x": 10,
    "y": 577.7
  },
  {
    "x": 11,
    "y": 577.7
  },
  {
    "x": 12.3,
    "y": 577.9
  },
  {
    "x": 13.5,
    "y": 578.2
  },
  {
    "x": 16,
    "y": 578.4
  },
  {
    "x": 17,
    "y": 578.5
  },
  {
    "x": 18.6,
    "y": 578.8
  },
  {
    "x": 19.3,
    "y": 578.9
  },
  {
    "x": 21.1,
    "y": 579.1
  },
  {
    "x": 21.7,
    "y": 579.3
  },
  {
    "x": 23.6,
    "y": 579.5
  },
  {
    "x": 24,
    "y": 579.6
  },
  {
    "x": 26.1,
    "y": 579.7
  },
  {
    "x": 26.3,
    "y": 579.7
  },
  {
    "x": 28.6,
    "y": 579.9
  },
  {
    "x": 28.6,
    "y": 579.9
  },
  {
    "x": 28.6,
    "y": 579.9
  },
  {
    "x": 30.9,
    "y": 580.2
  },
  {
    "x": 31.1,
    "y": 580.3
  },
  {
    "x": 33.2,
    "y": 580.8
  },
  {
    "x": 33.4,
    "y": 580.8
  },
  {
    "x": 35.4,
    "y": 583.6
  },
  {
    "x": 36.2,
    "y": 583.7
  },
  {
    "x": 38.2,
    "y": 586.1
  },
  {
    "x": 38.8,
    "y": 586.2
  },
  {
    "x": 40.6,
    "y": 587.3
  },
  {
    "x": 41.4,
    "y": 588.3
  },
  {
    "x": 43.1,
    "y": 590.1
  },
  {
    "x": 43.9,
    "y": 590
  },
  {
    "x": 44.6,
    "y": 590.6
  },
  {
    "x": 45.8,
    "y": 591.2
  },
  {
    "x": 46.1,
    "y": 591.2
  },
  {
    "x": 46.3,
    "y": 591.2
  },
  {
    "x": 47.8,
    "y": 591.9
  },
  {
    "x": 48.9,
    "y": 592
  },
  {
    "x": 50.1,
    "y": 593.2
  },
  {
    "x": 51.4,
    "y": 593.3
  },
  {
    "x": 52.4,
    "y": 594.1
  },
  {
    "x": 53.8,
    "y": 594.4
  },
  {
    "x": 54.5,
    "y": 595.3
  },
  {
    "x": 55.8,
    "y": 595.6
  },
  {
    "x": 56.2,
    "y": 595.9
  },
  {
    "x": 56.6,
    "y": 596.3
  },
  {
    "x": 57,
    "y": 596.4
  },
  {
    "x": 58.9,
    "y": 598
  },
  {
    "x": 59.5,
    "y": 598.8
  },
  {
    "x": 60.7,
    "y": 600.1
  },
  {
    "x": 61.6,
    "y": 599.8
  },
  {
    "x": 63,
    "y": 601.2
  },
  {
    "x": 63.5,
    "y": 600.4
  },
  {
    "x": 64.7,
    "y": 601.8
  },
  {
    "x": 66.2,
    "y": 602.5
  },
  {
    "x": 66.5,
    "y": 603
  },
  {
    "x": 68.1,
    "y": 603.8
  },
  {
    "x": 68.7,
    "y": 603.8
  },
  {
    "x": 68.8,
    "y": 603.9
  },
  {
    "x": 68.9,
    "y": 604
  },
  {
    "x": 69.4,
    "y": 604.1
  },
  {
    "x": 71,
    "y": 604.7
  },
  {
    "x": 71.4,
    "y": 605
  },
  {
    "x": 71.6,
    "y": 605
  },
  {
    "x": 72.2,
    "y": 605.1
  },
  {
    "x": 72.9,
    "y": 605.4
  },
  {
    "x": 73.6,
    "y": 606
  },
  {
    "x": 74.5,
    "y": 607
  },
  {
    "x": 76.2,
    "y": 607.4
  },
  {
    "x": 77.1,
    "y": 608
  },
  {
    "x": 79.1,
    "y": 609
  },
  {
    "x": 79.1,
    "y": 609
  },
  {
    "x": 79.2,
    "y": 609.2
  },
  {
    "x": 80.7,
    "y": 609.7
  },
  {
    "x": 81,
    "y": 610.6
  },
  {
    "x": 81.9,
    "y": 610.8
  },
  {
    "x": 82.2,
    "y": 611
  },
  {
    "x": 82.7,
    "y": 611.4
  },
  {
    "x": 84.3,
    "y": 611.6
  },
  {
    "x": 84.9,
    "y": 612.7
  },
  {
    "x": 85.5,
    "y": 612
  },
  {
    "x": 85.9,
    "y": 612.7
  },
  {
    "x": 86.7,
    "y": 613
  },
  {
    "x": 87.2,
    "y": 613.4
  },
  {
    "x": 88.4,
    "y": 613.3
  },
  {
    "x": 88.6,
    "y": 613.4
  },
  {
    "x": 88.7,
    "y": 613.6
  },
  {
    "x": 90.3,
    "y": 614.1
  },
  {
    "x": 91,
    "y": 614.7
  },
  {
    "x": 92.5,
    "y": 615.8
  },
  {
    "x": 93.3,
    "y": 616
  },
  {
    "x": 94.7,
    "y": 616.2
  },
  {
    "x": 96.4,
    "y": 618
  },
  {
    "x": 97.5,
    "y": 619.5
  },
  {
    "x": 99.3,
    "y": 619.9
  },
  {
    "x": 100.1,
    "y": 621.1
  },
  {
    "x": 101,
    "y": 621.4
  },
  {
    "x": 101.3,
    "y": 621.4
  },
  {
    "x": 102.1,
    "y": 621.5
  },
  {
    "x": 102.7,
    "y": 621.8
  },
  {
    "x": 103,
    "y": 622.4
  },
  {
    "x": 104.1,
    "y": 622.5
  },
  {
    "x": 104.3,
    "y": 622.8
  },
  {
    "x": 105.5,
    "y": 623.2
  },
  {
    "x": 105.8,
    "y": 623.7
  },
  {
    "x": 106,
    "y": 623.7
  },
  {
    "x": 107,
    "y": 624.8
  },
  {
    "x": 107.7,
    "y": 625.3
  },
  {
    "x": 108.6,
    "y": 625.4
  },
  {
    "x": 109.1,
    "y": 625.7
  },
  {
    "x": 111.2,
    "y": 626.5
  },
  {
    "x": 111.2,
    "y": 626.6
  },
  {
    "x": 111.8,
    "y": 626.8
  },
  {
    "x": 112.1,
    "y": 627.2
  },
  {
    "x": 112.3,
    "y": 627.2
  },
  {
    "x": 115.9,
    "y": 628.6
  },
  {
    "x": 115.9,
    "y": 628.5
  },
  {
    "x": 116.1,
    "y": 628.6
  },
  {
    "x": 120.1,
    "y": 628.5
  },
  {
    "x": 121.8,
    "y": 630.4
  },
  {
    "x": 123,
    "y": 630.2
  },
  {
    "x": 123.1,
    "y": 630.3
  },
  {
    "x": 123.6,
    "y": 630.2
  },
  {
    "x": 124.6,
    "y": 630.6
  },
  {
    "x": 125.1,
    "y": 630.3
  },
  {
    "x": 125.5,
    "y": 630.8
  },
  {
    "x": 126,
    "y": 630.5
  },
  {
    "x": 126.4,
    "y": 631
  },
  {
    "x": 127.2,
    "y": 630.6
  },
  {
    "x": 127.5,
    "y": 631.5
  },
  {
    "x": 128.7,
    "y": 631.7
  },
  {
    "x": 129.7,
    "y": 632.1
  },
  {
    "x": 130.9,
    "y": 632.1
  },
  {
    "x": 131.8,
    "y": 632.9
  },
  {
    "x": 132.1,
    "y": 632.9
  },
  {
    "x": 132.3,
    "y": 633.4
  },
  {
    "x": 134,
    "y": 634.4
  },
  {
    "x": 134.4,
    "y": 634.7
  },
  {
    "x": 135.6,
    "y": 636.1
  },
  {
    "x": 136,
    "y": 636.6
  },
  {
    "x": 136.4,
    "y": 636.4
  },
  {
    "x": 137,
    "y": 637.3
  },
  {
    "x": 140.9,
    "y": 638.5
  },
  {
    "x": 143.9,
    "y": 642.4
  },
  {
    "x": 144.8,
    "y": 642.4
  },
  {
    "x": 146.3,
    "y": 642.4
  },
  {
    "x": 148.5,
    "y": 642.4
  },
  {
    "x": 148.9,
    "y": 642.4
  },
  {
    "x": 149.5,
    "y": 642.4
  },
  {
    "x": 150.4,
    "y": 642.4
  },
  {
    "x": 153.1,
    "y": 642.3
  },
  {
    "x": 154.4,
    "y": 642.4
  },
  {
    "x": 155,
    "y": 642.3
  },
  {
    "x": 156.5,
    "y": 642.4
  },
  {
    "x": 158,
    "y": 642.4
  },
  {
    "x": 158.5,
    "y": 642.4
  },
  {
    "x": 161.1,
    "y": 642.4
  },
  {
    "x": 162.2,
    "y": 642.5
  },
  {
    "x": 163,
    "y": 642.6
  },
  {
    "x": 164.3,
    "y": 642.7
  },
  {
    "x": 165.8,
    "y": 642.6
  },
  {
    "x": 167.2,
    "y": 642.4
  },
  {
    "x": 171.6,
    "y": 642.6
  },
  {
    "x": 172.2,
    "y": 642.6
  }
]