{
"type": "FeatureCollection",
"name": "shore_change_rate",
"crs": { "type": "name", "properties": { "name": "urn:ogc:def:crs:OGC:1.3:CRS84" } },
"features": [
{ "type": "Feature", "properties": { "OBJECTID": 53, "Sheet1__Ra": -0.914180522291, "Sheet1___1": -0.380021441327, "TransectID": 761, "Yr_59_Rate": -0.91, "Yr_59_Dist": -53.94, "Yr_20_Rate": -0.38, "Yr_20_Dist": -7.6 }, "geometry": { "type": "Point", "coordinates": [ -87.815420422897503, 43.446857294020241 ] } },
{ "type": "Feature", "properties": { "OBJECTID": 54, "Sheet1__Ra": -0.21461149984299999, "Sheet1___1": -0.53946878789899999, "TransectID": 771, "Yr_59_Rate": -0.21, "Yr_59_Dist": -12.66, "Yr_20_Rate": -0.54, "Yr_20_Dist": -10.79 }, "geometry": { "type": "Point", "coordinates": [ -87.814767984828393, 43.447634334262119 ] } },
{ "type": "Feature", "properties": { "OBJECTID": 55, "Sheet1__Ra": -0.24445027639700001, "Sheet1___1": -0.40783116854599999, "TransectID": 781, "Yr_59_Rate": -0.24, "Yr_59_Dist": -14.42, "Yr_20_Rate": -0.41, "Yr_20_Dist": -8.16 }, "geometry": { "type": "Point", "coordinates": [ -87.813793157191327, 43.448276146354551 ] } },
{ "type": "Feature", "properties": { "OBJECTID": 56, "Sheet1__Ra": -0.172957411172, "Sheet1___1": 0.0113854106662, "TransectID": 791, "Yr_59_Rate": -0.17, "Yr_59_Dist": -10.2, "Yr_20_Rate": 0.01, "Yr_20_Dist": 0.23 }, "geometry": { "type": "Point", "coordinates": [ -87.81289267076842, 43.44895224465597 ] } },
{ "type": "Feature", "properties": { "OBJECTID": 57, "Sheet1__Ra": -0.018780815441799999, "Sheet1___1": 0.12135674015300001, "TransectID": 801, "Yr_59_Rate": -0.02, "Yr_59_Dist": -1.11, "Yr_20_Rate": 0.12, "Yr_20_Dist": 2.43 }, "geometry": { "type": "Point", "coordinates": [ -87.811937497442344, 43.449608667182474 ] } },
{ "type": "Feature", "properties": { "OBJECTID": 76, "Sheet1__Ra": -0.264930530459, "Sheet1___1": 0.28452516076200002, "TransectID": 721, "Yr_59_Rate": -0.26, "Yr_59_Dist": -15.63, "Yr_20_Rate": 0.28, "Yr_20_Dist": 5.69 }, "geometry": { "type": "Point", "coordinates": [ -87.818026989609308, 43.443753670516379 ] } },
{ "type": "Feature", "properties": { "OBJECTID": 77, "Sheet1__Ra": -0.33296196861, "Sheet1___1": 0.59740055333599995, "TransectID": 731, "Yr_59_Rate": -0.33, "Yr_59_Dist": -19.64, "Yr_20_Rate": 0.6, "Yr_20_Dist": 11.95 }, "geometry": { "type": "Point", "coordinates": [ -87.817378000353884, 43.444526313420177 ] } },
{ "type": "Feature", "properties": { "OBJECTID": 78, "Sheet1__Ra": -0.97635629539900004, "Sheet1___1": -0.29089349751400001, "TransectID": 741, "Yr_59_Rate": -0.98, "Yr_59_Dist": -57.61, "Yr_20_Rate": -0.29, "Yr_20_Dist": -5.82 }, "geometry": { "type": "Point", "coordinates": [ -87.816725431214152, 43.445303282957958 ] } },
{ "type": "Feature", "properties": { "OBJECTID": 79, "Sheet1__Ra": -0.992026245709, "Sheet1___1": 0.86721910388300005, "TransectID": 751, "Yr_59_Rate": -0.99, "Yr_59_Dist": -58.53, "Yr_20_Rate": 0.87, "Yr_20_Dist": 17.34 }, "geometry": { "type": "Point", "coordinates": [ -87.816072905230158, 43.4460802767112 ] } },
{ "type": "Feature", "properties": { "OBJECTID": 80, "Sheet1__Ra": -0.59122232881900005, "Sheet1___1": -0.10010023200900001, "TransectID": 1061, "Yr_59_Rate": -0.59, "Yr_59_Dist": -34.88, "Yr_20_Rate": -0.1, "Yr_20_Dist": -2.0 }, "geometry": { "type": "Point", "coordinates": [ -87.799543818009596, 43.471708748006058 ] } },
{ "type": "Feature", "properties": { "OBJECTID": 81, "Sheet1__Ra": -0.367423473389, "Sheet1___1": 0.35412244357599998, "TransectID": 1071, "Yr_59_Rate": -0.37, "Yr_59_Dist": -21.68, "Yr_20_Rate": 0.35, "Yr_20_Dist": 7.08 }, "geometry": { "type": "Point", "coordinates": [ -87.799191605209572, 43.472571487289905 ] } },
{ "type": "Feature", "properties": { "OBJECTID": 82, "Sheet1__Ra": -0.34923958108499997, "Sheet1___1": 0.106640312748, "TransectID": 1081, "Yr_59_Rate": -0.35, "Yr_59_Dist": -20.61, "Yr_20_Rate": 0.11, "Yr_20_Dist": 2.13 }, "geometry": { "type": "Point", "coordinates": [ -87.79883938192917, 43.473434225147457 ] } },
{ "type": "Feature", "properties": { "OBJECTID": 83, "Sheet1__Ra": -0.38399935200200003, "Sheet1___1": 0.37479998902799999, "TransectID": 1091, "Yr_59_Rate": -0.38, "Yr_59_Dist": -22.66, "Yr_20_Rate": 0.37, "Yr_20_Dist": 7.5 }, "geometry": { "type": "Point", "coordinates": [ -87.798487148168377, 43.474296961561599 ] } },
{ "type": "Feature", "properties": { "OBJECTID": 84, "Sheet1__Ra": -0.16920791252799999, "Sheet1___1": 0.48250556396900002, "TransectID": 1101, "Yr_59_Rate": -0.17, "Yr_59_Dist": -9.98, "Yr_20_Rate": 0.48, "Yr_20_Dist": 9.65 }, "geometry": { "type": "Point", "coordinates": [ -87.798134903925259, 43.47515969656645 ] } },
{ "type": "Feature", "properties": { "OBJECTID": 85, "Sheet1__Ra": -0.79042139272199996, "Sheet1___1": -0.143015197323, "TransectID": 1111, "Yr_59_Rate": -0.79, "Yr_59_Dist": -46.63, "Yr_20_Rate": -0.14, "Yr_20_Dist": -2.86 }, "geometry": { "type": "Point", "coordinates": [ -87.797782649199803, 43.476022430144809 ] } },
{ "type": "Feature", "properties": { "OBJECTID": 86, "Sheet1__Ra": -0.77491527862999998, "Sheet1___1": -0.52226319997199999, "TransectID": 1121, "Yr_59_Rate": -0.77, "Yr_59_Dist": -45.72, "Yr_20_Rate": -0.52, "Yr_20_Dist": -10.45 }, "geometry": { "type": "Point", "coordinates": [ -87.797430383967765, 43.476885162296078 ] } },
{ "type": "Feature", "properties": { "OBJECTID": 87, "Sheet1__Ra": -0.43617716622800001, "Sheet1___1": 0.79304131315899995, "TransectID": 1131, "Yr_59_Rate": -0.44, "Yr_59_Dist": -25.73, "Yr_20_Rate": 0.79, "Yr_20_Dist": 15.86 }, "geometry": { "type": "Point", "coordinates": [ -87.797078108299843, 43.477747893004363 ] } },
{ "type": "Feature", "properties": { "OBJECTID": 88, "Sheet1__Ra": -0.58851263881100002, "Sheet1___1": 0.36312371649000003, "TransectID": 1141, "Yr_59_Rate": -0.59, "Yr_59_Dist": -34.72, "Yr_20_Rate": 0.36, "Yr_20_Dist": 7.26 }, "geometry": { "type": "Point", "coordinates": [ -87.79672582209983, 43.478610622302114 ] } },
{ "type": "Feature", "properties": { "OBJECTID": 89, "Sheet1__Ra": -0.70528504809100001, "Sheet1___1": 0.040997690327700002, "TransectID": 1151, "Yr_59_Rate": -0.71, "Yr_59_Dist": -41.61, "Yr_20_Rate": 0.04, "Yr_20_Dist": 0.82 }, "geometry": { "type": "Point", "coordinates": [ -87.796373525462641, 43.479473350156674 ] } },
{ "type": "Feature", "properties": { "OBJECTID": 90, "Sheet1__Ra": -1.0614320904000001, "Sheet1___1": -1.23512253878, "TransectID": 1161, "Yr_59_Rate": -1.06, "Yr_59_Dist": -62.62, "Yr_20_Rate": -1.24, "Yr_20_Dist": -24.7 }, "geometry": { "type": "Point", "coordinates": [ -87.796021218292054, 43.48033607660053 ] } },
{ "type": "Feature", "properties": { "OBJECTID": 91, "Sheet1__Ra": -0.95796705793000003, "Sheet1___1": -0.87406178840299997, "TransectID": 1171, "Yr_59_Rate": -0.96, "Yr_59_Dist": -56.52, "Yr_20_Rate": -0.87, "Yr_20_Dist": -17.48 }, "geometry": { "type": "Point", "coordinates": [ -87.795668900682301, 43.48119880161817 ] } },
{ "type": "Feature", "properties": { "OBJECTID": 92, "Sheet1__Ra": -0.61792494194199998, "Sheet1___1": -0.25173517754399999, "TransectID": 1181, "Yr_59_Rate": -0.62, "Yr_59_Dist": -36.46, "Yr_20_Rate": -0.25, "Yr_20_Dist": -5.03 }, "geometry": { "type": "Point", "coordinates": [ -87.795316572538482, 43.482061525207698 ] } },
{ "type": "Feature", "properties": { "OBJECTID": 93, "Sheet1__Ra": -1.4428527843200001, "Sheet1___1": -1.0245217607499999, "TransectID": 1221, "Yr_59_Rate": -1.44, "Yr_59_Dist": -85.13, "Yr_20_Rate": -1.02, "Yr_20_Dist": -20.49 }, "geometry": { "type": "Point", "coordinates": [ -87.793645644977985, 43.485488669992591 ] } },
{ "type": "Feature", "properties": { "OBJECTID": 94, "Sheet1__Ra": -0.94502541203900003, "Sheet1___1": -0.99719743184499998, "TransectID": 1231, "Yr_59_Rate": -0.95, "Yr_59_Dist": -55.76, "Yr_20_Rate": -1.0, "Yr_20_Dist": -19.94 }, "geometry": { "type": "Point", "coordinates": [ -87.79310786391639, 43.486248377170583 ] } },
{ "type": "Feature", "properties": { "OBJECTID": 95, "Sheet1__Ra": -0.697894921364, "Sheet1___1": -0.295676671158, "TransectID": 1241, "Yr_59_Rate": -0.7, "Yr_59_Dist": -41.18, "Yr_20_Rate": -0.3, "Yr_20_Dist": -5.91 }, "geometry": { "type": "Point", "coordinates": [ -87.792444851527364, 43.487032515552492 ] } },
{ "type": "Feature", "properties": { "OBJECTID": 96, "Sheet1__Ra": -0.65057240161300001, "Sheet1___1": 0.072534017675400006, "TransectID": 1251, "Yr_59_Rate": -0.65, "Yr_59_Dist": -38.38, "Yr_20_Rate": 0.07, "Yr_20_Dist": 1.45 }, "geometry": { "type": "Point", "coordinates": [ -87.792061533694735, 43.487892119134706 ] } },
{ "type": "Feature", "properties": { "OBJECTID": 97, "Sheet1__Ra": -0.71284432841000001, "Sheet1___1": 0.0962397180731, "TransectID": 1261, "Yr_59_Rate": -0.71, "Yr_59_Dist": -42.06, "Yr_20_Rate": 0.1, "Yr_20_Dist": 1.92 }, "geometry": { "type": "Point", "coordinates": [ -87.791490979185994, 43.488789787990846 ] } },
{ "type": "Feature", "properties": { "OBJECTID": 98, "Sheet1__Ra": -0.19627131633200001, "Sheet1___1": -0.62506183000899995, "TransectID": 811, "Yr_59_Rate": -0.2, "Yr_59_Dist": -11.58, "Yr_20_Rate": -0.63, "Yr_20_Dist": -12.5 }, "geometry": { "type": "Point", "coordinates": [ -87.811497333837764, 43.450477326260213 ] } },
{ "type": "Feature", "properties": { "OBJECTID": 99, "Sheet1__Ra": -0.43320188778899998, "Sheet1___1": -0.24504115602000001, "TransectID": 821, "Yr_59_Rate": -0.43, "Yr_59_Dist": -25.56, "Yr_20_Rate": -0.25, "Yr_20_Dist": -4.9 }, "geometry": { "type": "Point", "coordinates": [ -87.811739813249019, 43.451618367867617 ] } },
{ "type": "Feature", "properties": { "OBJECTID": 100, "Sheet1__Ra": -0.28622542394099998, "Sheet1___1": -0.0057296861413499997, "TransectID": 831, "Yr_59_Rate": -0.29, "Yr_59_Dist": -16.89, "Yr_20_Rate": -0.01, "Yr_20_Dist": -0.11 }, "geometry": { "type": "Point", "coordinates": [ -87.811142922342313, 43.452412185804022 ] } },
{ "type": "Feature", "properties": { "OBJECTID": 101, "Sheet1__Ra": 0.15558703637499999, "Sheet1___1": -0.13128022549400001, "TransectID": 841, "Yr_59_Rate": 0.16, "Yr_59_Dist": 9.18, "Yr_20_Rate": -0.13, "Yr_20_Dist": -2.63 }, "geometry": { "type": "Point", "coordinates": [ -87.810549351028129, 43.453201576098564 ] } },
{ "type": "Feature", "properties": { "OBJECTID": 102, "Sheet1__Ra": 0.118306212417, "Sheet1___1": 0.46155370034999998, "TransectID": 851, "Yr_59_Rate": 0.12, "Yr_59_Dist": 6.98, "Yr_20_Rate": 0.46, "Yr_20_Dist": 9.23 }, "geometry": { "type": "Point", "coordinates": [ -87.809955764021055, 43.453990962856118 ] } },
{ "type": "Feature", "properties": { "OBJECTID": 103, "Sheet1__Ra": -0.26746772877500002, "Sheet1___1": 0.19829331098799999, "TransectID": 861, "Yr_59_Rate": -0.27, "Yr_59_Dist": -15.78, "Yr_20_Rate": 0.2, "Yr_20_Dist": 3.97 }, "geometry": { "type": "Point", "coordinates": [ -87.809362161225309, 43.454780346091802 ] } },
{ "type": "Feature", "properties": { "OBJECTID": 104, "Sheet1__Ra": -0.71313770815800004, "Sheet1___1": -0.50806941033599995, "TransectID": 871, "Yr_59_Rate": -0.71, "Yr_59_Dist": -42.08, "Yr_20_Rate": -0.51, "Yr_20_Dist": -10.16 }, "geometry": { "type": "Point", "coordinates": [ -87.808768542733702, 43.455569725824368 ] } },
{ "type": "Feature", "properties": { "OBJECTID": 105, "Sheet1__Ra": -0.33948182038699998, "Sheet1___1": 0.224658024742, "TransectID": 881, "Yr_59_Rate": -0.34, "Yr_59_Dist": -20.03, "Yr_20_Rate": 0.22, "Yr_20_Dist": 4.49 }, "geometry": { "type": "Point", "coordinates": [ -87.808174908452429, 43.456359102017352 ] } },
{ "type": "Feature", "properties": { "OBJECTID": 106, "Sheet1__Ra": -0.57805963940799998, "Sheet1___1": -0.42373688603300003, "TransectID": 891, "Yr_59_Rate": -0.58, "Yr_59_Dist": -34.11, "Yr_20_Rate": -0.42, "Yr_20_Dist": -8.47 }, "geometry": { "type": "Point", "coordinates": [ -87.807581258474201, 43.457148474689497 ] } },
{ "type": "Feature", "properties": { "OBJECTID": 107, "Sheet1__Ra": -0.61159692889499995, "Sheet1___1": -0.73431513163499995, "TransectID": 901, "Yr_59_Rate": -0.61, "Yr_59_Dist": -36.08, "Yr_20_Rate": -0.73, "Yr_20_Dist": -14.69 }, "geometry": { "type": "Point", "coordinates": [ -87.806987592703337, 43.457937843855902 ] } },
{ "type": "Feature", "properties": { "OBJECTID": 108, "Sheet1__Ra": -0.41020882356499999, "Sheet1___1": -0.53609696831999998, "TransectID": 911, "Yr_59_Rate": -0.41, "Yr_59_Dist": -24.2, "Yr_20_Rate": -0.54, "Yr_20_Dist": -10.72 }, "geometry": { "type": "Point", "coordinates": [ -87.806393911234466, 43.458727209483833 ] } },
{ "type": "Feature", "properties": { "OBJECTID": 109, "Sheet1__Ra": -0.36319503266399999, "Sheet1___1": -0.25929418337900001, "TransectID": 921, "Yr_59_Rate": -0.36, "Yr_59_Dist": -21.43, "Yr_20_Rate": -0.26, "Yr_20_Dist": -5.19 }, "geometry": { "type": "Point", "coordinates": [ -87.805783071980414, 43.459539681798539 ] } },
{ "type": "Feature", "properties": { "OBJECTID": 110, "Sheet1__Ra": -0.61465168122000002, "Sheet1___1": -1.2967521217, "TransectID": 931, "Yr_59_Rate": -0.61, "Yr_59_Dist": -36.26, "Yr_20_Rate": -1.3, "Yr_20_Dist": -25.94 }, "geometry": { "type": "Point", "coordinates": [ -87.805159235157817, 43.460371294456337 ] } },
{ "type": "Feature", "properties": { "OBJECTID": 111, "Sheet1__Ra": -0.554567850074, "Sheet1___1": -0.57233685302600001, "TransectID": 941, "Yr_59_Rate": -0.55, "Yr_59_Dist": -32.72, "Yr_20_Rate": -0.57, "Yr_20_Dist": -11.45 }, "geometry": { "type": "Point", "coordinates": [ -87.804536526827704, 43.461203491851045 ] } },
{ "type": "Feature", "properties": { "OBJECTID": 112, "Sheet1__Ra": -0.576517722, "Sheet1___1": 0.33690542516700001, "TransectID": 951, "Yr_59_Rate": -0.58, "Yr_59_Dist": -34.01, "Yr_20_Rate": 0.34, "Yr_20_Dist": 6.74 }, "geometry": { "type": "Point", "coordinates": [ -87.803629004932674, 43.461941712295399 ] } },
{ "type": "Feature", "properties": { "OBJECTID": 113, "Sheet1__Ra": -0.82460015251600005, "Sheet1___1": -0.87739650594700003, "TransectID": 961, "Yr_59_Rate": -0.82, "Yr_59_Dist": -48.65, "Yr_20_Rate": -0.88, "Yr_20_Dist": -17.55 }, "geometry": { "type": "Point", "coordinates": [ -87.802935326528541, 43.462757328638702 ] } },
{ "type": "Feature", "properties": { "OBJECTID": 114, "Sheet1__Ra": -0.674159000063, "Sheet1___1": -1.1860801622799999, "TransectID": 971, "Yr_59_Rate": -0.67, "Yr_59_Dist": -39.78, "Yr_20_Rate": -1.19, "Yr_20_Dist": -23.72 }, "geometry": { "type": "Point", "coordinates": [ -87.80249983260903, 43.463652745411444 ] } },
{ "type": "Feature", "properties": { "OBJECTID": 115, "Sheet1__Ra": -0.86766298891299998, "Sheet1___1": -1.92576819455, "TransectID": 981, "Yr_59_Rate": -0.87, "Yr_59_Dist": -51.19, "Yr_20_Rate": -1.93, "Yr_20_Dist": -38.52 }, "geometry": { "type": "Point", "coordinates": [ -87.802433300607319, 43.46465105225743 ] } },
{ "type": "Feature", "properties": { "OBJECTID": 116, "Sheet1__Ra": -0.239088287466, "Sheet1___1": 0.340769057205, "TransectID": 991, "Yr_59_Rate": -0.24, "Yr_59_Dist": -14.11, "Yr_20_Rate": 0.34, "Yr_20_Dist": 6.82 }, "geometry": { "type": "Point", "coordinates": [ -87.80205855799413, 43.465558735868811 ] } },
{ "type": "Feature", "properties": { "OBJECTID": 117, "Sheet1__Ra": -0.65225898409500005, "Sheet1___1": -0.71323599510900004, "TransectID": 1001, "Yr_59_Rate": -0.65, "Yr_59_Dist": -38.48, "Yr_20_Rate": -0.71, "Yr_20_Dist": -14.26 }, "geometry": { "type": "Point", "coordinates": [ -87.801685168449225, 43.466466653101271 ] } },
{ "type": "Feature", "properties": { "OBJECTID": 118, "Sheet1__Ra": -0.65488268904400004, "Sheet1___1": -0.90510275506899995, "TransectID": 1011, "Yr_59_Rate": -0.65, "Yr_59_Dist": -38.64, "Yr_20_Rate": -0.91, "Yr_20_Dist": -18.1 }, "geometry": { "type": "Point", "coordinates": [ -87.801313149524717, 43.467374740850147 ] } },
{ "type": "Feature", "properties": { "OBJECTID": 119, "Sheet1__Ra": -0.50781871368099996, "Sheet1___1": -0.40938424137500001, "TransectID": 1021, "Yr_59_Rate": -0.51, "Yr_59_Dist": -29.96, "Yr_20_Rate": -0.41, "Yr_20_Dist": -8.19 }, "geometry": { "type": "Point", "coordinates": [ -87.800952564442113, 43.4682577766281 ] } },
{ "type": "Feature", "properties": { "OBJECTID": 120, "Sheet1__Ra": -0.96350624729900003, "Sheet1___1": -0.122185474879, "TransectID": 1031, "Yr_59_Rate": -0.96, "Yr_59_Dist": -56.85, "Yr_20_Rate": -0.12, "Yr_20_Dist": -2.44 }, "geometry": { "type": "Point", "coordinates": [ -87.800600393533429, 43.469120521615416 ] } },
{ "type": "Feature", "properties": { "OBJECTID": 121, "Sheet1__Ra": -0.68479618142800003, "Sheet1___1": 0.15128806020400001, "TransectID": 1041, "Yr_59_Rate": -0.68, "Yr_59_Dist": -40.4, "Yr_20_Rate": 0.15, "Yr_20_Dist": 3.03 }, "geometry": { "type": "Point", "coordinates": [ -87.800248212170573, 43.469983265177319 ] } },
{ "type": "Feature", "properties": { "OBJECTID": 122, "Sheet1__Ra": -0.73023557175800002, "Sheet1___1": -0.42945324948199998, "TransectID": 1051, "Yr_59_Rate": -0.73, "Yr_59_Dist": -43.08, "Yr_20_Rate": -0.43, "Yr_20_Dist": -8.59 }, "geometry": { "type": "Point", "coordinates": [ -87.799896020329328, 43.470846007313256 ] } },
{ "type": "Feature", "properties": { "OBJECTID": 123, "Sheet1__Ra": -0.97360011157299997, "Sheet1___1": -0.71988939265600005, "TransectID": 1191, "Yr_59_Rate": -0.97, "Yr_59_Dist": -57.44, "Yr_20_Rate": -0.72, "Yr_20_Dist": -14.4 }, "geometry": { "type": "Point", "coordinates": [ -87.794964233954161, 43.482924247370832 ] } },
{ "type": "Feature", "properties": { "OBJECTID": 124, "Sheet1__Ra": -0.80423762817300004, "Sheet1___1": -0.043081207874700003, "TransectID": 1201, "Yr_59_Rate": -0.8, "Yr_59_Dist": -47.45, "Yr_20_Rate": -0.04, "Yr_20_Dist": -0.86 }, "geometry": { "type": "Point", "coordinates": [ -87.794613997973642, 43.483781816705736 ] } },
{ "type": "Feature", "properties": { "OBJECTID": 125, "Sheet1__Ra": -1.01316902443, "Sheet1___1": -0.083409774765600006, "TransectID": 1211, "Yr_59_Rate": -1.01, "Yr_59_Dist": -59.78, "Yr_20_Rate": -0.08, "Yr_20_Dist": -1.67 }, "geometry": { "type": "Point", "coordinates": [ -87.794107539025205, 43.484580575506946 ] } },
{ "type": "Feature", "properties": { "OBJECTID": 126, "Sheet1__Ra": -0.62120020406200005, "Sheet1___1": 0.54796970249200005, "TransectID": 1271, "Yr_59_Rate": -0.62, "Yr_59_Dist": -36.65, "Yr_20_Rate": 0.55, "Yr_20_Dist": 10.96 }, "geometry": { "type": "Point", "coordinates": [ -87.791407671309585, 43.489829008691366 ] } },
{ "type": "Feature", "properties": { "OBJECTID": 127, "Sheet1__Ra": -0.204131781279, "Sheet1___1": -0.24803594084399999, "TransectID": 1281, "Yr_59_Rate": -0.2, "Yr_59_Dist": -12.04, "Yr_20_Rate": -0.25, "Yr_20_Dist": -4.96 }, "geometry": { "type": "Point", "coordinates": [ -87.791050853979272, 43.490809403423768 ] } },
{ "type": "Feature", "properties": { "OBJECTID": 128, "Sheet1__Ra": -0.35513418290999998, "Sheet1___1": -0.64927137417199998, "TransectID": 1291, "Yr_59_Rate": -0.36, "Yr_59_Dist": -20.95, "Yr_20_Rate": -0.65, "Yr_20_Dist": -12.99 }, "geometry": { "type": "Point", "coordinates": [ -87.790681213460772, 43.491804486934242 ] } },
{ "type": "Feature", "properties": { "OBJECTID": 129, "Sheet1__Ra": -0.206019033642, "Sheet1___1": 0.35756218936200002, "TransectID": 1301, "Yr_59_Rate": -0.21, "Yr_59_Dist": -12.16, "Yr_20_Rate": 0.36, "Yr_20_Dist": 7.15 }, "geometry": { "type": "Point", "coordinates": [ -87.790121369660255, 43.492753340529745 ] } },
{ "type": "Feature", "properties": { "OBJECTID": 130, "Sheet1__Ra": -0.59547542868799996, "Sheet1___1": -0.3333900618, "TransectID": 1311, "Yr_59_Rate": -0.6, "Yr_59_Dist": -35.13, "Yr_20_Rate": -0.33, "Yr_20_Dist": -6.67 }, "geometry": { "type": "Point", "coordinates": [ -87.790247617084901, 43.493767995947664 ] } },
{ "type": "Feature", "properties": { "OBJECTID": 131, "Sheet1__Ra": -1.1218481517400001, "Sheet1___1": -1.3490663542800001, "TransectID": 1321, "Yr_59_Rate": -1.12, "Yr_59_Dist": -66.19, "Yr_20_Rate": -1.35, "Yr_20_Dist": -26.98 }, "geometry": { "type": "Point", "coordinates": [ -87.790994769946536, 43.494784074472719 ] } },
{ "type": "Feature", "properties": { "OBJECTID": 132, "Sheet1__Ra": -1.2263719955000001, "Sheet1___1": -0.63855510919699998, "TransectID": 1331, "Yr_59_Rate": -1.23, "Yr_59_Dist": -72.36, "Yr_20_Rate": -0.64, "Yr_20_Dist": -12.77 }, "geometry": { "type": "Point", "coordinates": [ -87.791187285259639, 43.495780325034751 ] } },
{ "type": "Feature", "properties": { "OBJECTID": 133, "Sheet1__Ra": -0.77209465674599997, "Sheet1___1": 0.67375157977900002, "TransectID": 1341, "Yr_59_Rate": -0.77, "Yr_59_Dist": -45.55, "Yr_20_Rate": 0.67, "Yr_20_Dist": 13.48 }, "geometry": { "type": "Point", "coordinates": [ -87.79138658477676, 43.496775012130747 ] } },
{ "type": "Feature", "properties": { "OBJECTID": 134, "Sheet1__Ra": -0.69975777521600002, "Sheet1___1": 1.00969569537, "TransectID": 1351, "Yr_59_Rate": -0.7, "Yr_59_Dist": -41.29, "Yr_20_Rate": 1.01, "Yr_20_Dist": 20.19 }, "geometry": { "type": "Point", "coordinates": [ -87.79159230809806, 43.497767493643181 ] } },
{ "type": "Feature", "properties": { "OBJECTID": 135, "Sheet1__Ra": -0.64384785259599997, "Sheet1___1": 0.39387606147199999, "TransectID": 1361, "Yr_59_Rate": -0.64, "Yr_59_Dist": -37.99, "Yr_20_Rate": 0.39, "Yr_20_Dist": 7.88 }, "geometry": { "type": "Point", "coordinates": [ -87.791786311950744, 43.498682320844559 ] } },
{ "type": "Feature", "properties": { "OBJECTID": 136, "Sheet1__Ra": -0.85994433491599997, "Sheet1___1": -0.075126017594300001, "TransectID": 1371, "Yr_59_Rate": -0.86, "Yr_59_Dist": -50.74, "Yr_20_Rate": -0.08, "Yr_20_Dist": -1.5 }, "geometry": { "type": "Point", "coordinates": [ -87.791971574748501, 43.499554551208448 ] } },
{ "type": "Feature", "properties": { "OBJECTID": 137, "Sheet1__Ra": -0.95782628344999998, "Sheet1___1": -0.31986703548200002, "TransectID": 1381, "Yr_59_Rate": -0.96, "Yr_59_Dist": -56.51, "Yr_20_Rate": -0.32, "Yr_20_Dist": -6.4 }, "geometry": { "type": "Point", "coordinates": [ -87.792153920461942, 43.500410028181243 ] } },
{ "type": "Feature", "properties": { "OBJECTID": 138, "Sheet1__Ra": -0.51314056261300001, "Sheet1___1": -0.51752702374600001, "TransectID": 1391, "Yr_59_Rate": -0.51, "Yr_59_Dist": -30.28, "Yr_20_Rate": -0.52, "Yr_20_Dist": -10.35 }, "geometry": { "type": "Point", "coordinates": [ -87.792544719151309, 43.501247917864667 ] } },
{ "type": "Feature", "properties": { "OBJECTID": 139, "Sheet1__Ra": -0.88481771280199994, "Sheet1___1": -0.64403429088499997, "TransectID": 1401, "Yr_59_Rate": -0.88, "Yr_59_Dist": -52.2, "Yr_20_Rate": -0.64, "Yr_20_Dist": -12.88 }, "geometry": { "type": "Point", "coordinates": [ -87.792520738923486, 43.502120644617165 ] } },
{ "type": "Feature", "properties": { "OBJECTID": 140, "Sheet1__Ra": -1.68031136858, "Sheet1___1": -2.3986157156700001, "TransectID": 1411, "Yr_59_Rate": -1.68, "Yr_59_Dist": -99.14, "Yr_20_Rate": -2.4, "Yr_20_Dist": -47.97 }, "geometry": { "type": "Point", "coordinates": [ -87.792276113428031, 43.503002242820109 ] } },
{ "type": "Feature", "properties": { "OBJECTID": 141, "Sheet1__Ra": -1.20239773045, "Sheet1___1": -2.0576134454399999, "TransectID": 1421, "Yr_59_Rate": -1.2, "Yr_59_Dist": -70.94, "Yr_20_Rate": -2.06, "Yr_20_Dist": -41.15 }, "geometry": { "type": "Point", "coordinates": [ -87.792205980216579, 43.503865957612646 ] } },
{ "type": "Feature", "properties": { "OBJECTID": 142, "Sheet1__Ra": -1.4933581459700001, "Sheet1___1": -0.95476391319700005, "TransectID": 1431, "Yr_59_Rate": -1.49, "Yr_59_Dist": -88.11, "Yr_20_Rate": -0.95, "Yr_20_Dist": -19.1 }, "geometry": { "type": "Point", "coordinates": [ -87.792085544887115, 43.50472964615345 ] } },
{ "type": "Feature", "properties": { "OBJECTID": 143, "Sheet1__Ra": -1.0798459437900001, "Sheet1___1": -1.0708538379600001, "TransectID": 1571, "Yr_59_Rate": -1.08, "Yr_59_Dist": -63.71, "Yr_20_Rate": -1.07, "Yr_20_Dist": -21.42 }, "geometry": { "type": "Point", "coordinates": [ -87.792164507626268, 43.517183127723719 ] } },
{ "type": "Feature", "properties": { "OBJECTID": 144, "Sheet1__Ra": -1.17304070499, "Sheet1___1": -1.15769931119, "TransectID": 1581, "Yr_59_Rate": -1.17, "Yr_59_Dist": -69.21, "Yr_20_Rate": -1.16, "Yr_20_Dist": -23.15 }, "geometry": { "type": "Point", "coordinates": [ -87.792131356505081, 43.518083204389889 ] } },
{ "type": "Feature", "properties": { "OBJECTID": 145, "Sheet1__Ra": -1.1068036753599999, "Sheet1___1": -1.5361111154, "TransectID": 1591, "Yr_59_Rate": -1.11, "Yr_59_Dist": -65.3, "Yr_20_Rate": -1.54, "Yr_20_Dist": -30.72 }, "geometry": { "type": "Point", "coordinates": [ -87.792141075382276, 43.51898326963488 ] } },
{ "type": "Feature", "properties": { "OBJECTID": 146, "Sheet1__Ra": -1.19265541863, "Sheet1___1": -1.5166052802100001, "TransectID": 1601, "Yr_59_Rate": -1.19, "Yr_59_Dist": -70.37, "Yr_20_Rate": -1.52, "Yr_20_Dist": -30.33 }, "geometry": { "type": "Point", "coordinates": [ -87.792058631627299, 43.519883358899861 ] } },
{ "type": "Feature", "properties": { "OBJECTID": 147, "Sheet1__Ra": -0.975467619231, "Sheet1___1": -0.162940982461, "TransectID": 1611, "Yr_59_Rate": -0.98, "Yr_59_Dist": -57.55, "Yr_20_Rate": -0.16, "Yr_20_Dist": -3.26 }, "geometry": { "type": "Point", "coordinates": [ -87.792189941704038, 43.520763109290634 ] } },
{ "type": "Feature", "properties": { "OBJECTID": 148, "Sheet1__Ra": -1.01818498471, "Sheet1___1": -0.96635597446, "TransectID": 1621, "Yr_59_Rate": -1.02, "Yr_59_Dist": -60.07, "Yr_20_Rate": -0.97, "Yr_20_Dist": -19.33 }, "geometry": { "type": "Point", "coordinates": [ -87.792109130462038, 43.521639698026583 ] } },
{ "type": "Feature", "properties": { "OBJECTID": 149, "Sheet1__Ra": -1.2746137494700001, "Sheet1___1": -1.1499309295, "TransectID": 1631, "Yr_59_Rate": -1.27, "Yr_59_Dist": -75.2, "Yr_20_Rate": -1.15, "Yr_20_Dist": -23.0 }, "geometry": { "type": "Point", "coordinates": [ -87.792108467623805, 43.522516675739219 ] } },
{ "type": "Feature", "properties": { "OBJECTID": 150, "Sheet1__Ra": -1.26585222304, "Sheet1___1": -1.76469341014, "TransectID": 1641, "Yr_59_Rate": -1.27, "Yr_59_Dist": -74.69, "Yr_20_Rate": -1.76, "Yr_20_Dist": -35.29 }, "geometry": { "type": "Point", "coordinates": [ -87.792160728430133, 43.523394869384646 ] } },
{ "type": "Feature", "properties": { "OBJECTID": 151, "Sheet1__Ra": -0.74515933140500001, "Sheet1___1": -1.2004467062899999, "TransectID": 1651, "Yr_59_Rate": -0.75, "Yr_59_Dist": -43.96, "Yr_20_Rate": -1.2, "Yr_20_Dist": -24.01 }, "geometry": { "type": "Point", "coordinates": [ -87.792375084099504, 43.524278485970036 ] } },
{ "type": "Feature", "properties": { "OBJECTID": 152, "Sheet1__Ra": -0.63282595859000002, "Sheet1___1": -0.74689861312299999, "TransectID": 1661, "Yr_59_Rate": -0.63, "Yr_59_Dist": -37.34, "Yr_20_Rate": -0.75, "Yr_20_Dist": -14.94 }, "geometry": { "type": "Point", "coordinates": [ -87.792544785101796, 43.525163619072821 ] } },
{ "type": "Feature", "properties": { "OBJECTID": 153, "Sheet1__Ra": -0.9223310411, "Sheet1___1": -1.5023407229400001, "TransectID": 1671, "Yr_59_Rate": -0.92, "Yr_59_Dist": -54.42, "Yr_20_Rate": -1.5, "Yr_20_Dist": -30.05 }, "geometry": { "type": "Point", "coordinates": [ -87.792606787864571, 43.52604756004424 ] } },
{ "type": "Feature", "properties": { "OBJECTID": 154, "Sheet1__Ra": -0.525549584711, "Sheet1___1": -0.27140625089300002, "TransectID": 1681, "Yr_59_Rate": -0.53, "Yr_59_Dist": -31.01, "Yr_20_Rate": -0.27, "Yr_20_Dist": -5.43 }, "geometry": { "type": "Point", "coordinates": [ -87.792505233255156, 43.526925658283957 ] } },
{ "type": "Feature", "properties": { "OBJECTID": 155, "Sheet1__Ra": -0.72843252890200005, "Sheet1___1": 0.55491685637300003, "TransectID": 1691, "Yr_59_Rate": -0.73, "Yr_59_Dist": -42.98, "Yr_20_Rate": 0.55, "Yr_20_Dist": 11.1 }, "geometry": { "type": "Point", "coordinates": [ -87.792403891423675, 43.527803774346921 ] } },
{ "type": "Feature", "properties": { "OBJECTID": 156, "Sheet1__Ra": -1.1642247380399999, "Sheet1___1": -1.41782874813, "TransectID": 1701, "Yr_59_Rate": -1.16, "Yr_59_Dist": -68.69, "Yr_20_Rate": -1.42, "Yr_20_Dist": -28.36 }, "geometry": { "type": "Point", "coordinates": [ -87.792302761645431, 43.528681912169468 ] } },
{ "type": "Feature", "properties": { "OBJECTID": 157, "Sheet1__Ra": -1.00769115391, "Sheet1___1": -1.2341332404400001, "TransectID": 1711, "Yr_59_Rate": -1.01, "Yr_59_Dist": -59.45, "Yr_20_Rate": -1.23, "Yr_20_Dist": -24.68 }, "geometry": { "type": "Point", "coordinates": [ -87.792199813032482, 43.529576959945516 ] } },
{ "type": "Feature", "properties": { "OBJECTID": 158, "Sheet1__Ra": -1.07129611205, "Sheet1___1": -1.03446286414, "TransectID": 1721, "Yr_59_Rate": -1.07, "Yr_59_Dist": -63.21, "Yr_20_Rate": -1.03, "Yr_20_Dist": -20.69 }, "geometry": { "type": "Point", "coordinates": [ -87.792096645319717, 43.53047389088708 ] } },
{ "type": "Feature", "properties": { "OBJECTID": 159, "Sheet1__Ra": -1.0067121968399999, "Sheet1___1": -1.46079284919, "TransectID": 1731, "Yr_59_Rate": -1.01, "Yr_59_Dist": -59.4, "Yr_20_Rate": -1.46, "Yr_20_Dist": -29.22 }, "geometry": { "type": "Point", "coordinates": [ -87.791993473956822, 43.531370821518408 ] } },
{ "type": "Feature", "properties": { "OBJECTID": 160, "Sheet1__Ra": -1.39778296837, "Sheet1___1": -1.8391909422699999, "TransectID": 1741, "Yr_59_Rate": -1.4, "Yr_59_Dist": -82.47, "Yr_20_Rate": -1.84, "Yr_20_Dist": -36.78 }, "geometry": { "type": "Point", "coordinates": [ -87.791890299013744, 43.532267751858122 ] } },
{ "type": "Feature", "properties": { "OBJECTID": 161, "Sheet1__Ra": -1.3785590641500001, "Sheet1___1": -1.9290446991300001, "TransectID": 1751, "Yr_59_Rate": -1.38, "Yr_59_Dist": -81.33, "Yr_20_Rate": -1.93, "Yr_20_Dist": -38.58 }, "geometry": { "type": "Point", "coordinates": [ -87.791787120465997, 43.533164681922841 ] } },
{ "type": "Feature", "properties": { "OBJECTID": 162, "Sheet1__Ra": -0.90765047347799999, "Sheet1___1": -0.45074572669399998, "TransectID": 1761, "Yr_59_Rate": -0.91, "Yr_59_Dist": -53.55, "Yr_20_Rate": -0.45, "Yr_20_Dist": -9.01 }, "geometry": { "type": "Point", "coordinates": [ -87.791683938291683, 43.534061611660668 ] } },
{ "type": "Feature", "properties": { "OBJECTID": 163, "Sheet1__Ra": -0.88972997758299999, "Sheet1___1": -0.63761645516400001, "TransectID": 1771, "Yr_59_Rate": -0.89, "Yr_59_Dist": -52.49, "Yr_20_Rate": -0.64, "Yr_20_Dist": -12.75 }, "geometry": { "type": "Point", "coordinates": [ -87.791580752558815, 43.534958541141577 ] } },
{ "type": "Feature", "properties": { "OBJECTID": 164, "Sheet1__Ra": -0.9566209009, "Sheet1___1": -1.3378389114, "TransectID": 1781, "Yr_59_Rate": -0.96, "Yr_59_Dist": -56.44, "Yr_20_Rate": -1.34, "Yr_20_Dist": -26.76 }, "geometry": { "type": "Point", "coordinates": [ -87.79147756317407, 43.535855470329437 ] } },
{ "type": "Feature", "properties": { "OBJECTID": 165, "Sheet1__Ra": -1.5520519873800001, "Sheet1___1": -1.1596167617799999, "TransectID": 1791, "Yr_59_Rate": -1.55, "Yr_59_Dist": -91.57, "Yr_20_Rate": -1.16, "Yr_20_Dist": -23.19 }, "geometry": { "type": "Point", "coordinates": [ -87.791374370185636, 43.536752399190789 ] } },
{ "type": "Feature", "properties": { "OBJECTID": 166, "Sheet1__Ra": -1.85724399072, "Sheet1___1": -1.80386636048, "TransectID": 1801, "Yr_59_Rate": -1.86, "Yr_59_Dist": -109.58, "Yr_20_Rate": -1.8, "Yr_20_Dist": -36.08 }, "geometry": { "type": "Point", "coordinates": [ -87.79127117363798, 43.537649327795187 ] } },
{ "type": "Feature", "properties": { "OBJECTID": 167, "Sheet1__Ra": -2.30266636089, "Sheet1___1": -3.3341049165699999, "TransectID": 1811, "Yr_59_Rate": -2.3, "Yr_59_Dist": -135.86, "Yr_20_Rate": -3.33, "Yr_20_Dist": -66.68 }, "geometry": { "type": "Point", "coordinates": [ -87.791167973437751, 43.538546256106507 ] } },
{ "type": "Feature", "properties": { "OBJECTID": 168, "Sheet1__Ra": -1.9992352409900001, "Sheet1___1": -3.0315447253699999, "TransectID": 1821, "Yr_59_Rate": -2.0, "Yr_59_Dist": -117.95, "Yr_20_Rate": -3.03, "Yr_20_Dist": -60.63 }, "geometry": { "type": "Point", "coordinates": [ -87.791064769656799, 43.539443184091766 ] } },
{ "type": "Feature", "properties": { "OBJECTID": 169, "Sheet1__Ra": -1.2667420565600001, "Sheet1___1": -1.60389660447, "TransectID": 1831, "Yr_59_Rate": -1.27, "Yr_59_Dist": -74.74, "Yr_20_Rate": -1.6, "Yr_20_Dist": -32.08 }, "geometry": { "type": "Point", "coordinates": [ -87.790961562268691, 43.540340111819148 ] } },
{ "type": "Feature", "properties": { "OBJECTID": 170, "Sheet1__Ra": -1.1907830794100001, "Sheet1___1": -0.89871195574399998, "TransectID": 1841, "Yr_59_Rate": -1.19, "Yr_59_Dist": -70.26, "Yr_20_Rate": -0.9, "Yr_20_Dist": -17.97 }, "geometry": { "type": "Point", "coordinates": [ -87.790858351251586, 43.541237039236719 ] } },
{ "type": "Feature", "properties": { "OBJECTID": 171, "Sheet1__Ra": -1.7510388622099999, "Sheet1___1": -2.1074114637800001, "TransectID": 1851, "Yr_59_Rate": -1.75, "Yr_59_Dist": -103.31, "Yr_20_Rate": -2.11, "Yr_20_Dist": -42.15 }, "geometry": { "type": "Point", "coordinates": [ -87.790755136675372, 43.542133966362989 ] } },
{ "type": "Feature", "properties": { "OBJECTID": 172, "Sheet1__Ra": -1.93644378195, "Sheet1___1": -4.4810326320399998, "TransectID": 1861, "Yr_59_Rate": -1.94, "Yr_59_Dist": -114.25, "Yr_20_Rate": -4.48, "Yr_20_Dist": -89.62 }, "geometry": { "type": "Point", "coordinates": [ -87.790651918444794, 43.543030893213235 ] } },
{ "type": "Feature", "properties": { "OBJECTID": 173, "Sheet1__Ra": -1.25621297871, "Sheet1___1": -4.2899827970800004, "TransectID": 1871, "Yr_59_Rate": -1.26, "Yr_59_Dist": -74.12, "Yr_20_Rate": -4.29, "Yr_20_Dist": -85.8 }, "geometry": { "type": "Point", "coordinates": [ -87.790548696632356, 43.543927819737426 ] } },
{ "type": "Feature", "properties": { "OBJECTID": 174, "Sheet1__Ra": -1.5951708686299999, "Sheet1___1": -0.600988571463, "TransectID": 1441, "Yr_59_Rate": -1.6, "Yr_59_Dist": -94.12, "Yr_20_Rate": -0.6, "Yr_20_Dist": -12.02 }, "geometry": { "type": "Point", "coordinates": [ -87.792055332455121, 43.505588207238013 ] } },
{ "type": "Feature", "properties": { "OBJECTID": 175, "Sheet1__Ra": -2.0856305605399998, "Sheet1___1": -1.6040509263, "TransectID": 1451, "Yr_59_Rate": -2.09, "Yr_59_Dist": -123.05, "Yr_20_Rate": -1.6, "Yr_20_Dist": -32.08 }, "geometry": { "type": "Point", "coordinates": [ -87.791886406068713, 43.506448518743589 ] } },
{ "type": "Feature", "properties": { "OBJECTID": 176, "Sheet1__Ra": -1.8854639499900001, "Sheet1___1": -2.0768991130500001, "TransectID": 1461, "Yr_59_Rate": -1.89, "Yr_59_Dist": -111.24, "Yr_20_Rate": -2.08, "Yr_20_Dist": -41.54 }, "geometry": { "type": "Point", "coordinates": [ -87.7919637517778, 43.507303758010714 ] } },
{ "type": "Feature", "properties": { "OBJECTID": 177, "Sheet1__Ra": -1.72251596546, "Sheet1___1": -3.13248614907, "TransectID": 1471, "Yr_59_Rate": -1.72, "Yr_59_Dist": -101.63, "Yr_20_Rate": -3.13, "Yr_20_Dist": -62.65 }, "geometry": { "type": "Point", "coordinates": [ -87.792122230628124, 43.508182452195165 ] } },
{ "type": "Feature", "properties": { "OBJECTID": 178, "Sheet1__Ra": -1.19278911718, "Sheet1___1": -2.4870285088799999, "TransectID": 1481, "Yr_59_Rate": -1.19, "Yr_59_Dist": -70.37, "Yr_20_Rate": -2.49, "Yr_20_Dist": -49.74 }, "geometry": { "type": "Point", "coordinates": [ -87.792240424113118, 43.509082489953443 ] } },
{ "type": "Feature", "properties": { "OBJECTID": 179, "Sheet1__Ra": -0.95593906392500005, "Sheet1___1": -1.02361515077, "TransectID": 1491, "Yr_59_Rate": -0.96, "Yr_59_Dist": -56.4, "Yr_20_Rate": -1.02, "Yr_20_Dist": -20.47 }, "geometry": { "type": "Point", "coordinates": [ -87.792318314840287, 43.509982538323968 ] } },
{ "type": "Feature", "properties": { "OBJECTID": 180, "Sheet1__Ra": -1.2034686994299999, "Sheet1___1": -1.85128500972, "TransectID": 1501, "Yr_59_Rate": -1.2, "Yr_59_Dist": -71.0, "Yr_20_Rate": -1.85, "Yr_20_Dist": -37.03 }, "geometry": { "type": "Point", "coordinates": [ -87.792266429204588, 43.510882621229314 ] } },
{ "type": "Feature", "properties": { "OBJECTID": 181, "Sheet1__Ra": -0.8878376932000001, "Sheet1___1": -0.45326889431099998, "TransectID": 1511, "Yr_59_Rate": -0.89, "Yr_59_Dist": -52.38, "Yr_20_Rate": -0.45, "Yr_20_Dist": -9.07 }, "geometry": { "type": "Point", "coordinates": [ -87.792450750636092, 43.51178264091012 ] } },
{ "type": "Feature", "properties": { "OBJECTID": 182, "Sheet1__Ra": -0.57111970384499999, "Sheet1___1": 0.62987204650100004, "TransectID": 1521, "Yr_59_Rate": -0.57, "Yr_59_Dist": -33.7, "Yr_20_Rate": 0.63, "Yr_20_Dist": 12.6 }, "geometry": { "type": "Point", "coordinates": [ -87.792411948150885, 43.512682720123394 ] } },
{ "type": "Feature", "properties": { "OBJECTID": 183, "Sheet1__Ra": -1.0214363176300001, "Sheet1___1": -0.41050309226999998, "TransectID": 1531, "Yr_59_Rate": -1.02, "Yr_59_Dist": -60.26, "Yr_20_Rate": -0.41, "Yr_20_Dist": -8.21 }, "geometry": { "type": "Point", "coordinates": [ -87.792229219902381, 43.513582837446094 ] } },
{ "type": "Feature", "properties": { "OBJECTID": 184, "Sheet1__Ra": -1.1685931520399999, "Sheet1___1": -1.1186624998700001, "TransectID": 1541, "Yr_59_Rate": -1.17, "Yr_59_Dist": -68.95, "Yr_20_Rate": -1.12, "Yr_20_Dist": -22.37 }, "geometry": { "type": "Point", "coordinates": [ -87.792098118412525, 43.514482940628952 ] } },
{ "type": "Feature", "properties": { "OBJECTID": 185, "Sheet1__Ra": -0.91084566360399999, "Sheet1___1": -0.81213313241899998, "TransectID": 1551, "Yr_59_Rate": -0.91, "Yr_59_Dist": -53.74, "Yr_20_Rate": -0.81, "Yr_20_Dist": -16.24 }, "geometry": { "type": "Point", "coordinates": [ -87.792253138274461, 43.515382967993411 ] } },
{ "type": "Feature", "properties": { "OBJECTID": 186, "Sheet1__Ra": -0.92016749791300001, "Sheet1___1": -0.79477565579700005, "TransectID": 1561, "Yr_59_Rate": -0.92, "Yr_59_Dist": -54.29, "Yr_20_Rate": -0.79, "Yr_20_Dist": -15.9 }, "geometry": { "type": "Point", "coordinates": [ -87.792178881146526, 43.516283055857244 ] } },
{ "type": "Feature", "properties": { "OBJECTID": 999, "Sheet1__Ra": 0.44104486419400002, "Sheet1___1": -1.5941373514099999, "TransectID": 21, "Yr_59_Rate": 0.44, "Yr_59_Dist": 26.02, "Yr_20_Rate": -1.59, "Yr_20_Dist": -31.88 }, "geometry": { "type": "Point", "coordinates": [ -87.802034736853017, 42.49511193122494 ] } },
{ "type": "Feature", "properties": { "OBJECTID": 1000, "Sheet1__Ra": 0.15335567846000001, "Sheet1___1": 0.038361219190199997, "TransectID": 31, "Yr_59_Rate": 0.15, "Yr_59_Dist": 9.05, "Yr_20_Rate": 0.04, "Yr_20_Dist": 0.77 }, "geometry": { "type": "Point", "coordinates": [ -87.802295766272067, 42.495991194301105 ] } },
{ "type": "Feature", "properties": { "OBJECTID": 1001, "Sheet1__Ra": 0.36317051649100002, "Sheet1___1": -1.47061776927, "TransectID": 41, "Yr_59_Rate": 0.36, "Yr_59_Dist": 21.43, "Yr_20_Rate": -1.47, "Yr_20_Dist": -29.41 }, "geometry": { "type": "Point", "coordinates": [ -87.80277681885336, 42.49683468772561 ] } },
{ "type": "Feature", "properties": { "OBJECTID": 1002, "Sheet1__Ra": 1.0034242451, "Sheet1___1": -0.041096403628099999, "TransectID": 51, "Yr_59_Rate": 1.0, "Yr_59_Dist": 59.2, "Yr_20_Rate": -0.04, "Yr_20_Dist": -0.82 }, "geometry": { "type": "Point", "coordinates": [ -87.803135529910861, 42.497698071266193 ] } },
{ "type": "Feature", "properties": { "OBJECTID": 1003, "Sheet1__Ra": 1.97862938926, "Sheet1___1": -0.49224325102099997, "TransectID": 61, "Yr_59_Rate": 1.98, "Yr_59_Dist": 116.74, "Yr_20_Rate": -0.49, "Yr_20_Dist": -9.84 }, "geometry": { "type": "Point", "coordinates": [ -87.803518521013515, 42.498557507897068 ] } },
{ "type": "Feature", "properties": { "OBJECTID": 1004, "Sheet1__Ra": 2.3626107736300002, "Sheet1___1": -0.244558274804, "TransectID": 71, "Yr_59_Rate": 2.36, "Yr_59_Dist": 139.39, "Yr_20_Rate": -0.24, "Yr_20_Dist": -4.89 }, "geometry": { "type": "Point", "coordinates": [ -87.803755166791433, 42.499440737449724 ] } },
{ "type": "Feature", "properties": { "OBJECTID": 1005, "Sheet1__Ra": 2.5356901014700002, "Sheet1___1": 0.38815524211300001, "TransectID": 81, "Yr_59_Rate": 2.54, "Yr_59_Dist": 149.61, "Yr_20_Rate": 0.39, "Yr_20_Dist": 7.76 }, "geometry": { "type": "Point", "coordinates": [ -87.804019395341442, 42.500319484079654 ] } },
{ "type": "Feature", "properties": { "OBJECTID": 1006, "Sheet1__Ra": 2.7811760512400001, "Sheet1___1": 0.56839778861199997, "TransectID": 91, "Yr_59_Rate": 2.78, "Yr_59_Dist": 164.09, "Yr_20_Rate": 0.57, "Yr_20_Dist": 11.37 }, "geometry": { "type": "Point", "coordinates": [ -87.804221871866346, 42.501208272347185 ] } },
{ "type": "Feature", "properties": { "OBJECTID": 1007, "Sheet1__Ra": 1.0337105772199999, "Sheet1___1": -0.44265753719700002, "TransectID": 101, "Yr_59_Rate": 1.03, "Yr_59_Dist": 60.99, "Yr_20_Rate": -0.44, "Yr_20_Dist": -8.85 }, "geometry": { "type": "Point", "coordinates": [ -87.804309152102604, 42.502115789165281 ] } },
{ "type": "Feature", "properties": { "OBJECTID": 1008, "Sheet1__Ra": 1.2345826404, "Sheet1___1": -1.0676837775700001, "TransectID": 111, "Yr_59_Rate": 1.23, "Yr_59_Dist": 72.84, "Yr_20_Rate": -1.07, "Yr_20_Dist": -21.35 }, "geometry": { "type": "Point", "coordinates": [ -87.804384225173891, 42.503025290678458 ] } },
{ "type": "Feature", "properties": { "OBJECTID": 1009, "Sheet1__Ra": 0.96770861185099999, "Sheet1___1": -0.51144195266900006, "TransectID": 121, "Yr_59_Rate": 0.97, "Yr_59_Dist": 57.09, "Yr_20_Rate": -0.51, "Yr_20_Dist": -10.23 }, "geometry": { "type": "Point", "coordinates": [ -87.804789224205933, 42.503881155595472 ] } },
{ "type": "Feature", "properties": { "OBJECTID": 1010, "Sheet1__Ra": 0.58688768076200004, "Sheet1___1": -0.89335971712100004, "TransectID": 131, "Yr_59_Rate": 0.59, "Yr_59_Dist": 34.63, "Yr_20_Rate": -0.89, "Yr_20_Dist": -17.87 }, "geometry": { "type": "Point", "coordinates": [ -87.805026027812033, 42.50475597783516 ] } },
{ "type": "Feature", "properties": { "OBJECTID": 1011, "Sheet1__Ra": 1.05899058071, "Sheet1___1": -0.21614699330100001, "TransectID": 141, "Yr_59_Rate": 1.06, "Yr_59_Dist": 62.48, "Yr_20_Rate": -0.22, "Yr_20_Dist": -4.32 }, "geometry": { "type": "Point", "coordinates": [ -87.805530898670412, 42.50560399447297 ] } },
{ "type": "Feature", "properties": { "OBJECTID": 1012, "Sheet1__Ra": 2.8735580884499998, "Sheet1___1": -1.1094307945899999, "TransectID": 151, "Yr_59_Rate": 2.87, "Yr_59_Dist": 169.54, "Yr_20_Rate": -1.11, "Yr_20_Dist": -22.19 }, "geometry": { "type": "Point", "coordinates": [ -87.806057461602862, 42.506440097224996 ] } },
{ "type": "Feature", "properties": { "OBJECTID": 1013, "Sheet1__Ra": 2.5198479156900002, "Sheet1___1": -0.38976719116300002, "TransectID": 161, "Yr_59_Rate": 2.52, "Yr_59_Dist": 148.67, "Yr_20_Rate": -0.39, "Yr_20_Dist": -7.8 }, "geometry": { "type": "Point", "coordinates": [ -87.80638264742764, 42.507308939703442 ] } },
{ "type": "Feature", "properties": { "OBJECTID": 1014, "Sheet1__Ra": 3.00043520966, "Sheet1___1": 0.0153071707818, "TransectID": 171, "Yr_59_Rate": 3.0, "Yr_59_Dist": 177.03, "Yr_20_Rate": 0.02, "Yr_20_Dist": 0.31 }, "geometry": { "type": "Point", "coordinates": [ -87.806756682154784, 42.508169840946131 ] } },
{ "type": "Feature", "properties": { "OBJECTID": 1015, "Sheet1__Ra": 1.4108894538400001, "Sheet1___1": -0.1230910053, "TransectID": 181, "Yr_59_Rate": 1.41, "Yr_59_Dist": 83.24, "Yr_20_Rate": -0.12, "Yr_20_Dist": -2.46 }, "geometry": { "type": "Point", "coordinates": [ -87.806880489461605, 42.509071424268065 ] } },
{ "type": "Feature", "properties": { "OBJECTID": 1016, "Sheet1__Ra": 1.7304670739700001, "Sheet1___1": -0.064577506512000005, "TransectID": 191, "Yr_59_Rate": 1.73, "Yr_59_Dist": 102.1, "Yr_20_Rate": -0.06, "Yr_20_Dist": -1.29 }, "geometry": { "type": "Point", "coordinates": [ -87.807407097815982, 42.509907521455276 ] } },
{ "type": "Feature", "properties": { "OBJECTID": 1017, "Sheet1__Ra": 2.5984656244600002, "Sheet1___1": 0.62477789404100004, "TransectID": 201, "Yr_59_Rate": 2.6, "Yr_59_Dist": 153.31, "Yr_20_Rate": 0.62, "Yr_20_Dist": 12.5 }, "geometry": { "type": "Point", "coordinates": [ -87.80779925768185, 42.510765477432315 ] } },
{ "type": "Feature", "properties": { "OBJECTID": 1018, "Sheet1__Ra": 1.3527733319399999, "Sheet1___1": 0.072890276381, "TransectID": 211, "Yr_59_Rate": 1.35, "Yr_59_Dist": 79.81, "Yr_20_Rate": 0.07, "Yr_20_Dist": 1.46 }, "geometry": { "type": "Point", "coordinates": [ -87.807941472670663, 42.511664070027173 ] } },
{ "type": "Feature", "properties": { "OBJECTID": 1019, "Sheet1__Ra": 1.35387435378, "Sheet1___1": -1.1242686533299999, "TransectID": 221, "Yr_59_Rate": 1.35, "Yr_59_Dist": 79.88, "Yr_20_Rate": -1.12, "Yr_20_Dist": -22.49 }, "geometry": { "type": "Point", "coordinates": [ -87.808397866570715, 42.512511583999142 ] } },
{ "type": "Feature", "properties": { "OBJECTID": 1020, "Sheet1__Ra": 0.699263066722, "Sheet1___1": 0.224990042009, "TransectID": 231, "Yr_59_Rate": 0.7, "Yr_59_Dist": 41.26, "Yr_20_Rate": 0.22, "Yr_20_Dist": 4.5 }, "geometry": { "type": "Point", "coordinates": [ -87.808636288444688, 42.513403524443468 ] } },
{ "type": "Feature", "properties": { "OBJECTID": 1021, "Sheet1__Ra": 1.09493282396, "Sheet1___1": -0.91468475940399996, "TransectID": 241, "Yr_59_Rate": 1.09, "Yr_59_Dist": 64.6, "Yr_20_Rate": -0.91, "Yr_20_Dist": -18.29 }, "geometry": { "type": "Point", "coordinates": [ -87.808874540600783, 42.514277517006448 ] } },
{ "type": "Feature", "properties": { "OBJECTID": 1022, "Sheet1__Ra": 1.44174357994, "Sheet1___1": -0.96840442624800005, "TransectID": 251, "Yr_59_Rate": 1.44, "Yr_59_Dist": 85.06, "Yr_20_Rate": -0.97, "Yr_20_Dist": -19.37 }, "geometry": { "type": "Point", "coordinates": [ -87.809163167708391, 42.515152308193876 ] } },
{ "type": "Feature", "properties": { "OBJECTID": 1023, "Sheet1__Ra": 2.3948637289299999, "Sheet1___1": -1.3428028163500001, "TransectID": 261, "Yr_59_Rate": 2.39, "Yr_59_Dist": 141.3, "Yr_20_Rate": -1.34, "Yr_20_Dist": -26.86 }, "geometry": { "type": "Point", "coordinates": [ -87.809414842046763, 42.516021731027372 ] } },
{ "type": "Feature", "properties": { "OBJECTID": 1024, "Sheet1__Ra": 2.5220658168500001, "Sheet1___1": -3.4097780285199999, "TransectID": 271, "Yr_59_Rate": 2.52, "Yr_59_Dist": 148.8, "Yr_20_Rate": -3.41, "Yr_20_Dist": -68.2 }, "geometry": { "type": "Point", "coordinates": [ -87.809599973664888, 42.516859752040077 ] } },
{ "type": "Feature", "properties": { "OBJECTID": 1025, "Sheet1__Ra": 2.5178731801600001, "Sheet1___1": -3.8224620695599998, "TransectID": 281, "Yr_59_Rate": 2.52, "Yr_59_Dist": 148.55, "Yr_20_Rate": -3.82, "Yr_20_Dist": -76.45 }, "geometry": { "type": "Point", "coordinates": [ -87.80979091905796, 42.517695082292043 ] } },
{ "type": "Feature", "properties": { "OBJECTID": 1026, "Sheet1__Ra": 2.4644098647799999, "Sheet1___1": -3.1264693370700001, "TransectID": 291, "Yr_59_Rate": 2.46, "Yr_59_Dist": 145.4, "Yr_20_Rate": -3.13, "Yr_20_Dist": -62.53 }, "geometry": { "type": "Point", "coordinates": [ -87.810042122502992, 42.518521635895418 ] } },
{ "type": "Feature", "properties": { "OBJECTID": 1027, "Sheet1__Ra": 2.0409127208900002, "Sheet1___1": -1.18365219186, "TransectID": 301, "Yr_59_Rate": 2.04, "Yr_59_Dist": 120.41, "Yr_20_Rate": -1.18, "Yr_20_Dist": -23.67 }, "geometry": { "type": "Point", "coordinates": [ -87.810254839223347, 42.519352098040983 ] } },
{ "type": "Feature", "properties": { "OBJECTID": 1028, "Sheet1__Ra": 2.1455879112599998, "Sheet1___1": -0.82391007907199998, "TransectID": 311, "Yr_59_Rate": 2.15, "Yr_59_Dist": 126.59, "Yr_20_Rate": -0.82, "Yr_20_Dist": -16.48 }, "geometry": { "type": "Point", "coordinates": [ -87.81037313793739, 42.520189931599774 ] } },
{ "type": "Feature", "properties": { "OBJECTID": 1029, "Sheet1__Ra": 0.84518847589799995, "Sheet1___1": -0.162009131201, "TransectID": 321, "Yr_59_Rate": 0.85, "Yr_59_Dist": 49.87, "Yr_20_Rate": -0.16, "Yr_20_Dist": -3.24 }, "geometry": { "type": "Point", "coordinates": [ -87.810132292121352, 42.521055077265224 ] } },
{ "type": "Feature", "properties": { "OBJECTID": 1030, "Sheet1__Ra": 1.3145652290200001, "Sheet1___1": -0.20385899105399999, "TransectID": 331, "Yr_59_Rate": 1.31, "Yr_59_Dist": 77.56, "Yr_20_Rate": -0.2, "Yr_20_Dist": -4.08 }, "geometry": { "type": "Point", "coordinates": [ -87.810281530502053, 42.52188921124138 ] } },
{ "type": "Feature", "properties": { "OBJECTID": 1031, "Sheet1__Ra": 1.05545799174, "Sheet1___1": -0.39100050079900001, "TransectID": 341, "Yr_59_Rate": 1.06, "Yr_59_Dist": 62.27, "Yr_20_Rate": -0.39, "Yr_20_Dist": -7.82 }, "geometry": { "type": "Point", "coordinates": [ -87.810315347294704, 42.522732126893807 ] } },
{ "type": "Feature", "properties": { "OBJECTID": 1032, "Sheet1__Ra": 0.83394144381900004, "Sheet1___1": -0.26358113563300001, "TransectID": 351, "Yr_59_Rate": 0.83, "Yr_59_Dist": 49.2, "Yr_20_Rate": -0.26, "Yr_20_Dist": -5.27 }, "geometry": { "type": "Point", "coordinates": [ -87.810525879521535, 42.523569483846849 ] } },
{ "type": "Feature", "properties": { "OBJECTID": 1033, "Sheet1__Ra": 0.57192941264499997, "Sheet1___1": -0.47193820032200001, "TransectID": 361, "Yr_59_Rate": 0.57, "Yr_59_Dist": 33.74, "Yr_20_Rate": -0.47, "Yr_20_Dist": -9.44 }, "geometry": { "type": "Point", "coordinates": [ -87.810717473312565, 42.524423528743057 ] } },
{ "type": "Feature", "properties": { "OBJECTID": 1034, "Sheet1__Ra": 0.67805960218000005, "Sheet1___1": -0.229110479166, "TransectID": 371, "Yr_59_Rate": 0.68, "Yr_59_Dist": 40.01, "Yr_20_Rate": -0.23, "Yr_20_Dist": -4.58 }, "geometry": { "type": "Point", "coordinates": [ -87.810920488781036, 42.525319722470911 ] } },
{ "type": "Feature", "properties": { "OBJECTID": 1035, "Sheet1__Ra": 0.921590392639, "Sheet1___1": 0.44975634339499998, "TransectID": 381, "Yr_59_Rate": 0.92, "Yr_59_Dist": 54.37, "Yr_20_Rate": 0.45, "Yr_20_Dist": 9.0 }, "geometry": { "type": "Point", "coordinates": [ -87.811023512879316, 42.526218098503172 ] } },
{ "type": "Feature", "properties": { "OBJECTID": 1036, "Sheet1__Ra": 1.1111093625799999, "Sheet1___1": 0.55382343816199997, "TransectID": 391, "Yr_59_Rate": 1.11, "Yr_59_Dist": 65.56, "Yr_20_Rate": 0.55, "Yr_20_Dist": 11.08 }, "geometry": { "type": "Point", "coordinates": [ -87.811252248968401, 42.527113730434259 ] } },
{ "type": "Feature", "properties": { "OBJECTID": 1037, "Sheet1__Ra": 1.5676204439000001, "Sheet1___1": -0.175196917713, "TransectID": 401, "Yr_59_Rate": 1.57, "Yr_59_Dist": 92.49, "Yr_20_Rate": -0.18, "Yr_20_Dist": -3.5 }, "geometry": { "type": "Point", "coordinates": [ -87.811274584368078, 42.528013867483381 ] } },
{ "type": "Feature", "properties": { "OBJECTID": 1038, "Sheet1__Ra": 1.32802499134, "Sheet1___1": -0.398710168418, "TransectID": 411, "Yr_59_Rate": 1.33, "Yr_59_Dist": 78.35, "Yr_20_Rate": -0.4, "Yr_20_Dist": -7.97 }, "geometry": { "type": "Point", "coordinates": [ -87.811464761220378, 42.528910340776747 ] } },
{ "type": "Feature", "properties": { "OBJECTID": 1039, "Sheet1__Ra": 1.2861151563, "Sheet1___1": -0.15681601395799999, "TransectID": 421, "Yr_59_Rate": 1.29, "Yr_59_Dist": 75.88, "Yr_20_Rate": -0.16, "Yr_20_Dist": -3.14 }, "geometry": { "type": "Point", "coordinates": [ -87.811566372938387, 42.529808747188518 ] } },
{ "type": "Feature", "properties": { "OBJECTID": 1040, "Sheet1__Ra": 2.27158116325, "Sheet1___1": -0.67846510655299996, "TransectID": 431, "Yr_59_Rate": 2.27, "Yr_59_Dist": 134.02, "Yr_20_Rate": -0.68, "Yr_20_Dist": -13.57 }, "geometry": { "type": "Point", "coordinates": [ -87.811770838815235, 42.53070490821532 ] } },
{ "type": "Feature", "properties": { "OBJECTID": 1041, "Sheet1__Ra": 2.5598759747600002, "Sheet1___1": -0.46400555425099999, "TransectID": 441, "Yr_59_Rate": 2.56, "Yr_59_Dist": 151.03, "Yr_20_Rate": -0.46, "Yr_20_Dist": -9.28 }, "geometry": { "type": "Point", "coordinates": [ -87.811818894122311, 42.53160448352395 ] } },
{ "type": "Feature", "properties": { "OBJECTID": 1042, "Sheet1__Ra": 3.44327576925, "Sheet1___1": -1.06780425743, "TransectID": 451, "Yr_59_Rate": 3.44, "Yr_59_Dist": 203.15, "Yr_20_Rate": -1.07, "Yr_20_Dist": -21.36 }, "geometry": { "type": "Point", "coordinates": [ -87.811804090008749, 42.532505430859572 ] } },
{ "type": "Feature", "properties": { "OBJECTID": 1043, "Sheet1__Ra": 2.3333959311900001, "Sheet1___1": -0.41809051744699999, "TransectID": 461, "Yr_59_Rate": 2.33, "Yr_59_Dist": 137.67, "Yr_20_Rate": -0.42, "Yr_20_Dist": -8.36 }, "geometry": { "type": "Point", "coordinates": [ -87.811592869385279, 42.5334106652899 ] } },
{ "type": "Feature", "properties": { "OBJECTID": 1044, "Sheet1__Ra": 2.7268777374400002, "Sheet1___1": -0.91886542722200004, "TransectID": 471, "Yr_59_Rate": 2.73, "Yr_59_Dist": 160.89, "Yr_20_Rate": -0.92, "Yr_20_Dist": -18.38 }, "geometry": { "type": "Point", "coordinates": [ -87.811384490206748, 42.534315836863122 ] } },
{ "type": "Feature", "properties": { "OBJECTID": 1045, "Sheet1__Ra": 1.68605459925, "Sheet1___1": -0.60672644497299999, "TransectID": 481, "Yr_59_Rate": 1.69, "Yr_59_Dist": 99.48, "Yr_20_Rate": -0.61, "Yr_20_Dist": -12.13 }, "geometry": { "type": "Point", "coordinates": [ -87.811242527670004, 42.535219558353262 ] } },
{ "type": "Feature", "properties": { "OBJECTID": 1046, "Sheet1__Ra": 1.9738268611700001, "Sheet1___1": -1.7797688219100001, "TransectID": 491, "Yr_59_Rate": 1.97, "Yr_59_Dist": 116.46, "Yr_20_Rate": -1.78, "Yr_20_Dist": -35.6 }, "geometry": { "type": "Point", "coordinates": [ -87.811455588607771, 42.536115532103622 ] } },
{ "type": "Feature", "properties": { "OBJECTID": 1047, "Sheet1__Ra": 2.26831399787, "Sheet1___1": -2.3184835885799999, "TransectID": 501, "Yr_59_Rate": 2.27, "Yr_59_Dist": 133.83, "Yr_20_Rate": -2.32, "Yr_20_Dist": -46.37 }, "geometry": { "type": "Point", "coordinates": [ -87.811530067905849, 42.537014530003987 ] } },
{ "type": "Feature", "properties": { "OBJECTID": 1048, "Sheet1__Ra": 0.79903958317199997, "Sheet1___1": -0.57514118128199998, "TransectID": 511, "Yr_59_Rate": 0.8, "Yr_59_Dist": 47.14, "Yr_20_Rate": -0.58, "Yr_20_Dist": -11.5 }, "geometry": { "type": "Point", "coordinates": [ -87.811579544586706, 42.537914065254974 ] } },
{ "type": "Feature", "properties": { "OBJECTID": 1049, "Sheet1__Ra": 0.86937434815799997, "Sheet1___1": -1.2292853749499999, "TransectID": 521, "Yr_59_Rate": 0.87, "Yr_59_Dist": 51.29, "Yr_20_Rate": -1.23, "Yr_20_Dist": -24.59 }, "geometry": { "type": "Point", "coordinates": [ -87.811522594998863, 42.538815843446059 ] } },
{ "type": "Feature", "properties": { "OBJECTID": 1050, "Sheet1__Ra": 1.6364252690100001, "Sheet1___1": 0.70741760713500002, "TransectID": 531, "Yr_59_Rate": 1.64, "Yr_59_Dist": 96.55, "Yr_20_Rate": 0.71, "Yr_20_Dist": 14.15 }, "geometry": { "type": "Point", "coordinates": [ -87.811618140564519, 42.539714297028851 ] } },
{ "type": "Feature", "properties": { "OBJECTID": 1051, "Sheet1__Ra": 1.14690273434, "Sheet1___1": -1.12132022174, "TransectID": 541, "Yr_59_Rate": 1.15, "Yr_59_Dist": 67.67, "Yr_20_Rate": -1.12, "Yr_20_Dist": -22.43 }, "geometry": { "type": "Point", "coordinates": [ -87.811802986143732, 42.540610811515073 ] } },
{ "type": "Feature", "properties": { "OBJECTID": 1052, "Sheet1__Ra": 0.57818466283699999, "Sheet1___1": -1.28405403673, "TransectID": 551, "Yr_59_Rate": 0.58, "Yr_59_Dist": 34.11, "Yr_20_Rate": -1.28, "Yr_20_Dist": -25.68 }, "geometry": { "type": "Point", "coordinates": [ -87.811903187989216, 42.541509171813537 ] } },
{ "type": "Feature", "properties": { "OBJECTID": 1053, "Sheet1__Ra": 0.84226673126399998, "Sheet1___1": -0.56406257823700001, "TransectID": 561, "Yr_59_Rate": 0.84, "Yr_59_Dist": 49.69, "Yr_20_Rate": -0.56, "Yr_20_Dist": -11.28 }, "geometry": { "type": "Point", "coordinates": [ -87.812055869291882, 42.5423984472231 ] } },
{ "type": "Feature", "properties": { "OBJECTID": 1054, "Sheet1__Ra": 0.98077616285299996, "Sheet1___1": -0.49343337392600001, "TransectID": 571, "Yr_59_Rate": 0.98, "Yr_59_Dist": 57.87, "Yr_20_Rate": -0.49, "Yr_20_Dist": -9.87 }, "geometry": { "type": "Point", "coordinates": [ -87.812078739392291, 42.543288007361198 ] } },
{ "type": "Feature", "properties": { "OBJECTID": 1055, "Sheet1__Ra": -0.20457776001700001, "Sheet1___1": -0.50172289705899997, "TransectID": 581, "Yr_59_Rate": -0.2, "Yr_59_Dist": -12.07, "Yr_20_Rate": -0.5, "Yr_20_Dist": -10.03 }, "geometry": { "type": "Point", "coordinates": [ -87.811869337405469, 42.544180394570134 ] } },
{ "type": "Feature", "properties": { "OBJECTID": 1056, "Sheet1__Ra": -0.84077632189600005, "Sheet1___1": 0.17682335784, "TransectID": 591, "Yr_59_Rate": -0.84, "Yr_59_Dist": -49.61, "Yr_20_Rate": 0.18, "Yr_20_Dist": 3.54 }, "geometry": { "type": "Point", "coordinates": [ -87.811556398879503, 42.545072106977003 ] } },
{ "type": "Feature", "properties": { "OBJECTID": 1057, "Sheet1__Ra": 0.122631593627, "Sheet1___1": 0.31474086299199999, "TransectID": 601, "Yr_59_Rate": 0.12, "Yr_59_Dist": 7.24, "Yr_20_Rate": 0.31, "Yr_20_Dist": 6.29 }, "geometry": { "type": "Point", "coordinates": [ -87.8115396855668, 42.545959761787287 ] } },
{ "type": "Feature", "properties": { "OBJECTID": 1058, "Sheet1__Ra": 1.74541596713, "Sheet1___1": -0.17567195998499999, "TransectID": 611, "Yr_59_Rate": 1.75, "Yr_59_Dist": 102.98, "Yr_20_Rate": -0.18, "Yr_20_Dist": -3.51 }, "geometry": { "type": "Point", "coordinates": [ -87.811314289240215, 42.546847717706314 ] } },
{ "type": "Feature", "properties": { "OBJECTID": 1059, "Sheet1__Ra": 1.38361196428, "Sheet1___1": -0.64627282246899997, "TransectID": 621, "Yr_59_Rate": 1.38, "Yr_59_Dist": 81.63, "Yr_20_Rate": -0.65, "Yr_20_Dist": -12.93 }, "geometry": { "type": "Point", "coordinates": [ -87.810960923267174, 42.547734290821474 ] } },
{ "type": "Feature", "properties": { "OBJECTID": 1060, "Sheet1__Ra": 1.34182868142, "Sheet1___1": -1.8543205759900001, "TransectID": 631, "Yr_59_Rate": 1.34, "Yr_59_Dist": 79.17, "Yr_20_Rate": -1.85, "Yr_20_Dist": -37.09 }, "geometry": { "type": "Point", "coordinates": [ -87.810788367371316, 42.548619387972487 ] } },
{ "type": "Feature", "properties": { "OBJECTID": 1061, "Sheet1__Ra": 1.21207112759, "Sheet1___1": 0.232297521984, "TransectID": 641, "Yr_59_Rate": 1.21, "Yr_59_Dist": 71.51, "Yr_20_Rate": 0.23, "Yr_20_Dist": 4.65 }, "geometry": { "type": "Point", "coordinates": [ -87.810911274963587, 42.549505640306727 ] } },
{ "type": "Feature", "properties": { "OBJECTID": 1062, "Sheet1__Ra": 1.5668753412800001, "Sheet1___1": -0.030163308019, "TransectID": 651, "Yr_59_Rate": 1.57, "Yr_59_Dist": 92.45, "Yr_20_Rate": -0.03, "Yr_20_Dist": -0.6 }, "geometry": { "type": "Point", "coordinates": [ -87.811057218142537, 42.550407151282009 ] } },
{ "type": "Feature", "properties": { "OBJECTID": 1063, "Sheet1__Ra": 2.3778420790300001, "Sheet1___1": -0.13187015079100001, "TransectID": 661, "Yr_59_Rate": 2.38, "Yr_59_Dist": 140.29, "Yr_20_Rate": -0.13, "Yr_20_Dist": -2.64 }, "geometry": { "type": "Point", "coordinates": [ -87.811195675699977, 42.551291703419544 ] } },
{ "type": "Feature", "properties": { "OBJECTID": 1064, "Sheet1__Ra": 2.53079058383, "Sheet1___1": -0.10555100049, "TransectID": 671, "Yr_59_Rate": 2.53, "Yr_59_Dist": 149.32, "Yr_20_Rate": -0.11, "Yr_20_Dist": -2.11 }, "geometry": { "type": "Point", "coordinates": [ -87.811576286299157, 42.552196383078616 ] } },
{ "type": "Feature", "properties": { "OBJECTID": 1065, "Sheet1__Ra": 2.8104681624899999, "Sheet1___1": 0.33685801986699998, "TransectID": 681, "Yr_59_Rate": 2.81, "Yr_59_Dist": 165.82, "Yr_20_Rate": 0.34, "Yr_20_Dist": 6.74 }, "geometry": { "type": "Point", "coordinates": [ -87.811750760814206, 42.553098709933934 ] } },
{ "type": "Feature", "properties": { "OBJECTID": 1066, "Sheet1__Ra": 3.1517893827700001, "Sheet1___1": 0.14266541755699999, "TransectID": 691, "Yr_59_Rate": 3.15, "Yr_59_Dist": 185.96, "Yr_20_Rate": 0.14, "Yr_20_Dist": 2.85 }, "geometry": { "type": "Point", "coordinates": [ -87.812028582557829, 42.554002215313474 ] } },
{ "type": "Feature", "properties": { "OBJECTID": 1067, "Sheet1__Ra": 3.4637960901599998, "Sheet1___1": 0.121053387634, "TransectID": 701, "Yr_59_Rate": 3.46, "Yr_59_Dist": 204.36, "Yr_20_Rate": 0.12, "Yr_20_Dist": 2.42 }, "geometry": { "type": "Point", "coordinates": [ -87.812216220085531, 42.55490469148117 ] } },
{ "type": "Feature", "properties": { "OBJECTID": 1068, "Sheet1__Ra": 3.8198966505500001, "Sheet1___1": 0.29286683919099998, "TransectID": 711, "Yr_59_Rate": 3.82, "Yr_59_Dist": 225.37, "Yr_20_Rate": 0.29, "Yr_20_Dist": 5.86 }, "geometry": { "type": "Point", "coordinates": [ -87.812531905806424, 42.555808627353358 ] } },
{ "type": "Feature", "properties": { "OBJECTID": 1069, "Sheet1__Ra": 3.6606893441600001, "Sheet1___1": -0.15798224646799999, "TransectID": 721, "Yr_59_Rate": 3.66, "Yr_59_Dist": 215.98, "Yr_20_Rate": -0.16, "Yr_20_Dist": -3.16 }, "geometry": { "type": "Point", "coordinates": [ -87.812706670018258, 42.556710955820492 ] } },
{ "type": "Feature", "properties": { "OBJECTID": 1070, "Sheet1__Ra": 2.8377026274800001, "Sheet1___1": -0.40560263363900001, "TransectID": 731, "Yr_59_Rate": 2.84, "Yr_59_Dist": 167.42, "Yr_20_Rate": -0.41, "Yr_20_Dist": -8.11 }, "geometry": { "type": "Point", "coordinates": [ -87.812018137605392, 42.557603439508583 ] } },
{ "type": "Feature", "properties": { "OBJECTID": 1071, "Sheet1__Ra": -0.58487403879800004, "Sheet1___1": 0.36794811180699999, "TransectID": 741, "Yr_59_Rate": -0.58, "Yr_59_Dist": -34.51, "Yr_20_Rate": 0.37, "Yr_20_Dist": 7.36 }, "geometry": { "type": "Point", "coordinates": [ -87.81091672082168, 42.558491205599765 ] } },
{ "type": "Feature", "properties": { "OBJECTID": 1072, "Sheet1__Ra": 0.037270392319, "Sheet1___1": -0.49798282349799999, "TransectID": 751, "Yr_59_Rate": 0.04, "Yr_59_Dist": 2.2, "Yr_20_Rate": -0.5, "Yr_20_Dist": -9.96 }, "geometry": { "type": "Point", "coordinates": [ -87.810845840101933, 42.559390731545861 ] } },
{ "type": "Feature", "properties": { "OBJECTID": 1073, "Sheet1__Ra": 0.62128178224200004, "Sheet1___1": 0.20726019311499999, "TransectID": 761, "Yr_59_Rate": 0.62, "Yr_59_Dist": 36.66, "Yr_20_Rate": 0.21, "Yr_20_Dist": 4.15 }, "geometry": { "type": "Point", "coordinates": [ -87.8106987149459, 42.560289386645294 ] } },
{ "type": "Feature", "properties": { "OBJECTID": 1074, "Sheet1__Ra": -1.82939841495, "Sheet1___1": 0.26560616030400003, "TransectID": 771, "Yr_59_Rate": -1.83, "Yr_59_Dist": -107.93, "Yr_20_Rate": 0.27, "Yr_20_Dist": 5.31 }, "geometry": { "type": "Point", "coordinates": [ -87.810654269594394, 42.561189214028509 ] } },
{ "type": "Feature", "properties": { "OBJECTID": 1075, "Sheet1__Ra": -1.21874150343, "Sheet1___1": -2.2913187961600001, "TransectID": 781, "Yr_59_Rate": -1.22, "Yr_59_Dist": -71.91, "Yr_20_Rate": -2.29, "Yr_20_Dist": -45.83 }, "geometry": { "type": "Point", "coordinates": [ -87.810712910432954, 42.56209021847252 ] } },
{ "type": "Feature", "properties": { "OBJECTID": 1076, "Sheet1__Ra": -0.077428875315199999, "Sheet1___1": -1.3545956801900001, "TransectID": 791, "Yr_59_Rate": -0.08, "Yr_59_Dist": -4.57, "Yr_20_Rate": -1.35, "Yr_20_Dist": -27.09 }, "geometry": { "type": "Point", "coordinates": [ -87.810796488646218, 42.562999510670174 ] } },
{ "type": "Feature", "properties": { "OBJECTID": 1077, "Sheet1__Ra": 0.33681086574000002, "Sheet1___1": 0.170041422059, "TransectID": 801, "Yr_59_Rate": 0.34, "Yr_59_Dist": 19.87, "Yr_20_Rate": 0.17, "Yr_20_Dist": 3.4 }, "geometry": { "type": "Point", "coordinates": [ -87.81095774004811, 42.563910225978766 ] } },
{ "type": "Feature", "properties": { "OBJECTID": 1078, "Sheet1__Ra": 0.90401285312599999, "Sheet1___1": 1.32091234773, "TransectID": 811, "Yr_59_Rate": 0.9, "Yr_59_Dist": 53.34, "Yr_20_Rate": 1.32, "Yr_20_Dist": 26.42 }, "geometry": { "type": "Point", "coordinates": [ -87.810939043512718, 42.564819227776944 ] } },
{ "type": "Feature", "properties": { "OBJECTID": 1079, "Sheet1__Ra": 0.50460470271699998, "Sheet1___1": 0.0, "TransectID": 821, "Yr_59_Rate": 0.5, "Yr_59_Dist": 29.77, "Yr_20_Rate": 0.0, "Yr_20_Dist": 0.0 }, "geometry": { "type": "Point", "coordinates": [ -87.810764713998523, 42.565727775202816 ] } },
{ "type": "Feature", "properties": { "OBJECTID": 1080, "Sheet1__Ra": 0.46853705556399999, "Sheet1___1": 0.0084308184784499998, "TransectID": 831, "Yr_59_Rate": 0.47, "Yr_59_Dist": 27.64, "Yr_20_Rate": 0.01, "Yr_20_Dist": 0.17 }, "geometry": { "type": "Point", "coordinates": [ -87.810799587132763, 42.566637156466633 ] } },
{ "type": "Feature", "properties": { "OBJECTID": 1081, "Sheet1__Ra": 0.55471860270100004, "Sheet1___1": -0.0024857867101199999, "TransectID": 841, "Yr_59_Rate": 0.55, "Yr_59_Dist": 32.73, "Yr_20_Rate": -0.0, "Yr_20_Dist": -0.05 }, "geometry": { "type": "Point", "coordinates": [ -87.810732816968354, 42.567546511762757 ] } },
{ "type": "Feature", "properties": { "OBJECTID": 1082, "Sheet1__Ra": 0.58548234466399995, "Sheet1___1": -0.15005531124900001, "TransectID": 851, "Yr_59_Rate": 0.59, "Yr_59_Dist": 34.54, "Yr_20_Rate": -0.15, "Yr_20_Dist": -3.0 }, "geometry": { "type": "Point", "coordinates": [ -87.810815529454473, 42.568455684890694 ] } },
{ "type": "Feature", "properties": { "OBJECTID": 1083, "Sheet1__Ra": 0.40626969723599998, "Sheet1___1": 0.133698471372, "TransectID": 861, "Yr_59_Rate": 0.41, "Yr_59_Dist": 23.97, "Yr_20_Rate": 0.13, "Yr_20_Dist": 2.67 }, "geometry": { "type": "Point", "coordinates": [ -87.810730098600587, 42.56936556080241 ] } },
{ "type": "Feature", "properties": { "OBJECTID": 1084, "Sheet1__Ra": 0.35497174351400002, "Sheet1___1": 0.0882744031529, "TransectID": 871, "Yr_59_Rate": 0.35, "Yr_59_Dist": 20.94, "Yr_20_Rate": 0.09, "Yr_20_Dist": 1.77 }, "geometry": { "type": "Point", "coordinates": [ -87.810773074284683, 42.570274850660383 ] } },
{ "type": "Feature", "properties": { "OBJECTID": 1085, "Sheet1__Ra": 0.45384599939499998, "Sheet1___1": 0.0, "TransectID": 881, "Yr_59_Rate": 0.45, "Yr_59_Dist": 26.78, "Yr_20_Rate": 0.0, "Yr_20_Dist": 0.0 }, "geometry": { "type": "Point", "coordinates": [ -87.810802628883081, 42.571184166113731 ] } },
{ "type": "Feature", "properties": { "OBJECTID": 1086, "Sheet1__Ra": 0.37330910150899999, "Sheet1___1": 0.130553177652, "TransectID": 891, "Yr_59_Rate": 0.37, "Yr_59_Dist": 22.03, "Yr_20_Rate": 0.13, "Yr_20_Dist": 2.61 }, "geometry": { "type": "Point", "coordinates": [ -87.810898418218798, 42.572084744910811 ] } },
{ "type": "Feature", "properties": { "OBJECTID": 1087, "Sheet1__Ra": 0.46919817025499999, "Sheet1___1": 0.40448568174299998, "TransectID": 901, "Yr_59_Rate": 0.47, "Yr_59_Dist": 27.68, "Yr_20_Rate": 0.4, "Yr_20_Dist": 8.09 }, "geometry": { "type": "Point", "coordinates": [ -87.810927717917366, 42.572984752824162 ] } },
{ "type": "Feature", "properties": { "OBJECTID": 1088, "Sheet1__Ra": 0.28086314840799997, "Sheet1___1": -0.043703678580299998, "TransectID": 911, "Yr_59_Rate": 0.28, "Yr_59_Dist": 16.57, "Yr_20_Rate": -0.04, "Yr_20_Dist": -0.87 }, "geometry": { "type": "Point", "coordinates": [ -87.810970414626397, 42.57388461873559 ] } },
{ "type": "Feature", "properties": { "OBJECTID": 1089, "Sheet1__Ra": 0.62822628832799998, "Sheet1___1": 1.1853774236600001, "TransectID": 921, "Yr_59_Rate": 0.63, "Yr_59_Dist": 37.07, "Yr_20_Rate": 1.19, "Yr_20_Dist": 23.71 }, "geometry": { "type": "Point", "coordinates": [ -87.81093583726296, 42.574785303094814 ] } },
{ "type": "Feature", "properties": { "OBJECTID": 1090, "Sheet1__Ra": 0.52538051089799997, "Sheet1___1": 0.30665132917, "TransectID": 931, "Yr_59_Rate": 0.53, "Yr_59_Dist": 31.0, "Yr_20_Rate": 0.31, "Yr_20_Dist": 6.13 }, "geometry": { "type": "Point", "coordinates": [ -87.810967725975317, 42.575685283253243 ] } },
{ "type": "Feature", "properties": { "OBJECTID": 1091, "Sheet1__Ra": 0.45457428470299999, "Sheet1___1": 0.0, "TransectID": 941, "Yr_59_Rate": 0.45, "Yr_59_Dist": 26.82, "Yr_20_Rate": 0.0, "Yr_20_Dist": 0.0 }, "geometry": { "type": "Point", "coordinates": [ -87.810971779625788, 42.576585299526052 ] } },
{ "type": "Feature", "properties": { "OBJECTID": 1092, "Sheet1__Ra": 0.468486718543, "Sheet1___1": 0.012361142882400001, "TransectID": 951, "Yr_59_Rate": 0.47, "Yr_59_Dist": 27.64, "Yr_20_Rate": 0.01, "Yr_20_Dist": 0.25 }, "geometry": { "type": "Point", "coordinates": [ -87.811130832804835, 42.57747933117227 ] } },
{ "type": "Feature", "properties": { "OBJECTID": 1093, "Sheet1__Ra": 0.23846105964100001, "Sheet1___1": -0.38222520870799997, "TransectID": 961, "Yr_59_Rate": 0.24, "Yr_59_Dist": 14.07, "Yr_20_Rate": -0.38, "Yr_20_Dist": -7.64 }, "geometry": { "type": "Point", "coordinates": [ -87.811083337837502, 42.578375388456593 ] } },
{ "type": "Feature", "properties": { "OBJECTID": 1094, "Sheet1__Ra": 0.0, "Sheet1___1": 0.0, "TransectID": 971, "Yr_59_Rate": 0.0, "Yr_59_Dist": 0.0, "Yr_20_Rate": 0.0, "Yr_20_Dist": 0.0 }, "geometry": { "type": "Point", "coordinates": [ -87.810646526682575, 42.579274051937766 ] } },
{ "type": "Feature", "properties": { "OBJECTID": 1095, "Sheet1__Ra": 0.0, "Sheet1___1": 0.0, "TransectID": 981, "Yr_59_Rate": 0.0, "Yr_59_Dist": 0.0, "Yr_20_Rate": 0.0, "Yr_20_Dist": 0.0 }, "geometry": { "type": "Point", "coordinates": [ -87.81032090468284, 42.580171010368808 ] } },
{ "type": "Feature", "properties": { "OBJECTID": 1096, "Sheet1__Ra": 0.22102821312599999, "Sheet1___1": 0.31185656985499999, "TransectID": 991, "Yr_59_Rate": 0.22, "Yr_59_Dist": 13.04, "Yr_20_Rate": 0.31, "Yr_20_Dist": 6.24 }, "geometry": { "type": "Point", "coordinates": [ -87.810337268890024, 42.581065546756058 ] } },
{ "type": "Feature", "properties": { "OBJECTID": 1099, "Sheet1__Ra": -3.82605539501, "Sheet1___1": -3.8205942881400001, "TransectID": 1081, "Yr_59_Rate": -3.83, "Yr_59_Dist": -225.74, "Yr_20_Rate": -3.82, "Yr_20_Dist": -76.41 }, "geometry": { "type": "Point", "coordinates": [ -87.810566441398677, 42.589510946839262 ] } },
{ "type": "Feature", "properties": { "OBJECTID": 1100, "Sheet1__Ra": -2.96115200221, "Sheet1___1": -3.2252316023900001, "TransectID": 1091, "Yr_59_Rate": -2.96, "Yr_59_Dist": -174.71, "Yr_20_Rate": -3.23, "Yr_20_Dist": -64.5 }, "geometry": { "type": "Point", "coordinates": [ -87.811233766082353, 42.59039842696189 ] } },
{ "type": "Feature", "properties": { "OBJECTID": 1101, "Sheet1__Ra": -2.3283524127300002, "Sheet1___1": -4.7838158847900001, "TransectID": 1101, "Yr_59_Rate": -2.33, "Yr_59_Dist": -137.37, "Yr_20_Rate": -4.78, "Yr_20_Dist": -95.68 }, "geometry": { "type": "Point", "coordinates": [ -87.811749425782082, 42.591333872199222 ] } },
{ "type": "Feature", "properties": { "OBJECTID": 1102, "Sheet1__Ra": -0.85828936863700001, "Sheet1___1": -2.8710423509599998, "TransectID": 1141, "Yr_59_Rate": -0.86, "Yr_59_Dist": -50.64, "Yr_20_Rate": -2.87, "Yr_20_Dist": -57.42 }, "geometry": { "type": "Point", "coordinates": [ -87.814313576006938, 42.594799659772043 ] } },
{ "type": "Feature", "properties": { "OBJECTID": 1103, "Sheet1__Ra": -0.58805592775500004, "Sheet1___1": -2.2755663369599999, "TransectID": 1151, "Yr_59_Rate": -0.59, "Yr_59_Dist": -34.7, "Yr_20_Rate": -2.28, "Yr_20_Dist": -45.51 }, "geometry": { "type": "Point", "coordinates": [ -87.813809204059638, 42.595809293859773 ] } },
{ "type": "Feature", "properties": { "OBJECTID": 1104, "Sheet1__Ra": 0.29997277372999998, "Sheet1___1": -0.058789378275599997, "TransectID": 1161, "Yr_59_Rate": 0.3, "Yr_59_Dist": 17.7, "Yr_20_Rate": -0.06, "Yr_20_Dist": -1.18 }, "geometry": { "type": "Point", "coordinates": [ -87.813950094088455, 42.596724482721733 ] } },
{ "type": "Feature", "properties": { "OBJECTID": 1105, "Sheet1__Ra": 0.43990893671600001, "Sheet1___1": -0.063939457344600006, "TransectID": 1171, "Yr_59_Rate": 0.44, "Yr_59_Dist": 25.95, "Yr_20_Rate": -0.06, "Yr_20_Dist": -1.28 }, "geometry": { "type": "Point", "coordinates": [ -87.814152461747128, 42.597630720987532 ] } },
{ "type": "Feature", "properties": { "OBJECTID": 1106, "Sheet1__Ra": 0.51291361434100002, "Sheet1___1": 0.15773656183900001, "TransectID": 1181, "Yr_59_Rate": 0.51, "Yr_59_Dist": 30.26, "Yr_20_Rate": 0.16, "Yr_20_Dist": 3.15 }, "geometry": { "type": "Point", "coordinates": [ -87.81440385152311, 42.598529756613644 ] } },
{ "type": "Feature", "properties": { "OBJECTID": 1107, "Sheet1__Ra": 0.459459845054, "Sheet1___1": 0.112372650085, "TransectID": 1191, "Yr_59_Rate": 0.46, "Yr_59_Dist": 27.11, "Yr_20_Rate": 0.11, "Yr_20_Dist": 2.25 }, "geometry": { "type": "Point", "coordinates": [ -87.814657958606702, 42.59942893076007 ] } },
{ "type": "Feature", "properties": { "OBJECTID": 1108, "Sheet1__Ra": 0.43223849985399998, "Sheet1___1": 0.117294669354, "TransectID": 1201, "Yr_59_Rate": 0.43, "Yr_59_Dist": 25.5, "Yr_20_Rate": 0.12, "Yr_20_Dist": 2.35 }, "geometry": { "type": "Point", "coordinates": [ -87.814775566384213, 42.600353439885396 ] } },
{ "type": "Feature", "properties": { "OBJECTID": 1109, "Sheet1__Ra": 0.47062196863099998, "Sheet1___1": 0.26770542446200002, "TransectID": 1211, "Yr_59_Rate": 0.47, "Yr_59_Dist": 27.77, "Yr_20_Rate": 0.27, "Yr_20_Dist": 5.35 }, "geometry": { "type": "Point", "coordinates": [ -87.814952033177349, 42.601270640461038 ] } },
{ "type": "Feature", "properties": { "OBJECTID": 1110, "Sheet1__Ra": 0.42377805694600001, "Sheet1___1": 0.118688475091, "TransectID": 1221, "Yr_59_Rate": 0.42, "Yr_59_Dist": 25.0, "Yr_20_Rate": 0.12, "Yr_20_Dist": 2.37 }, "geometry": { "type": "Point", "coordinates": [ -87.815145182530131, 42.60217434035529 ] } },
{ "type": "Feature", "properties": { "OBJECTID": 1111, "Sheet1__Ra": -1.7660884770600001, "Sheet1___1": -1.46409989813, "TransectID": 1231, "Yr_59_Rate": -1.77, "Yr_59_Dist": -104.2, "Yr_20_Rate": -1.46, "Yr_20_Dist": -29.28 }, "geometry": { "type": "Point", "coordinates": [ -87.815523573900364, 42.603037769010193 ] } },
{ "type": "Feature", "properties": { "OBJECTID": 1112, "Sheet1__Ra": -3.76783552249, "Sheet1___1": -2.5468865898700002, "TransectID": 1241, "Yr_59_Rate": -3.77, "Yr_59_Dist": -222.3, "Yr_20_Rate": -2.55, "Yr_20_Dist": -50.94 }, "geometry": { "type": "Point", "coordinates": [ -87.816009031153257, 42.603880244046337 ] } },
{ "type": "Feature", "properties": { "OBJECTID": 1113, "Sheet1__Ra": -3.6059314214499998, "Sheet1___1": -1.0916533124300001, "TransectID": 1251, "Yr_59_Rate": -3.61, "Yr_59_Dist": -212.75, "Yr_20_Rate": -1.09, "Yr_20_Dist": -21.83 }, "geometry": { "type": "Point", "coordinates": [ -87.8163665192465, 42.604721758469779 ] } },
{ "type": "Feature", "properties": { "OBJECTID": 1114, "Sheet1__Ra": -3.35765244161, "Sheet1___1": -1.02491482025, "TransectID": 1261, "Yr_59_Rate": -3.36, "Yr_59_Dist": -198.1, "Yr_20_Rate": -1.02, "Yr_20_Dist": -20.5 }, "geometry": { "type": "Point", "coordinates": [ -87.816653198123134, 42.605546253808626 ] } },
{ "type": "Feature", "properties": { "OBJECTID": 1115, "Sheet1__Ra": -3.4888133530799998, "Sheet1___1": -2.05481906262, "TransectID": 1271, "Yr_59_Rate": -3.49, "Yr_59_Dist": -205.84, "Yr_20_Rate": -2.05, "Yr_20_Dist": -41.1 }, "geometry": { "type": "Point", "coordinates": [ -87.816874017669846, 42.606380262920453 ] } },
{ "type": "Feature", "properties": { "OBJECTID": 1116, "Sheet1__Ra": -3.4656742544000001, "Sheet1___1": -2.2719289430299998, "TransectID": 1281, "Yr_59_Rate": -3.47, "Yr_59_Dist": -204.47, "Yr_20_Rate": -2.27, "Yr_20_Dist": -45.44 }, "geometry": { "type": "Point", "coordinates": [ -87.817186572628955, 42.607189062589043 ] } },
{ "type": "Feature", "properties": { "OBJECTID": 1117, "Sheet1__Ra": -3.8719754982699999, "Sheet1___1": -2.9565744343599998, "TransectID": 1291, "Yr_59_Rate": -3.87, "Yr_59_Dist": -228.45, "Yr_20_Rate": -2.96, "Yr_20_Dist": -59.13 }, "geometry": { "type": "Point", "coordinates": [ -87.817372998322313, 42.608032797777248 ] } },
{ "type": "Feature", "properties": { "OBJECTID": 1118, "Sheet1__Ra": -3.5718842402000002, "Sheet1___1": -3.2964592806500002, "TransectID": 1301, "Yr_59_Rate": -3.57, "Yr_59_Dist": -210.74, "Yr_20_Rate": -3.3, "Yr_20_Dist": -65.93 }, "geometry": { "type": "Point", "coordinates": [ -87.817521928194253, 42.608868910266587 ] } },
{ "type": "Feature", "properties": { "OBJECTID": 1119, "Sheet1__Ra": -2.6226643630600002, "Sheet1___1": -3.05331053957, "TransectID": 1311, "Yr_59_Rate": -2.62, "Yr_59_Dist": -154.74, "Yr_20_Rate": -3.05, "Yr_20_Dist": -61.07 }, "geometry": { "type": "Point", "coordinates": [ -87.817726290055944, 42.609699417152207 ] } },
{ "type": "Feature", "properties": { "OBJECTID": 1120, "Sheet1__Ra": -2.18894271493, "Sheet1___1": -3.2505630770799998, "TransectID": 1321, "Yr_59_Rate": -2.19, "Yr_59_Dist": -129.15, "Yr_20_Rate": -3.25, "Yr_20_Dist": -65.01 }, "geometry": { "type": "Point", "coordinates": [ -87.817911211429475, 42.610531744998269 ] } },
{ "type": "Feature", "properties": { "OBJECTID": 1121, "Sheet1__Ra": -2.1278708703899998, "Sheet1___1": -3.2686443920500001, "TransectID": 1331, "Yr_59_Rate": -2.13, "Yr_59_Dist": -125.54, "Yr_20_Rate": -3.27, "Yr_20_Dist": -65.37 }, "geometry": { "type": "Point", "coordinates": [ -87.818009989255998, 42.611373855126644 ] } },
{ "type": "Feature", "properties": { "OBJECTID": 1122, "Sheet1__Ra": -1.62692959469, "Sheet1___1": -3.57836636526, "TransectID": 1341, "Yr_59_Rate": -1.63, "Yr_59_Dist": -95.99, "Yr_20_Rate": -3.58, "Yr_20_Dist": -71.57 }, "geometry": { "type": "Point", "coordinates": [ -87.818192056066621, 42.612199018943734 ] } },
{ "type": "Feature", "properties": { "OBJECTID": 1123, "Sheet1__Ra": -1.7985664609400001, "Sheet1___1": -3.6404145737400002, "TransectID": 1351, "Yr_59_Rate": -1.8, "Yr_59_Dist": -106.12, "Yr_20_Rate": -3.64, "Yr_20_Dist": -72.81 }, "geometry": { "type": "Point", "coordinates": [ -87.818244704635177, 42.613083439693831 ] } },
{ "type": "Feature", "properties": { "OBJECTID": 1124, "Sheet1__Ra": -1.65419761273, "Sheet1___1": -2.0459109238800002, "TransectID": 1361, "Yr_59_Rate": -1.65, "Yr_59_Dist": -97.6, "Yr_20_Rate": -2.05, "Yr_20_Dist": -40.92 }, "geometry": { "type": "Point", "coordinates": [ -87.818360046352595, 42.613963866981422 ] } },
{ "type": "Feature", "properties": { "OBJECTID": 1125, "Sheet1__Ra": -1.9316155877200001, "Sheet1___1": -3.1598667760299999, "TransectID": 1371, "Yr_59_Rate": -1.93, "Yr_59_Dist": -113.97, "Yr_20_Rate": -3.16, "Yr_20_Dist": -63.2 }, "geometry": { "type": "Point", "coordinates": [ -87.818417474297419, 42.614814694229551 ] } },
{ "type": "Feature", "properties": { "OBJECTID": 1126, "Sheet1__Ra": -2.7568488388699999, "Sheet1___1": -3.8027879874399999, "TransectID": 1381, "Yr_59_Rate": -2.76, "Yr_59_Dist": -162.65, "Yr_20_Rate": -3.8, "Yr_20_Dist": -76.06 }, "geometry": { "type": "Point", "coordinates": [ -87.81843500964051, 42.615665462630346 ] } },
{ "type": "Feature", "properties": { "OBJECTID": 1127, "Sheet1__Ra": -2.81323761745, "Sheet1___1": -2.7067508930100002, "TransectID": 1391, "Yr_59_Rate": -2.81, "Yr_59_Dist": -165.98, "Yr_20_Rate": -2.71, "Yr_20_Dist": -54.14 }, "geometry": { "type": "Point", "coordinates": [ -87.818395664054322, 42.616514483303639 ] } },
{ "type": "Feature", "properties": { "OBJECTID": 1128, "Sheet1__Ra": -2.4798675720899999, "Sheet1___1": -1.62229915613, "TransectID": 1401, "Yr_59_Rate": -2.48, "Yr_59_Dist": -146.31, "Yr_20_Rate": -1.62, "Yr_20_Dist": -32.45 }, "geometry": { "type": "Point", "coordinates": [ -87.81843509576963, 42.617361255156247 ] } },
{ "type": "Feature", "properties": { "OBJECTID": 1129, "Sheet1__Ra": -1.24256974589, "Sheet1___1": -1.5287217341199999, "TransectID": 1411, "Yr_59_Rate": -1.24, "Yr_59_Dist": -73.31, "Yr_20_Rate": -1.53, "Yr_20_Dist": -30.57 }, "geometry": { "type": "Point", "coordinates": [ -87.818474698038884, 42.618207266297752 ] } },
{ "type": "Feature", "properties": { "OBJECTID": 1130, "Sheet1__Ra": -0.082706502518199998, "Sheet1___1": -1.14709986287, "TransectID": 1421, "Yr_59_Rate": -0.08, "Yr_59_Dist": -4.88, "Yr_20_Rate": -1.15, "Yr_20_Dist": -22.94 }, "geometry": { "type": "Point", "coordinates": [ -87.818524928684525, 42.619057715934645 ] } },
{ "type": "Feature", "properties": { "OBJECTID": 1131, "Sheet1__Ra": 0.80837186187099996, "Sheet1___1": -0.46020786571099997, "TransectID": 1431, "Yr_59_Rate": 0.81, "Yr_59_Dist": 47.69, "Yr_20_Rate": -0.46, "Yr_20_Dist": -9.2 }, "geometry": { "type": "Point", "coordinates": [ -87.81854024290881, 42.619909423614757 ] } },
{ "type": "Feature", "properties": { "OBJECTID": 1132, "Sheet1__Ra": 1.8108755068, "Sheet1___1": 0.50237862898600005, "TransectID": 1441, "Yr_59_Rate": 1.81, "Yr_59_Dist": 106.84, "Yr_20_Rate": 0.5, "Yr_20_Dist": 10.05 }, "geometry": { "type": "Point", "coordinates": [ -87.818573769105626, 42.620761220638144 ] } },
{ "type": "Feature", "properties": { "OBJECTID": 1133, "Sheet1__Ra": 2.7525905859600002, "Sheet1___1": 1.6626248942, "TransectID": 1451, "Yr_59_Rate": 2.75, "Yr_59_Dist": 162.4, "Yr_20_Rate": 1.66, "Yr_20_Dist": 33.25 }, "geometry": { "type": "Point", "coordinates": [ -87.818636472168137, 42.621621969904929 ] } },
{ "type": "Feature", "properties": { "OBJECTID": 1134, "Sheet1__Ra": 3.0809982493799999, "Sheet1___1": 0.197885394849, "TransectID": 1461, "Yr_59_Rate": 3.08, "Yr_59_Dist": 181.78, "Yr_20_Rate": 0.2, "Yr_20_Dist": 3.96 }, "geometry": { "type": "Point", "coordinates": [ -87.818485647517775, 42.622480456845459 ] } },
{ "type": "Feature", "properties": { "OBJECTID": 1186, "Sheet1__Ra": -2.0357746560100001, "Sheet1___1": -6.3096787550600002, "TransectID": 1111, "Yr_59_Rate": -2.04, "Yr_59_Dist": -120.11, "Yr_20_Rate": -6.31, "Yr_20_Dist": -126.19 }, "geometry": { "type": "Point", "coordinates": [ -87.812431191431429, 42.592219676354148 ] } },
{ "type": "Feature", "properties": { "OBJECTID": 1187, "Sheet1__Ra": -1.90905372652, "Sheet1___1": -6.1684418599099997, "TransectID": 1121, "Yr_59_Rate": -1.91, "Yr_59_Dist": -112.63, "Yr_20_Rate": -6.17, "Yr_20_Dist": -123.37 }, "geometry": { "type": "Point", "coordinates": [ -87.813068932272955, 42.593112186509678 ] } },
{ "type": "Feature", "properties": { "OBJECTID": 1188, "Sheet1__Ra": -1.6929988649800001, "Sheet1___1": -5.0077173773299997, "TransectID": 1131, "Yr_59_Rate": -1.69, "Yr_59_Dist": -99.89, "Yr_20_Rate": -5.01, "Yr_20_Dist": -100.15 }, "geometry": { "type": "Point", "coordinates": [ -87.813584075450194, 42.593973495556213 ] } }
]
}
