{
"type": "FeatureCollection",
"name": "shoreline_rec_rate",
"crs": { "type": "name", "properties": { "name": "urn:ogc:def:crs:OGC:1.3:CRS84" } },
"features": [
{ "type": "Feature", "properties": { "OBJECTID": 53, "Sheet1__Tr": 761.0, "Sheet1__Ra": -0.914180522291, "Sheet1___1": -0.380021441327 }, "geometry": { "type": "Point", "coordinates": [ -87.815420422897503, 43.446857294020241 ] } },
{ "type": "Feature", "properties": { "OBJECTID": 54, "Sheet1__Tr": 771.0, "Sheet1__Ra": -0.21461149984299999, "Sheet1___1": -0.53946878789899999 }, "geometry": { "type": "Point", "coordinates": [ -87.814767984828393, 43.447634334262119 ] } },
{ "type": "Feature", "properties": { "OBJECTID": 55, "Sheet1__Tr": 781.0, "Sheet1__Ra": -0.24445027639700001, "Sheet1___1": -0.40783116854599999 }, "geometry": { "type": "Point", "coordinates": [ -87.814143070839322, 43.448422997894333 ] } },
{ "type": "Feature", "properties": { "OBJECTID": 56, "Sheet1__Tr": 791.0, "Sheet1__Ra": -0.172957411172, "Sheet1___1": 0.0113854106662 }, "geometry": { "type": "Point", "coordinates": [ -87.813542186003289, 43.449221808717716 ] } },
{ "type": "Feature", "properties": { "OBJECTID": 57, "Sheet1__Tr": 801.0, "Sheet1__Ra": -0.018780815441799999, "Sheet1___1": 0.12135674015300001 }, "geometry": { "type": "Point", "coordinates": [ -87.812941347783266, 43.450020641108161 ] } },
{ "type": "Feature", "properties": { "OBJECTID": 76, "Sheet1__Tr": 721.0, "Sheet1__Ra": -0.264930530459, "Sheet1___1": 0.28452516076200002 }, "geometry": { "type": "Point", "coordinates": [ -87.818026989609308, 43.443753670516379 ] } },
{ "type": "Feature", "properties": { "OBJECTID": 77, "Sheet1__Tr": 731.0, "Sheet1__Ra": -0.33296196861, "Sheet1___1": 0.59740055333599995 }, "geometry": { "type": "Point", "coordinates": [ -87.817378000353884, 43.444526313420177 ] } },
{ "type": "Feature", "properties": { "OBJECTID": 78, "Sheet1__Tr": 741.0, "Sheet1__Ra": -0.97635629539900004, "Sheet1___1": -0.29089349751400001 }, "geometry": { "type": "Point", "coordinates": [ -87.816725431214152, 43.445303282957958 ] } },
{ "type": "Feature", "properties": { "OBJECTID": 79, "Sheet1__Tr": 751.0, "Sheet1__Ra": -0.992026245709, "Sheet1___1": 0.86721910388300005 }, "geometry": { "type": "Point", "coordinates": [ -87.816072905230158, 43.4460802767112 ] } },
{ "type": "Feature", "properties": { "OBJECTID": 80, "Sheet1__Tr": 1061.0, "Sheet1__Ra": -0.59122232881900005, "Sheet1___1": -0.10010023200900001 }, "geometry": { "type": "Point", "coordinates": [ -87.799543818009596, 43.471708748006058 ] } },
{ "type": "Feature", "properties": { "OBJECTID": 81, "Sheet1__Tr": 1071.0, "Sheet1__Ra": -0.367423473389, "Sheet1___1": 0.35412244357599998 }, "geometry": { "type": "Point", "coordinates": [ -87.799191605209572, 43.472571487289905 ] } },
{ "type": "Feature", "properties": { "OBJECTID": 82, "Sheet1__Tr": 1081.0, "Sheet1__Ra": -0.34923958108499997, "Sheet1___1": 0.106640312748 }, "geometry": { "type": "Point", "coordinates": [ -87.79883938192917, 43.473434225147457 ] } },
{ "type": "Feature", "properties": { "OBJECTID": 83, "Sheet1__Tr": 1091.0, "Sheet1__Ra": -0.38399935200200003, "Sheet1___1": 0.37479998902799999 }, "geometry": { "type": "Point", "coordinates": [ -87.798487148168377, 43.474296961561599 ] } },
{ "type": "Feature", "properties": { "OBJECTID": 84, "Sheet1__Tr": 1101.0, "Sheet1__Ra": -0.16920791252799999, "Sheet1___1": 0.48250556396900002 }, "geometry": { "type": "Point", "coordinates": [ -87.798134903925259, 43.47515969656645 ] } },
{ "type": "Feature", "properties": { "OBJECTID": 85, "Sheet1__Tr": 1111.0, "Sheet1__Ra": -0.79042139272199996, "Sheet1___1": -0.143015197323 }, "geometry": { "type": "Point", "coordinates": [ -87.797782649199803, 43.476022430144809 ] } },
{ "type": "Feature", "properties": { "OBJECTID": 86, "Sheet1__Tr": 1121.0, "Sheet1__Ra": -0.77491527862999998, "Sheet1___1": -0.52226319997199999 }, "geometry": { "type": "Point", "coordinates": [ -87.797430383967765, 43.476885162296078 ] } },
{ "type": "Feature", "properties": { "OBJECTID": 87, "Sheet1__Tr": 1131.0, "Sheet1__Ra": -0.43617716622800001, "Sheet1___1": 0.79304131315899995 }, "geometry": { "type": "Point", "coordinates": [ -87.797078108299843, 43.477747893004363 ] } },
{ "type": "Feature", "properties": { "OBJECTID": 88, "Sheet1__Tr": 1141.0, "Sheet1__Ra": -0.58851263881100002, "Sheet1___1": 0.36312371649000003 }, "geometry": { "type": "Point", "coordinates": [ -87.79672582209983, 43.478610622302114 ] } },
{ "type": "Feature", "properties": { "OBJECTID": 89, "Sheet1__Tr": 1151.0, "Sheet1__Ra": -0.70528504809100001, "Sheet1___1": 0.040997690327700002 }, "geometry": { "type": "Point", "coordinates": [ -87.796373525462641, 43.479473350156674 ] } },
{ "type": "Feature", "properties": { "OBJECTID": 90, "Sheet1__Tr": 1161.0, "Sheet1__Ra": -1.0614320904000001, "Sheet1___1": -1.23512253878 }, "geometry": { "type": "Point", "coordinates": [ -87.796021218292054, 43.48033607660053 ] } },
{ "type": "Feature", "properties": { "OBJECTID": 91, "Sheet1__Tr": 1171.0, "Sheet1__Ra": -0.95796705793000003, "Sheet1___1": -0.87406178840299997 }, "geometry": { "type": "Point", "coordinates": [ -87.795668900682301, 43.48119880161817 ] } },
{ "type": "Feature", "properties": { "OBJECTID": 92, "Sheet1__Tr": 1181.0, "Sheet1__Ra": -0.61792494194199998, "Sheet1___1": -0.25173517754399999 }, "geometry": { "type": "Point", "coordinates": [ -87.795316572538482, 43.482061525207698 ] } },
{ "type": "Feature", "properties": { "OBJECTID": 93, "Sheet1__Tr": 1221.0, "Sheet1__Ra": -1.4428527843200001, "Sheet1___1": -1.0245217607499999 }, "geometry": { "type": "Point", "coordinates": [ -87.793914448189227, 43.485494813086554 ] } },
{ "type": "Feature", "properties": { "OBJECTID": 94, "Sheet1__Tr": 1231.0, "Sheet1__Ra": -0.94502541203900003, "Sheet1___1": -0.99719743184499998 }, "geometry": { "type": "Point", "coordinates": [ -87.793564694948017, 43.4863513170109 ] } },
{ "type": "Feature", "properties": { "OBJECTID": 95, "Sheet1__Tr": 1241.0, "Sheet1__Ra": -0.697894921364, "Sheet1___1": -0.295676671158 }, "geometry": { "type": "Point", "coordinates": [ -87.79321495605555, 43.48720782495112 ] } },
{ "type": "Feature", "properties": { "OBJECTID": 96, "Sheet1__Tr": 1251.0, "Sheet1__Ra": -0.65057240161300001, "Sheet1___1": 0.072534017675400006 }, "geometry": { "type": "Point", "coordinates": [ -87.79283704300606, 43.488057908988246 ] } },
{ "type": "Feature", "properties": { "OBJECTID": 97, "Sheet1__Tr": 1261.0, "Sheet1__Ra": -0.71284432841000001, "Sheet1___1": 0.0962397180731 }, "geometry": { "type": "Point", "coordinates": [ -87.792422699598674, 43.488980766688137 ] } },
{ "type": "Feature", "properties": { "OBJECTID": 98, "Sheet1__Tr": 811.0, "Sheet1__Ra": -0.19627131633200001, "Sheet1___1": -0.62506183000899995 }, "geometry": { "type": "Point", "coordinates": [ -87.812340556723555, 43.450819494372688 ] } },
{ "type": "Feature", "properties": { "OBJECTID": 99, "Sheet1__Tr": 821.0, "Sheet1__Ra": -0.43320188778899998, "Sheet1___1": -0.24504115602000001 }, "geometry": { "type": "Point", "coordinates": [ -87.811739813249019, 43.451618367867617 ] } },
{ "type": "Feature", "properties": { "OBJECTID": 100, "Sheet1__Tr": 831.0, "Sheet1__Ra": -0.28622542394099998, "Sheet1___1": -0.0057296861413499997 }, "geometry": { "type": "Point", "coordinates": [ -87.811142922342313, 43.452412185804022 ] } },
{ "type": "Feature", "properties": { "OBJECTID": 101, "Sheet1__Tr": 841.0, "Sheet1__Ra": 0.15558703637499999, "Sheet1___1": -0.13128022549400001 }, "geometry": { "type": "Point", "coordinates": [ -87.810549351028129, 43.453201576098564 ] } },
{ "type": "Feature", "properties": { "OBJECTID": 102, "Sheet1__Tr": 851.0, "Sheet1__Ra": 0.118306212417, "Sheet1___1": 0.46155370034999998 }, "geometry": { "type": "Point", "coordinates": [ -87.809955764021055, 43.453990962856118 ] } },
{ "type": "Feature", "properties": { "OBJECTID": 103, "Sheet1__Tr": 861.0, "Sheet1__Ra": -0.26746772877500002, "Sheet1___1": 0.19829331098799999 }, "geometry": { "type": "Point", "coordinates": [ -87.809362161225309, 43.454780346091802 ] } },
{ "type": "Feature", "properties": { "OBJECTID": 104, "Sheet1__Tr": 871.0, "Sheet1__Ra": -0.71313770815800004, "Sheet1___1": -0.50806941033599995 }, "geometry": { "type": "Point", "coordinates": [ -87.808768542733702, 43.455569725824368 ] } },
{ "type": "Feature", "properties": { "OBJECTID": 105, "Sheet1__Tr": 881.0, "Sheet1__Ra": -0.33948182038699998, "Sheet1___1": 0.224658024742 }, "geometry": { "type": "Point", "coordinates": [ -87.808174908452429, 43.456359102017352 ] } },
{ "type": "Feature", "properties": { "OBJECTID": 106, "Sheet1__Tr": 891.0, "Sheet1__Ra": -0.57805963940799998, "Sheet1___1": -0.42373688603300003 }, "geometry": { "type": "Point", "coordinates": [ -87.807581258474201, 43.457148474689497 ] } },
{ "type": "Feature", "properties": { "OBJECTID": 107, "Sheet1__Tr": 901.0, "Sheet1__Ra": -0.61159692889499995, "Sheet1___1": -0.73431513163499995 }, "geometry": { "type": "Point", "coordinates": [ -87.806987592703337, 43.457937843855902 ] } },
{ "type": "Feature", "properties": { "OBJECTID": 108, "Sheet1__Tr": 911.0, "Sheet1__Ra": -0.41020882356499999, "Sheet1___1": -0.53609696831999998 }, "geometry": { "type": "Point", "coordinates": [ -87.806393911234466, 43.458727209483833 ] } },
{ "type": "Feature", "properties": { "OBJECTID": 109, "Sheet1__Tr": 921.0, "Sheet1__Ra": -0.36319503266399999, "Sheet1___1": -0.25929418337900001 }, "geometry": { "type": "Point", "coordinates": [ -87.805783071980414, 43.459539681798539 ] } },
{ "type": "Feature", "properties": { "OBJECTID": 110, "Sheet1__Tr": 931.0, "Sheet1__Ra": -0.61465168122000002, "Sheet1___1": -1.2967521217 }, "geometry": { "type": "Point", "coordinates": [ -87.805159235157817, 43.460371294456337 ] } },
{ "type": "Feature", "properties": { "OBJECTID": 111, "Sheet1__Tr": 941.0, "Sheet1__Ra": -0.554567850074, "Sheet1___1": -0.57233685302600001 }, "geometry": { "type": "Point", "coordinates": [ -87.804536526827704, 43.461203491851045 ] } },
{ "type": "Feature", "properties": { "OBJECTID": 112, "Sheet1__Tr": 951.0, "Sheet1__Ra": -0.576517722, "Sheet1___1": 0.33690542516700001 }, "geometry": { "type": "Point", "coordinates": [ -87.803914995906339, 43.462036220191884 ] } },
{ "type": "Feature", "properties": { "OBJECTID": 113, "Sheet1__Tr": 961.0, "Sheet1__Ra": -0.82460015251600005, "Sheet1___1": -0.87739650594700003 }, "geometry": { "type": "Point", "coordinates": [ -87.803294686597312, 43.462869423142884 ] } },
{ "type": "Feature", "properties": { "OBJECTID": 114, "Sheet1__Tr": 971.0, "Sheet1__Ra": -0.674159000063, "Sheet1___1": -1.1860801622799999 }, "geometry": { "type": "Point", "coordinates": [ -87.802809372931847, 43.463743664934221 ] } },
{ "type": "Feature", "properties": { "OBJECTID": 115, "Sheet1__Tr": 981.0, "Sheet1__Ra": -0.86766298891299998, "Sheet1___1": -1.92576819455 }, "geometry": { "type": "Point", "coordinates": [ -87.802433300607319, 43.46465105225743 ] } },
{ "type": "Feature", "properties": { "OBJECTID": 116, "Sheet1__Tr": 991.0, "Sheet1__Ra": -0.239088287466, "Sheet1___1": 0.340769057205 }, "geometry": { "type": "Point", "coordinates": [ -87.80205855799413, 43.465558735868811 ] } },
{ "type": "Feature", "properties": { "OBJECTID": 117, "Sheet1__Tr": 1001.0, "Sheet1__Ra": -0.65225898409500005, "Sheet1___1": -0.71323599510900004 }, "geometry": { "type": "Point", "coordinates": [ -87.801685168449225, 43.466466653101271 ] } },
{ "type": "Feature", "properties": { "OBJECTID": 118, "Sheet1__Tr": 1011.0, "Sheet1__Ra": -0.65488268904400004, "Sheet1___1": -0.90510275506899995 }, "geometry": { "type": "Point", "coordinates": [ -87.801313149524717, 43.467374740850147 ] } },
{ "type": "Feature", "properties": { "OBJECTID": 119, "Sheet1__Tr": 1021.0, "Sheet1__Ra": -0.50781871368099996, "Sheet1___1": -0.40938424137500001 }, "geometry": { "type": "Point", "coordinates": [ -87.800952564442113, 43.4682577766281 ] } },
{ "type": "Feature", "properties": { "OBJECTID": 120, "Sheet1__Tr": 1031.0, "Sheet1__Ra": -0.96350624729900003, "Sheet1___1": -0.122185474879 }, "geometry": { "type": "Point", "coordinates": [ -87.800600393533429, 43.469120521615416 ] } },
{ "type": "Feature", "properties": { "OBJECTID": 121, "Sheet1__Tr": 1041.0, "Sheet1__Ra": -0.68479618142800003, "Sheet1___1": 0.15128806020400001 }, "geometry": { "type": "Point", "coordinates": [ -87.800248212170573, 43.469983265177319 ] } },
{ "type": "Feature", "properties": { "OBJECTID": 122, "Sheet1__Tr": 1051.0, "Sheet1__Ra": -0.73023557175800002, "Sheet1___1": -0.42945324948199998 }, "geometry": { "type": "Point", "coordinates": [ -87.799896020329328, 43.470846007313256 ] } },
{ "type": "Feature", "properties": { "OBJECTID": 123, "Sheet1__Tr": 1191.0, "Sheet1__Ra": -0.97360011157299997, "Sheet1___1": -0.71988939265600005 }, "geometry": { "type": "Point", "coordinates": [ -87.794964233954161, 43.482924247370832 ] } },
{ "type": "Feature", "properties": { "OBJECTID": 124, "Sheet1__Tr": 1201.0, "Sheet1__Ra": -0.80423762817300004, "Sheet1___1": -0.043081207874700003 }, "geometry": { "type": "Point", "coordinates": [ -87.794613997973642, 43.483781816705736 ] } },
{ "type": "Feature", "properties": { "OBJECTID": 125, "Sheet1__Tr": 1211.0, "Sheet1__Ra": -1.01316902443, "Sheet1___1": -0.083409774765600006 }, "geometry": { "type": "Point", "coordinates": [ -87.794264215854597, 43.484638313041891 ] } },
{ "type": "Feature", "properties": { "OBJECTID": 126, "Sheet1__Tr": 1271.0, "Sheet1__Ra": -0.62120020406200005, "Sheet1___1": 0.54796970249200005 }, "geometry": { "type": "Point", "coordinates": [ -87.79200249445293, 43.489930771232295 ] } },
{ "type": "Feature", "properties": { "OBJECTID": 127, "Sheet1__Tr": 1281.0, "Sheet1__Ra": -0.204131781279, "Sheet1___1": -0.24803594084399999 }, "geometry": { "type": "Point", "coordinates": [ -87.791587639414061, 43.490883156962582 ] } },
{ "type": "Feature", "properties": { "OBJECTID": 128, "Sheet1__Tr": 1291.0, "Sheet1__Ra": -0.35513418290999998, "Sheet1___1": -0.64927137417199998 }, "geometry": { "type": "Point", "coordinates": [ -87.791178515910744, 43.491837409650998 ] } },
{ "type": "Feature", "properties": { "OBJECTID": 129, "Sheet1__Tr": 1301.0, "Sheet1__Ra": -0.206019033642, "Sheet1___1": 0.35756218936200002 }, "geometry": { "type": "Point", "coordinates": [ -87.790774705157574, 43.492798351276384 ] } },
{ "type": "Feature", "properties": { "OBJECTID": 130, "Sheet1__Tr": 1311.0, "Sheet1__Ra": -0.59547542868799996, "Sheet1___1": -0.3333900618 }, "geometry": { "type": "Point", "coordinates": [ -87.790809275366996, 43.493786958713358 ] } },
{ "type": "Feature", "properties": { "OBJECTID": 131, "Sheet1__Tr": 1321.0, "Sheet1__Ra": -1.1218481517400001, "Sheet1___1": -1.3490663542800001 }, "geometry": { "type": "Point", "coordinates": [ -87.790994769946536, 43.494784074472719 ] } },
{ "type": "Feature", "properties": { "OBJECTID": 132, "Sheet1__Tr": 1331.0, "Sheet1__Ra": -1.2263719955000001, "Sheet1___1": -0.63855510919699998 }, "geometry": { "type": "Point", "coordinates": [ -87.791187285259639, 43.495780325034751 ] } },
{ "type": "Feature", "properties": { "OBJECTID": 133, "Sheet1__Tr": 1341.0, "Sheet1__Ra": -0.77209465674599997, "Sheet1___1": 0.67375157977900002 }, "geometry": { "type": "Point", "coordinates": [ -87.79138658477676, 43.496775012130747 ] } },
{ "type": "Feature", "properties": { "OBJECTID": 134, "Sheet1__Tr": 1351.0, "Sheet1__Ra": -0.69975777521600002, "Sheet1___1": 1.00969569537 }, "geometry": { "type": "Point", "coordinates": [ -87.79159230809806, 43.497767493643181 ] } },
{ "type": "Feature", "properties": { "OBJECTID": 135, "Sheet1__Tr": 1361.0, "Sheet1__Ra": -0.64384785259599997, "Sheet1___1": 0.39387606147199999 }, "geometry": { "type": "Point", "coordinates": [ -87.791786311950744, 43.498682320844559 ] } },
{ "type": "Feature", "properties": { "OBJECTID": 136, "Sheet1__Tr": 1371.0, "Sheet1__Ra": -0.85994433491599997, "Sheet1___1": -0.075126017594300001 }, "geometry": { "type": "Point", "coordinates": [ -87.791971574748501, 43.499554551208448 ] } },
{ "type": "Feature", "properties": { "OBJECTID": 137, "Sheet1__Tr": 1381.0, "Sheet1__Ra": -0.95782628344999998, "Sheet1___1": -0.31986703548200002 }, "geometry": { "type": "Point", "coordinates": [ -87.792153920461942, 43.500410028181243 ] } },
{ "type": "Feature", "properties": { "OBJECTID": 138, "Sheet1__Tr": 1391.0, "Sheet1__Ra": -0.51314056261300001, "Sheet1___1": -0.51752702374600001 }, "geometry": { "type": "Point", "coordinates": [ -87.792336970995208, 43.501265386743718 ] } },
{ "type": "Feature", "properties": { "OBJECTID": 139, "Sheet1__Tr": 1401.0, "Sheet1__Ra": -0.88481771280199994, "Sheet1___1": -0.64403429088499997 }, "geometry": { "type": "Point", "coordinates": [ -87.792520738923486, 43.502120644617165 ] } },
{ "type": "Feature", "properties": { "OBJECTID": 140, "Sheet1__Tr": 1411.0, "Sheet1__Ra": -1.68031136858, "Sheet1___1": -2.3986157156700001 }, "geometry": { "type": "Point", "coordinates": [ -87.792705229824861, 43.502975825639631 ] } },
{ "type": "Feature", "properties": { "OBJECTID": 141, "Sheet1__Tr": 1421.0, "Sheet1__Ra": -1.20239773045, "Sheet1___1": -2.0576134454399999 }, "geometry": { "type": "Point", "coordinates": [ -87.792794532076087, 43.503836330203697 ] } },
{ "type": "Feature", "properties": { "OBJECTID": 142, "Sheet1__Tr": 1431.0, "Sheet1__Ra": -1.4933581459700001, "Sheet1___1": -0.95476391319700005 }, "geometry": { "type": "Point", "coordinates": [ -87.792792085342612, 43.50470198980382 ] } },
{ "type": "Feature", "properties": { "OBJECTID": 143, "Sheet1__Tr": 1571.0, "Sheet1__Ra": -1.0798459437900001, "Sheet1___1": -1.0708538379600001 }, "geometry": { "type": "Point", "coordinates": [ -87.792793992974111, 43.517182960159047 ] } },
{ "type": "Feature", "properties": { "OBJECTID": 144, "Sheet1__Tr": 1581.0, "Sheet1__Ra": -1.17304070499, "Sheet1___1": -1.15769931119 }, "geometry": { "type": "Point", "coordinates": [ -87.792794443849616, 43.518083028189295 ] } },
{ "type": "Feature", "properties": { "OBJECTID": 145, "Sheet1__Tr": 1591.0, "Sheet1__Ra": -1.1068036753599999, "Sheet1___1": -1.5361111154 }, "geometry": { "type": "Point", "coordinates": [ -87.792794894172303, 43.518983096086089 ] } },
{ "type": "Feature", "properties": { "OBJECTID": 146, "Sheet1__Tr": 1601.0, "Sheet1__Ra": -1.19265541863, "Sheet1___1": -1.5166052802100001 }, "geometry": { "type": "Point", "coordinates": [ -87.792795343965778, 43.519883163849947 ] } },
{ "type": "Feature", "properties": { "OBJECTID": 147, "Sheet1__Tr": 1611.0, "Sheet1__Ra": -0.975467619231, "Sheet1___1": -0.162940982461 }, "geometry": { "type": "Point", "coordinates": [ -87.792795872612217, 43.520766272078845 ] } },
{ "type": "Feature", "properties": { "OBJECTID": 148, "Sheet1__Tr": 1621.0, "Sheet1__Ra": -1.01818498471, "Sheet1___1": -0.96635597446 }, "geometry": { "type": "Point", "coordinates": [ -87.792796615913417, 43.521647480604031 ] } },
{ "type": "Feature", "properties": { "OBJECTID": 149, "Sheet1__Tr": 1631.0, "Sheet1__Ra": -1.2746137494700001, "Sheet1___1": -1.1499309295 }, "geometry": { "type": "Point", "coordinates": [ -87.792797576239508, 43.522528683259196 ] } },
{ "type": "Feature", "properties": { "OBJECTID": 150, "Sheet1__Tr": 1641.0, "Sheet1__Ra": -1.26585222304, "Sheet1___1": -1.76469341014 }, "geometry": { "type": "Point", "coordinates": [ -87.792798753668791, 43.52340988397858 ] } },
{ "type": "Feature", "properties": { "OBJECTID": 151, "Sheet1__Tr": 1651.0, "Sheet1__Ra": -0.74515933140500001, "Sheet1___1": -1.2004467062899999 }, "geometry": { "type": "Point", "coordinates": [ -87.792800148229475, 43.524291086781325 ] } },
{ "type": "Feature", "properties": { "OBJECTID": 152, "Sheet1__Tr": 1661.0, "Sheet1__Ra": -0.63282595859000002, "Sheet1___1": -0.74689861312299999 }, "geometry": { "type": "Point", "coordinates": [ -87.79270855574245, 43.525169475635209 ] } },
{ "type": "Feature", "properties": { "OBJECTID": 153, "Sheet1__Tr": 1671.0, "Sheet1__Ra": -0.9223310411, "Sheet1___1": -1.5023407229400001 }, "geometry": { "type": "Point", "coordinates": [ -87.792606787864571, 43.52604756004424 ] } },
{ "type": "Feature", "properties": { "OBJECTID": 154, "Sheet1__Tr": 1681.0, "Sheet1__Ra": -0.525549584711, "Sheet1___1": -0.27140625089300002 }, "geometry": { "type": "Point", "coordinates": [ -87.792505233255156, 43.526925658283957 ] } },
{ "type": "Feature", "properties": { "OBJECTID": 155, "Sheet1__Tr": 1691.0, "Sheet1__Ra": -0.72843252890200005, "Sheet1___1": 0.55491685637300003 }, "geometry": { "type": "Point", "coordinates": [ -87.792403891423675, 43.527803774346921 ] } },
{ "type": "Feature", "properties": { "OBJECTID": 156, "Sheet1__Tr": 1701.0, "Sheet1__Ra": -1.1642247380399999, "Sheet1___1": -1.41782874813 }, "geometry": { "type": "Point", "coordinates": [ -87.792302761645431, 43.528681912169468 ] } },
{ "type": "Feature", "properties": { "OBJECTID": 157, "Sheet1__Tr": 1711.0, "Sheet1__Ra": -1.00769115391, "Sheet1___1": -1.2341332404400001 }, "geometry": { "type": "Point", "coordinates": [ -87.792199813032482, 43.529576959945516 ] } },
{ "type": "Feature", "properties": { "OBJECTID": 158, "Sheet1__Tr": 1721.0, "Sheet1__Ra": -1.07129611205, "Sheet1___1": -1.03446286414 }, "geometry": { "type": "Point", "coordinates": [ -87.792096645319717, 43.53047389088708 ] } },
{ "type": "Feature", "properties": { "OBJECTID": 159, "Sheet1__Tr": 1731.0, "Sheet1__Ra": -1.0067121968399999, "Sheet1___1": -1.46079284919 }, "geometry": { "type": "Point", "coordinates": [ -87.791993473956822, 43.531370821518408 ] } },
{ "type": "Feature", "properties": { "OBJECTID": 160, "Sheet1__Tr": 1741.0, "Sheet1__Ra": -1.39778296837, "Sheet1___1": -1.8391909422699999 }, "geometry": { "type": "Point", "coordinates": [ -87.791890299013744, 43.532267751858122 ] } },
{ "type": "Feature", "properties": { "OBJECTID": 161, "Sheet1__Tr": 1751.0, "Sheet1__Ra": -1.3785590641500001, "Sheet1___1": -1.9290446991300001 }, "geometry": { "type": "Point", "coordinates": [ -87.791787120465997, 43.533164681922841 ] } },
{ "type": "Feature", "properties": { "OBJECTID": 162, "Sheet1__Tr": 1761.0, "Sheet1__Ra": -0.90765047347799999, "Sheet1___1": -0.45074572669399998 }, "geometry": { "type": "Point", "coordinates": [ -87.791683938291683, 43.534061611660668 ] } },
{ "type": "Feature", "properties": { "OBJECTID": 163, "Sheet1__Tr": 1771.0, "Sheet1__Ra": -0.88972997758299999, "Sheet1___1": -0.63761645516400001 }, "geometry": { "type": "Point", "coordinates": [ -87.791580752558815, 43.534958541141577 ] } },
{ "type": "Feature", "properties": { "OBJECTID": 164, "Sheet1__Tr": 1781.0, "Sheet1__Ra": -0.9566209009, "Sheet1___1": -1.3378389114 }, "geometry": { "type": "Point", "coordinates": [ -87.79147756317407, 43.535855470329437 ] } },
{ "type": "Feature", "properties": { "OBJECTID": 165, "Sheet1__Tr": 1791.0, "Sheet1__Ra": -1.5520519873800001, "Sheet1___1": -1.1596167617799999 }, "geometry": { "type": "Point", "coordinates": [ -87.791374370185636, 43.536752399190789 ] } },
{ "type": "Feature", "properties": { "OBJECTID": 166, "Sheet1__Tr": 1801.0, "Sheet1__Ra": -1.85724399072, "Sheet1___1": -1.80386636048 }, "geometry": { "type": "Point", "coordinates": [ -87.79127117363798, 43.537649327795187 ] } },
{ "type": "Feature", "properties": { "OBJECTID": 167, "Sheet1__Tr": 1811.0, "Sheet1__Ra": -2.30266636089, "Sheet1___1": -3.3341049165699999 }, "geometry": { "type": "Point", "coordinates": [ -87.791167973437751, 43.538546256106507 ] } },
{ "type": "Feature", "properties": { "OBJECTID": 168, "Sheet1__Tr": 1821.0, "Sheet1__Ra": -1.9992352409900001, "Sheet1___1": -3.0315447253699999 }, "geometry": { "type": "Point", "coordinates": [ -87.791064769656799, 43.539443184091766 ] } },
{ "type": "Feature", "properties": { "OBJECTID": 169, "Sheet1__Tr": 1831.0, "Sheet1__Ra": -1.2667420565600001, "Sheet1___1": -1.60389660447 }, "geometry": { "type": "Point", "coordinates": [ -87.790961562268691, 43.540340111819148 ] } },
{ "type": "Feature", "properties": { "OBJECTID": 170, "Sheet1__Tr": 1841.0, "Sheet1__Ra": -1.1907830794100001, "Sheet1___1": -0.89871195574399998 }, "geometry": { "type": "Point", "coordinates": [ -87.790858351251586, 43.541237039236719 ] } },
{ "type": "Feature", "properties": { "OBJECTID": 171, "Sheet1__Tr": 1851.0, "Sheet1__Ra": -1.7510388622099999, "Sheet1___1": -2.1074114637800001 }, "geometry": { "type": "Point", "coordinates": [ -87.790755136675372, 43.542133966362989 ] } },
{ "type": "Feature", "properties": { "OBJECTID": 172, "Sheet1__Tr": 1861.0, "Sheet1__Ra": -1.93644378195, "Sheet1___1": -4.4810326320399998 }, "geometry": { "type": "Point", "coordinates": [ -87.790651918444794, 43.543030893213235 ] } },
{ "type": "Feature", "properties": { "OBJECTID": 173, "Sheet1__Tr": 1871.0, "Sheet1__Ra": -1.25621297871, "Sheet1___1": -4.2899827970800004 }, "geometry": { "type": "Point", "coordinates": [ -87.790548696632356, 43.543927819737426 ] } },
{ "type": "Feature", "properties": { "OBJECTID": 174, "Sheet1__Tr": 1441.0, "Sheet1__Ra": -1.5951708686299999, "Sheet1___1": -0.600988571463 }, "geometry": { "type": "Point", "coordinates": [ -87.792790363930564, 43.505567645298832 ] } },
{ "type": "Feature", "properties": { "OBJECTID": 175, "Sheet1__Tr": 1451.0, "Sheet1__Ra": -2.0856305605399998, "Sheet1___1": -1.6040509263 }, "geometry": { "type": "Point", "coordinates": [ -87.792789367365728, 43.506433320911562 ] } },
{ "type": "Feature", "properties": { "OBJECTID": 176, "Sheet1__Tr": 1461.0, "Sheet1__Ra": -1.8854639499900001, "Sheet1___1": -2.0768991130500001 }, "geometry": { "type": "Point", "coordinates": [ -87.792789093667764, 43.507299040749729 ] } },
{ "type": "Feature", "properties": { "OBJECTID": 177, "Sheet1__Tr": 1471.0, "Sheet1__Ra": -1.72251596546, "Sheet1___1": -3.13248614907 }, "geometry": { "type": "Point", "coordinates": [ -87.79278945525806, 43.508182272528465 ] } },
{ "type": "Feature", "properties": { "OBJECTID": 178, "Sheet1__Tr": 1481.0, "Sheet1__Ra": -1.19278911718, "Sheet1___1": -2.4870285088799999 }, "geometry": { "type": "Point", "coordinates": [ -87.792789911424833, 43.509082341888451 ] } },
{ "type": "Feature", "properties": { "OBJECTID": 179, "Sheet1__Tr": 1491.0, "Sheet1__Ra": -0.95593906392500005, "Sheet1___1": -1.02361515077 }, "geometry": { "type": "Point", "coordinates": [ -87.792790367038947, 43.509982411115011 ] } },
{ "type": "Feature", "properties": { "OBJECTID": 180, "Sheet1__Tr": 1501.0, "Sheet1__Ra": -1.2034686994299999, "Sheet1___1": -1.85128500972 }, "geometry": { "type": "Point", "coordinates": [ -87.79279082212399, 43.5108824802086 ] } },
{ "type": "Feature", "properties": { "OBJECTID": 181, "Sheet1__Tr": 1511.0, "Sheet1__Ra": -0.8878376932000001, "Sheet1___1": -0.45326889431099998 }, "geometry": { "type": "Point", "coordinates": [ -87.792791276703554, 43.511782549169723 ] } },
{ "type": "Feature", "properties": { "OBJECTID": 182, "Sheet1__Tr": 1521.0, "Sheet1__Ra": -0.57111970384499999, "Sheet1___1": 0.62987204650100004 }, "geometry": { "type": "Point", "coordinates": [ -87.792791730730386, 43.512682617997406 ] } },
{ "type": "Feature", "properties": { "OBJECTID": 183, "Sheet1__Tr": 1531.0, "Sheet1__Ra": -1.0214363176300001, "Sheet1___1": -0.41050309226999998 }, "geometry": { "type": "Point", "coordinates": [ -87.792792184228148, 43.513582686692011 ] } },
{ "type": "Feature", "properties": { "OBJECTID": 184, "Sheet1__Tr": 1541.0, "Sheet1__Ra": -1.1685931520399999, "Sheet1___1": -1.1186624998700001 }, "geometry": { "type": "Point", "coordinates": [ -87.792792637219691, 43.514482755271388 ] } },
{ "type": "Feature", "properties": { "OBJECTID": 185, "Sheet1__Tr": 1551.0, "Sheet1__Ra": -0.91084566360399999, "Sheet1___1": -0.81213313241899998 }, "geometry": { "type": "Point", "coordinates": [ -87.792793089682732, 43.515382823700548 ] } },
{ "type": "Feature", "properties": { "OBJECTID": 186, "Sheet1__Tr": 1561.0, "Sheet1__Ra": -0.92016749791300001, "Sheet1___1": -0.79477565579700005 }, "geometry": { "type": "Point", "coordinates": [ -87.792793541592999, 43.516282891996262 ] } },
{ "type": "Feature", "properties": { "OBJECTID": 999, "Sheet1__Tr": 21.0, "Sheet1__Ra": 0.44104486419400002, "Sheet1___1": -1.5941373514099999 }, "geometry": { "type": "Point", "coordinates": [ -87.804411012111075, 42.494725582998136 ] } },
{ "type": "Feature", "properties": { "OBJECTID": 1000, "Sheet1__Tr": 31.0, "Sheet1__Ra": 0.15335567846000001, "Sheet1___1": 0.038361219190199997 }, "geometry": { "type": "Point", "coordinates": [ -87.804672073700317, 42.495604841382836 ] } },
{ "type": "Feature", "properties": { "OBJECTID": 1001, "Sheet1__Tr": 41.0, "Sheet1__Ra": 0.36317051649100002, "Sheet1___1": -1.47061776927 }, "geometry": { "type": "Point", "coordinates": [ -87.804933142092423, 42.496484099212452 ] } },
{ "type": "Feature", "properties": { "OBJECTID": 1002, "Sheet1__Tr": 51.0, "Sheet1__Ra": 1.0034242451, "Sheet1___1": -0.041096403628099999 }, "geometry": { "type": "Point", "coordinates": [ -87.805194217334801, 42.497363356470842 ] } },
{ "type": "Feature", "properties": { "OBJECTID": 1003, "Sheet1__Tr": 61.0, "Sheet1__Ra": 1.97862938926, "Sheet1___1": -0.49224325102099997 }, "geometry": { "type": "Point", "coordinates": [ -87.805455299382245, 42.498242613139652 ] } },
{ "type": "Feature", "properties": { "OBJECTID": 1004, "Sheet1__Tr": 71.0, "Sheet1__Ra": 2.3626107736300002, "Sheet1___1": -0.244558274804 }, "geometry": { "type": "Point", "coordinates": [ -87.805716388257707, 42.499121869236639 ] } },
{ "type": "Feature", "properties": { "OBJECTID": 1005, "Sheet1__Tr": 81.0, "Sheet1__Ra": 2.5356901014700002, "Sheet1___1": 0.38815524211300001 }, "geometry": { "type": "Point", "coordinates": [ -87.805977483961115, 42.500001124778798 ] } },
{ "type": "Feature", "properties": { "OBJECTID": 1006, "Sheet1__Tr": 91.0, "Sheet1__Ra": 2.7811760512400001, "Sheet1___1": 0.56839778861199997 }, "geometry": { "type": "Point", "coordinates": [ -87.806238580121075, 42.500880383288255 ] } },
{ "type": "Feature", "properties": { "OBJECTID": 1007, "Sheet1__Tr": 101.0, "Sheet1__Ra": 1.0337105772199999, "Sheet1___1": -0.44265753719700002 }, "geometry": { "type": "Point", "coordinates": [ -87.806499682962354, 42.501759641325663 ] } },
{ "type": "Feature", "properties": { "OBJECTID": 1008, "Sheet1__Tr": 111.0, "Sheet1__Ra": 1.2345826404, "Sheet1___1": -1.0676837775700001 }, "geometry": { "type": "Point", "coordinates": [ -87.806760792632247, 42.502638898775878 ] } },
{ "type": "Feature", "properties": { "OBJECTID": 1009, "Sheet1__Tr": 121.0, "Sheet1__Ra": 0.96770861185099999, "Sheet1___1": -0.51144195266900006 }, "geometry": { "type": "Point", "coordinates": [ -87.807021909128792, 42.503518155707567 ] } },
{ "type": "Feature", "properties": { "OBJECTID": 1010, "Sheet1__Tr": 131.0, "Sheet1__Ra": 0.58688768076200004, "Sheet1___1": -0.89335971712100004 }, "geometry": { "type": "Point", "coordinates": [ -87.807283032453682, 42.504397412086306 ] } },
{ "type": "Feature", "properties": { "OBJECTID": 1011, "Sheet1__Tr": 141.0, "Sheet1__Ra": 1.05899058071, "Sheet1___1": -0.21614699330100001 }, "geometry": { "type": "Point", "coordinates": [ -87.8075441626074, 42.505276667911978 ] } },
{ "type": "Feature", "properties": { "OBJECTID": 1012, "Sheet1__Tr": 151.0, "Sheet1__Ra": 2.8735580884499998, "Sheet1___1": -1.1094307945899999 }, "geometry": { "type": "Point", "coordinates": [ -87.807805299591593, 42.506155923150317 ] } },
{ "type": "Feature", "properties": { "OBJECTID": 1013, "Sheet1__Tr": 161.0, "Sheet1__Ra": 2.5198479156900002, "Sheet1___1": -0.38976719116300002 }, "geometry": { "type": "Point", "coordinates": [ -87.808066443404357, 42.507035177869881 ] } },
{ "type": "Feature", "properties": { "OBJECTID": 1014, "Sheet1__Tr": 171.0, "Sheet1__Ra": 3.00043520966, "Sheet1___1": 0.0153071707818 }, "geometry": { "type": "Point", "coordinates": [ -87.808327594047327, 42.507914432036223 ] } },
{ "type": "Feature", "properties": { "OBJECTID": 1015, "Sheet1__Tr": 181.0, "Sheet1__Ra": 1.4108894538400001, "Sheet1___1": -0.1230910053 }, "geometry": { "type": "Point", "coordinates": [ -87.808588751521029, 42.508793685649394 ] } },
{ "type": "Feature", "properties": { "OBJECTID": 1016, "Sheet1__Tr": 191.0, "Sheet1__Ra": 1.7304670739700001, "Sheet1___1": -0.064577506512000005 }, "geometry": { "type": "Point", "coordinates": [ -87.808849915826485, 42.509672938692056 ] } },
{ "type": "Feature", "properties": { "OBJECTID": 1017, "Sheet1__Tr": 201.0, "Sheet1__Ra": 2.5984656244600002, "Sheet1___1": 0.62477789404100004 }, "geometry": { "type": "Point", "coordinates": [ -87.809111086963568, 42.510552191181461 ] } },
{ "type": "Feature", "properties": { "OBJECTID": 1018, "Sheet1__Tr": 211.0, "Sheet1__Ra": 1.3527733319399999, "Sheet1___1": 0.072890276381 }, "geometry": { "type": "Point", "coordinates": [ -87.809372264932193, 42.511431443134597 ] } },
{ "type": "Feature", "properties": { "OBJECTID": 1019, "Sheet1__Tr": 221.0, "Sheet1__Ra": 1.35387435378, "Sheet1___1": -1.1242686533299999 }, "geometry": { "type": "Point", "coordinates": [ -87.809633449733397, 42.512310694534293 ] } },
{ "type": "Feature", "properties": { "OBJECTID": 1020, "Sheet1__Tr": 231.0, "Sheet1__Ra": 0.699263066722, "Sheet1___1": 0.224990042009 }, "geometry": { "type": "Point", "coordinates": [ -87.80989464136826, 42.513189945363315 ] } },
{ "type": "Feature", "properties": { "OBJECTID": 1021, "Sheet1__Tr": 241.0, "Sheet1__Ra": 1.09493282396, "Sheet1___1": -0.91468475940399996 }, "geometry": { "type": "Point", "coordinates": [ -87.810155839836625, 42.514069195638825 ] } },
{ "type": "Feature", "properties": { "OBJECTID": 1022, "Sheet1__Tr": 251.0, "Sheet1__Ra": 1.44174357994, "Sheet1___1": -0.96840442624800005 }, "geometry": { "type": "Point", "coordinates": [ -87.810417045138408, 42.514948445377819 ] } },
{ "type": "Feature", "properties": { "OBJECTID": 1023, "Sheet1__Tr": 261.0, "Sheet1__Ra": 2.3948637289299999, "Sheet1___1": -1.3428028163500001 }, "geometry": { "type": "Point", "coordinates": [ -87.810676169542532, 42.515820599031706 ] } },
{ "type": "Feature", "properties": { "OBJECTID": 1024, "Sheet1__Tr": 271.0, "Sheet1__Ra": 2.5220658168500001, "Sheet1___1": -3.4097780285199999 }, "geometry": { "type": "Point", "coordinates": [ -87.810928252942716, 42.516667014976214 ] } },
{ "type": "Feature", "properties": { "OBJECTID": 1025, "Sheet1__Tr": 281.0, "Sheet1__Ra": 2.5178731801600001, "Sheet1___1": -3.8224620695599998 }, "geometry": { "type": "Point", "coordinates": [ -87.811181149677438, 42.517513222940707 ] } },
{ "type": "Feature", "properties": { "OBJECTID": 1026, "Sheet1__Tr": 291.0, "Sheet1__Ra": 2.4644098647799999, "Sheet1___1": -3.1264693370700001 }, "geometry": { "type": "Point", "coordinates": [ -87.811434874143444, 42.518359256379604 ] } },
{ "type": "Feature", "properties": { "OBJECTID": 1027, "Sheet1__Tr": 301.0, "Sheet1__Ra": 2.0409127208900002, "Sheet1___1": -1.18365219186 }, "geometry": { "type": "Point", "coordinates": [ -87.811689438274854, 42.519205149490276 ] } },
{ "type": "Feature", "properties": { "OBJECTID": 1028, "Sheet1__Tr": 311.0, "Sheet1__Ra": 2.1455879112599998, "Sheet1___1": -0.82391007907199998 }, "geometry": { "type": "Point", "coordinates": [ -87.811895943635307, 42.520055407196644 ] } },
{ "type": "Feature", "properties": { "OBJECTID": 1029, "Sheet1__Tr": 321.0, "Sheet1__Ra": 0.84518847589799995, "Sheet1___1": -0.162009131201 }, "geometry": { "type": "Point", "coordinates": [ -87.811926873212457, 42.520921720294865 ] } },
{ "type": "Feature", "properties": { "OBJECTID": 1030, "Sheet1__Tr": 331.0, "Sheet1__Ra": 1.3145652290200001, "Sheet1___1": -0.20385899105399999 }, "geometry": { "type": "Point", "coordinates": [ -87.811958656275394, 42.521787998782216 ] } },
{ "type": "Feature", "properties": { "OBJECTID": 1031, "Sheet1__Tr": 341.0, "Sheet1__Ra": 1.05545799174, "Sheet1___1": -0.39100050079900001 }, "geometry": { "type": "Point", "coordinates": [ -87.811991294200055, 42.522654278101939 ] } },
{ "type": "Feature", "properties": { "OBJECTID": 1032, "Sheet1__Tr": 351.0, "Sheet1__Ra": 0.83394144381900004, "Sheet1___1": -0.26358113563300001 }, "geometry": { "type": "Point", "coordinates": [ -87.812024785538625, 42.523520593437318 ] } },
{ "type": "Feature", "properties": { "OBJECTID": 1033, "Sheet1__Tr": 361.0, "Sheet1__Ra": 0.57192941264499997, "Sheet1___1": -0.47193820032200001 }, "geometry": { "type": "Point", "coordinates": [ -87.81205939602134, 42.524394233166603 ] } },
{ "type": "Feature", "properties": { "OBJECTID": 1034, "Sheet1__Tr": 371.0, "Sheet1__Ra": 0.67805960218000005, "Sheet1___1": -0.229110479166 }, "geometry": { "type": "Point", "coordinates": [ -87.812095310923084, 42.525294074407611 ] } },
{ "type": "Feature", "properties": { "OBJECTID": 1035, "Sheet1__Tr": 381.0, "Sheet1__Ra": 0.921590392639, "Sheet1___1": 0.44975634339499998 }, "geometry": { "type": "Point", "coordinates": [ -87.812131226363519, 42.526193915563276 ] } },
{ "type": "Feature", "properties": { "OBJECTID": 1036, "Sheet1__Tr": 391.0, "Sheet1__Ra": 1.1111093625799999, "Sheet1___1": 0.55382343816199997 }, "geometry": { "type": "Point", "coordinates": [ -87.812167142252235, 42.52709375656319 ] } },
{ "type": "Feature", "properties": { "OBJECTID": 1037, "Sheet1__Tr": 401.0, "Sheet1__Ra": 1.5676204439000001, "Sheet1___1": -0.175196917713 }, "geometry": { "type": "Point", "coordinates": [ -87.812203058679785, 42.527993597477789 ] } },
{ "type": "Feature", "properties": { "OBJECTID": 1038, "Sheet1__Tr": 411.0, "Sheet1__Ra": 1.32802499134, "Sheet1___1": -0.398710168418 }, "geometry": { "type": "Point", "coordinates": [ -87.812238975555729, 42.528893438236629 ] } },
{ "type": "Feature", "properties": { "OBJECTID": 1039, "Sheet1__Tr": 421.0, "Sheet1__Ra": 1.2861151563, "Sheet1___1": -0.15681601395799999 }, "geometry": { "type": "Point", "coordinates": [ -87.81227489297062, 42.529793278910176 ] } },
{ "type": "Feature", "properties": { "OBJECTID": 1040, "Sheet1__Tr": 431.0, "Sheet1__Ra": 2.27158116325, "Sheet1___1": -0.67846510655299996 }, "geometry": { "type": "Point", "coordinates": [ -87.812310810834006, 42.530693119427916 ] } },
{ "type": "Feature", "properties": { "OBJECTID": 1041, "Sheet1__Tr": 441.0, "Sheet1__Ra": 2.5598759747600002, "Sheet1___1": -0.46400555425099999 }, "geometry": { "type": "Point", "coordinates": [ -87.812346729236452, 42.531592959860305 ] } },
{ "type": "Feature", "properties": { "OBJECTID": 1042, "Sheet1__Tr": 451.0, "Sheet1__Ra": 3.44327576925, "Sheet1___1": -1.06780425743 }, "geometry": { "type": "Point", "coordinates": [ -87.812382648087521, 42.532492800136936 ] } },
{ "type": "Feature", "properties": { "OBJECTID": 1043, "Sheet1__Tr": 461.0, "Sheet1__Ra": 2.3333959311900001, "Sheet1___1": -0.41809051744699999 }, "geometry": { "type": "Point", "coordinates": [ -87.812418567477749, 42.533392640328245 ] } },
{ "type": "Feature", "properties": { "OBJECTID": 1044, "Sheet1__Tr": 471.0, "Sheet1__Ra": 2.7268777374400002, "Sheet1___1": -0.91886542722200004 }, "geometry": { "type": "Point", "coordinates": [ -87.812454487316742, 42.534292480363774 ] } },
{ "type": "Feature", "properties": { "OBJECTID": 1045, "Sheet1__Tr": 481.0, "Sheet1__Ra": 1.68605459925, "Sheet1___1": -0.60672644497299999 }, "geometry": { "type": "Point", "coordinates": [ -87.812490407694924, 42.535192320313961 ] } },
{ "type": "Feature", "properties": { "OBJECTID": 1046, "Sheet1__Tr": 491.0, "Sheet1__Ra": 1.9738268611700001, "Sheet1___1": -1.7797688219100001 }, "geometry": { "type": "Point", "coordinates": [ -87.812526328522026, 42.536092160108375 ] } },
{ "type": "Feature", "properties": { "OBJECTID": 1047, "Sheet1__Tr": 501.0, "Sheet1__Ra": 2.26831399787, "Sheet1___1": -2.3184835885799999 }, "geometry": { "type": "Point", "coordinates": [ -87.812562249888444, 42.536991999817424 ] } },
{ "type": "Feature", "properties": { "OBJECTID": 1048, "Sheet1__Tr": 511.0, "Sheet1__Ra": 0.79903958317199997, "Sheet1___1": -0.57514118128199998 }, "geometry": { "type": "Point", "coordinates": [ -87.812598171486229, 42.537891833629665 ] } },
{ "type": "Feature", "properties": { "OBJECTID": 1049, "Sheet1__Tr": 521.0, "Sheet1__Ra": 0.86937434815799997, "Sheet1___1": -1.2292853749499999 }, "geometry": { "type": "Point", "coordinates": [ -87.812634091427583, 42.538791613157905 ] } },
{ "type": "Feature", "properties": { "OBJECTID": 1050, "Sheet1__Tr": 531.0, "Sheet1__Ra": 1.6364252690100001, "Sheet1___1": 0.70741760713500002 }, "geometry": { "type": "Point", "coordinates": [ -87.812670011863787, 42.539691392548399 ] } },
{ "type": "Feature", "properties": { "OBJECTID": 1051, "Sheet1__Tr": 541.0, "Sheet1__Ra": 1.14690273434, "Sheet1___1": -1.12132022174 }, "geometry": { "type": "Point", "coordinates": [ -87.812705932816897, 42.540591171835935 ] } },
{ "type": "Feature", "properties": { "OBJECTID": 1052, "Sheet1__Tr": 551.0, "Sheet1__Ra": 0.57818466283699999, "Sheet1___1": -1.28405403673 }, "geometry": { "type": "Point", "coordinates": [ -87.812741854241793, 42.541490950985306 ] } },
{ "type": "Feature", "properties": { "OBJECTID": 1053, "Sheet1__Tr": 561.0, "Sheet1__Ra": 0.84226673126399998, "Sheet1___1": -0.56406257823700001 }, "geometry": { "type": "Point", "coordinates": [ -87.812777508195069, 42.542384604446411 ] } },
{ "type": "Feature", "properties": { "OBJECTID": 1054, "Sheet1__Tr": 571.0, "Sheet1__Ra": 0.98077616285299996, "Sheet1___1": -0.49343337392600001 }, "geometry": { "type": "Point", "coordinates": [ -87.812812768644875, 42.543276366718636 ] } },
{ "type": "Feature", "properties": { "OBJECTID": 1055, "Sheet1__Tr": 581.0, "Sheet1__Ra": -0.20457776001700001, "Sheet1___1": -0.50172289705899997 }, "geometry": { "type": "Point", "coordinates": [ -87.81284807866983, 42.544168127044294 ] } },
{ "type": "Feature", "properties": { "OBJECTID": 1056, "Sheet1__Tr": 591.0, "Sheet1__Ra": -0.84077632189600005, "Sheet1___1": 0.17682335784 }, "geometry": { "type": "Point", "coordinates": [ -87.812883438301768, 42.545059885904969 ] } },
{ "type": "Feature", "properties": { "OBJECTID": 1057, "Sheet1__Tr": 601.0, "Sheet1__Ra": 0.122631593627, "Sheet1___1": 0.31474086299199999 }, "geometry": { "type": "Point", "coordinates": [ -87.81291884757124, 42.545951643816437 ] } },
{ "type": "Feature", "properties": { "OBJECTID": 1058, "Sheet1__Tr": 611.0, "Sheet1__Ra": 1.74541596713, "Sheet1___1": -0.17567195998499999 }, "geometry": { "type": "Point", "coordinates": [ -87.812912856737682, 42.546843617975782 ] } },
{ "type": "Feature", "properties": { "OBJECTID": 1059, "Sheet1__Tr": 621.0, "Sheet1__Ra": 1.38361196428, "Sheet1___1": -0.64627282246899997 }, "geometry": { "type": "Point", "coordinates": [ -87.812894079335479, 42.5477357116322 ] } },
{ "type": "Feature", "properties": { "OBJECTID": 1060, "Sheet1__Tr": 631.0, "Sheet1__Ra": 1.34182868142, "Sheet1___1": -1.8543205759900001 }, "geometry": { "type": "Point", "coordinates": [ -87.812875349329872, 42.548627805758386 ] } },
{ "type": "Feature", "properties": { "OBJECTID": 1061, "Sheet1__Tr": 641.0, "Sheet1__Ra": 1.21207112759, "Sheet1___1": 0.232297521984 }, "geometry": { "type": "Point", "coordinates": [ -87.812856666637742, 42.549519900799318 ] } },
{ "type": "Feature", "properties": { "OBJECTID": 1062, "Sheet1__Tr": 651.0, "Sheet1__Ra": 1.5668753412800001, "Sheet1___1": -0.030163308019 }, "geometry": { "type": "Point", "coordinates": [ -87.812838031267432, 42.550411997236111 ] } },
{ "type": "Feature", "properties": { "OBJECTID": 1063, "Sheet1__Tr": 661.0, "Sheet1__Ra": 2.3778420790300001, "Sheet1___1": -0.13187015079100001 }, "geometry": { "type": "Point", "coordinates": [ -87.812819301375896, 42.551310222526681 ] } },
{ "type": "Feature", "properties": { "OBJECTID": 1064, "Sheet1__Tr": 671.0, "Sheet1__Ra": 2.53079058383, "Sheet1___1": -0.10555100049 }, "geometry": { "type": "Point", "coordinates": [ -87.812800532188078, 42.55221034511991 ] } },
{ "type": "Feature", "properties": { "OBJECTID": 1065, "Sheet1__Tr": 681.0, "Sheet1__Ra": 2.8104681624899999, "Sheet1___1": 0.33685801986699998 }, "geometry": { "type": "Point", "coordinates": [ -87.812781761899615, 42.55311046756399 ] } },
{ "type": "Feature", "properties": { "OBJECTID": 1066, "Sheet1__Tr": 691.0, "Sheet1__Ra": 3.1517893827700001, "Sheet1___1": 0.14266541755699999 }, "geometry": { "type": "Point", "coordinates": [ -87.812762990533685, 42.554010589859459 ] } },
{ "type": "Feature", "properties": { "OBJECTID": 1067, "Sheet1__Tr": 701.0, "Sheet1__Ra": 3.4637960901599998, "Sheet1___1": 0.121053387634 }, "geometry": { "type": "Point", "coordinates": [ -87.81274421811348, 42.554910712006723 ] } },
{ "type": "Feature", "properties": { "OBJECTID": 1068, "Sheet1__Tr": 711.0, "Sheet1__Ra": 3.8198966505500001, "Sheet1___1": 0.29286683919099998 }, "geometry": { "type": "Point", "coordinates": [ -87.812725444616902, 42.555810833970995 ] } },
{ "type": "Feature", "properties": { "OBJECTID": 1069, "Sheet1__Tr": 721.0, "Sheet1__Ra": 3.6606893441600001, "Sheet1___1": -0.15798224646799999 }, "geometry": { "type": "Point", "coordinates": [ -87.812706670018258, 42.556710955820492 ] } },
{ "type": "Feature", "properties": { "OBJECTID": 1070, "Sheet1__Tr": 731.0, "Sheet1__Ra": 2.8377026274800001, "Sheet1___1": -0.40560263363900001 }, "geometry": { "type": "Point", "coordinates": [ -87.81268789434192, 42.557611077521358 ] } },
{ "type": "Feature", "properties": { "OBJECTID": 1071, "Sheet1__Tr": 741.0, "Sheet1__Ra": -0.58487403879800004, "Sheet1___1": 0.36794811180699999 }, "geometry": { "type": "Point", "coordinates": [ -87.812669117611122, 42.558511199074054 ] } },
{ "type": "Feature", "properties": { "OBJECTID": 1072, "Sheet1__Tr": 751.0, "Sheet1__Ra": 0.037270392319, "Sheet1___1": -0.49798282349799999 }, "geometry": { "type": "Point", "coordinates": [ -87.812650339802516, 42.559411320478063 ] } },
{ "type": "Feature", "properties": { "OBJECTID": 1073, "Sheet1__Tr": 761.0, "Sheet1__Ra": 0.62128178224200004, "Sheet1___1": 0.20726019311499999 }, "geometry": { "type": "Point", "coordinates": [ -87.81263156089409, 42.560311441698637 ] } },
{ "type": "Feature", "properties": { "OBJECTID": 1074, "Sheet1__Tr": 771.0, "Sheet1__Ra": -1.82939841495, "Sheet1___1": 0.26560616030400003 }, "geometry": { "type": "Point", "coordinates": [ -87.812612780929769, 42.561211562805333 ] } },
{ "type": "Feature", "properties": { "OBJECTID": 1075, "Sheet1__Tr": 781.0, "Sheet1__Ra": -1.21874150343, "Sheet1___1": -2.2913187961600001 }, "geometry": { "type": "Point", "coordinates": [ -87.81259399988754, 42.562111683763327 ] } },
{ "type": "Feature", "properties": { "OBJECTID": 1076, "Sheet1__Tr": 791.0, "Sheet1__Ra": -0.077428875315199999, "Sheet1___1": -1.3545956801900001 }, "geometry": { "type": "Point", "coordinates": [ -87.812575129275785, 42.563016428779818 ] } },
{ "type": "Feature", "properties": { "OBJECTID": 1077, "Sheet1__Tr": 801.0, "Sheet1__Ra": 0.33681086574000002, "Sheet1___1": 0.170041422059 }, "geometry": { "type": "Point", "coordinates": [ -87.812556263605245, 42.563921910792246 ] } },
{ "type": "Feature", "properties": { "OBJECTID": 1078, "Sheet1__Tr": 811.0, "Sheet1__Ra": 0.90401285312599999, "Sheet1___1": 1.32091234773 }, "geometry": { "type": "Point", "coordinates": [ -87.812537418484411, 42.564827393118968 ] } },
{ "type": "Feature", "properties": { "OBJECTID": 1079, "Sheet1__Tr": 821.0, "Sheet1__Ra": 0.50460470271699998, "Sheet1___1": 0.0 }, "geometry": { "type": "Point", "coordinates": [ -87.812518593826724, 42.56573287560385 ] } },
{ "type": "Feature", "properties": { "OBJECTID": 1080, "Sheet1__Tr": 831.0, "Sheet1__Ra": 0.46853705556399999, "Sheet1___1": 0.0084308184784499998 }, "geometry": { "type": "Point", "coordinates": [ -87.812499789707502, 42.566638358110801 ] } },
{ "type": "Feature", "properties": { "OBJECTID": 1081, "Sheet1__Tr": 841.0, "Sheet1__Ra": 0.55471860270100004, "Sheet1___1": -0.0024857867101199999 }, "geometry": { "type": "Point", "coordinates": [ -87.81251229126498, 42.567543852929916 ] } },
{ "type": "Feature", "properties": { "OBJECTID": 1082, "Sheet1__Tr": 851.0, "Sheet1__Ra": 0.58548234466399995, "Sheet1___1": -0.15005531124900001 }, "geometry": { "type": "Point", "coordinates": [ -87.812529797909292, 42.568449349478257 ] } },
{ "type": "Feature", "properties": { "OBJECTID": 1083, "Sheet1__Tr": 861.0, "Sheet1__Ra": 0.40626969723599998, "Sheet1___1": 0.133698471372 }, "geometry": { "type": "Point", "coordinates": [ -87.812547326158352, 42.56935484566133 ] } },
{ "type": "Feature", "properties": { "OBJECTID": 1084, "Sheet1__Tr": 871.0, "Sheet1__Ra": 0.35497174351400002, "Sheet1___1": 0.0882744031529 }, "geometry": { "type": "Point", "coordinates": [ -87.812564875926256, 42.570260341305698 ] } },
{ "type": "Feature", "properties": { "OBJECTID": 1085, "Sheet1__Tr": 881.0, "Sheet1__Ra": 0.45384599939499998, "Sheet1___1": 0.0 }, "geometry": { "type": "Point", "coordinates": [ -87.812582447241937, 42.571165836274638 ] } },
{ "type": "Feature", "properties": { "OBJECTID": 1086, "Sheet1__Tr": 891.0, "Sheet1__Ra": 0.37330910150899999, "Sheet1___1": 0.130553177652 }, "geometry": { "type": "Point", "coordinates": [ -87.812599942318911, 42.572066706709649 ] } },
{ "type": "Feature", "properties": { "OBJECTID": 1087, "Sheet1__Tr": 901.0, "Sheet1__Ra": 0.46919817025499999, "Sheet1___1": 0.40448568174299998 }, "geometry": { "type": "Point", "coordinates": [ -87.812617423228048, 42.572966840390151 ] } },
{ "type": "Feature", "properties": { "OBJECTID": 1088, "Sheet1__Tr": 911.0, "Sheet1__Ra": 0.28086314840799997, "Sheet1___1": -0.043703678580299998 }, "geometry": { "type": "Point", "coordinates": [ -87.812634904123925, 42.573866973981204 ] } },
{ "type": "Feature", "properties": { "OBJECTID": 1089, "Sheet1__Tr": 921.0, "Sheet1__Ra": 0.62822628832799998, "Sheet1___1": 1.1853774236600001 }, "geometry": { "type": "Point", "coordinates": [ -87.812652384961396, 42.574767107447514 ] } },
{ "type": "Feature", "properties": { "OBJECTID": 1090, "Sheet1__Tr": 931.0, "Sheet1__Ra": 0.52538051089799997, "Sheet1___1": 0.30665132917 }, "geometry": { "type": "Point", "coordinates": [ -87.812669865786845, 42.575667240790004 ] } },
{ "type": "Feature", "properties": { "OBJECTID": 1091, "Sheet1__Tr": 941.0, "Sheet1__Ra": 0.45457428470299999, "Sheet1___1": 0.0 }, "geometry": { "type": "Point", "coordinates": [ -87.812687343629491, 42.576567222303481 ] } },
{ "type": "Feature", "properties": { "OBJECTID": 1092, "Sheet1__Tr": 951.0, "Sheet1__Ra": 0.468486718543, "Sheet1___1": 0.012361142882400001 }, "geometry": { "type": "Point", "coordinates": [ -87.812704773263746, 42.57746455534091 ] } },
{ "type": "Feature", "properties": { "OBJECTID": 1093, "Sheet1__Tr": 961.0, "Sheet1__Ra": 0.23846105964100001, "Sheet1___1": -0.38222520870799997 }, "geometry": { "type": "Point", "coordinates": [ -87.812722208747061, 42.578361888143881 ] } },
{ "type": "Feature", "properties": { "OBJECTID": 1094, "Sheet1__Tr": 971.0, "Sheet1__Ra": 0.0, "Sheet1___1": 0.0 }, "geometry": { "type": "Point", "coordinates": [ -87.812739650102358, 42.579259220730016 ] } },
{ "type": "Feature", "properties": { "OBJECTID": 1095, "Sheet1__Tr": 981.0, "Sheet1__Ra": 0.0, "Sheet1___1": 0.0 }, "geometry": { "type": "Point", "coordinates": [ -87.812757097304839, 42.580156553150374 ] } },
{ "type": "Feature", "properties": { "OBJECTID": 1096, "Sheet1__Tr": 991.0, "Sheet1__Ra": 0.22102821312599999, "Sheet1___1": 0.31185656985499999 }, "geometry": { "type": "Point", "coordinates": [ -87.812773523899281, 42.581053890369219 ] } },
{ "type": "Feature", "properties": { "OBJECTID": 1097, "Sheet1__Tr": 1001.0, "Sheet1__Ra": -0.81888778070799995, "Sheet1___1": 0.202081928858 }, "geometry": { "type": "Point", "coordinates": [ -87.812772036237519, 42.581951314480555 ] } },
{ "type": "Feature", "properties": { "OBJECTID": 1098, "Sheet1__Tr": 1011.0, "Sheet1__Ra": 0.0, "Sheet1___1": 0.0 }, "geometry": { "type": "Point", "coordinates": [ -87.812770553926015, 42.582848738434301 ] } },
{ "type": "Feature", "properties": { "OBJECTID": 1099, "Sheet1__Tr": 1081.0, "Sheet1__Ra": -3.82605539501, "Sheet1___1": -3.8205942881400001 }, "geometry": { "type": "Point", "coordinates": [ -87.812989412308312, 42.589320565214365 ] } },
{ "type": "Feature", "properties": { "OBJECTID": 1100, "Sheet1__Tr": 1091.0, "Sheet1__Ra": -2.96115200221, "Sheet1___1": -3.2252316023900001 }, "geometry": { "type": "Point", "coordinates": [ -87.813209488121799, 42.59023866804803 ] } },
{ "type": "Feature", "properties": { "OBJECTID": 1101, "Sheet1__Tr": 1101.0, "Sheet1__Ra": -2.3283524127300002, "Sheet1___1": -4.7838158847900001 }, "geometry": { "type": "Point", "coordinates": [ -87.813430336796131, 42.591156658399001 ] } },
{ "type": "Feature", "properties": { "OBJECTID": 1102, "Sheet1__Tr": 1141.0, "Sheet1__Ra": -0.85828936863700001, "Sheet1___1": -2.8710423509599998 }, "geometry": { "type": "Point", "coordinates": [ -87.814313576006938, 42.594799659772043 ] } },
{ "type": "Feature", "properties": { "OBJECTID": 1103, "Sheet1__Tr": 1151.0, "Sheet1__Ra": -0.58805592775500004, "Sheet1___1": -2.2755663369599999 }, "geometry": { "type": "Point", "coordinates": [ -87.81453219494864, 42.595698472472534 ] } },
{ "type": "Feature", "properties": { "OBJECTID": 1104, "Sheet1__Tr": 1161.0, "Sheet1__Ra": 0.29997277372999998, "Sheet1___1": -0.058789378275599997 }, "geometry": { "type": "Point", "coordinates": [ -87.814750944336851, 42.596597267392788 ] } },
{ "type": "Feature", "properties": { "OBJECTID": 1105, "Sheet1__Tr": 1171.0, "Sheet1__Ra": 0.43990893671600001, "Sheet1___1": -0.063939457344600006 }, "geometry": { "type": "Point", "coordinates": [ -87.815034758353647, 42.597485639033586 ] } },
{ "type": "Feature", "properties": { "OBJECTID": 1106, "Sheet1__Tr": 1181.0, "Sheet1__Ra": 0.51291361434100002, "Sheet1___1": 0.15773656183900001 }, "geometry": { "type": "Point", "coordinates": [ -87.815339646773467, 42.598370633221187 ] } },
{ "type": "Feature", "properties": { "OBJECTID": 1107, "Sheet1__Tr": 1191.0, "Sheet1__Ra": 0.459459845054, "Sheet1___1": 0.112372650085 }, "geometry": { "type": "Point", "coordinates": [ -87.815644666279468, 42.599255603314752 ] } },
{ "type": "Feature", "properties": { "OBJECTID": 1108, "Sheet1__Tr": 1201.0, "Sheet1__Ra": 0.43223849985399998, "Sheet1___1": 0.117294669354 }, "geometry": { "type": "Point", "coordinates": [ -87.815949816107221, 42.60014054739208 ] } },
{ "type": "Feature", "properties": { "OBJECTID": 1109, "Sheet1__Tr": 1211.0, "Sheet1__Ra": 0.47062196863099998, "Sheet1___1": 0.26770542446200002 }, "geometry": { "type": "Point", "coordinates": [ -87.8162554195643, 42.601026408228897 ] } },
{ "type": "Feature", "properties": { "OBJECTID": 1110, "Sheet1__Tr": 1221.0, "Sheet1__Ra": 0.42377805694600001, "Sheet1___1": 0.118688475091 }, "geometry": { "type": "Point", "coordinates": [ -87.816558726842715, 42.60190528543653 ] } },
{ "type": "Feature", "properties": { "OBJECTID": 1111, "Sheet1__Tr": 1231.0, "Sheet1__Ra": -1.7660884770600001, "Sheet1___1": -1.46409989813 }, "geometry": { "type": "Point", "coordinates": [ -87.816860994802994, 42.602781093446175 ] } },
{ "type": "Feature", "properties": { "OBJECTID": 1112, "Sheet1__Tr": 1241.0, "Sheet1__Ra": -3.76783552249, "Sheet1___1": -2.5468865898700002 }, "geometry": { "type": "Point", "coordinates": [ -87.817163280210394, 42.603656898964822 ] } },
{ "type": "Feature", "properties": { "OBJECTID": 1113, "Sheet1__Tr": 1251.0, "Sheet1__Ra": -3.6059314214499998, "Sheet1___1": -1.0916533124300001 }, "geometry": { "type": "Point", "coordinates": [ -87.817459894649019, 42.604516484244463 ] } },
{ "type": "Feature", "properties": { "OBJECTID": 1114, "Sheet1__Tr": 1261.0, "Sheet1__Ra": -3.35765244161, "Sheet1___1": -1.02491482025 }, "geometry": { "type": "Point", "coordinates": [ -87.817756612911651, 42.605355114379222 ] } },
{ "type": "Feature", "properties": { "OBJECTID": 1115, "Sheet1__Tr": 1271.0, "Sheet1__Ra": -3.4888133530799998, "Sheet1___1": -2.05481906262 }, "geometry": { "type": "Point", "coordinates": [ -87.818071325790115, 42.606190138034606 ] } },
{ "type": "Feature", "properties": { "OBJECTID": 1116, "Sheet1__Tr": 1281.0, "Sheet1__Ra": -3.4656742544000001, "Sheet1___1": -2.2719289430299998 }, "geometry": { "type": "Point", "coordinates": [ -87.818386852810264, 42.607024962482086 ] } },
{ "type": "Feature", "properties": { "OBJECTID": 1117, "Sheet1__Tr": 1291.0, "Sheet1__Ra": -3.8719754982699999, "Sheet1___1": -2.9565744343599998 }, "geometry": { "type": "Point", "coordinates": [ -87.818703207695947, 42.607859621092025 ] } },
{ "type": "Feature", "properties": { "OBJECTID": 1118, "Sheet1__Tr": 1301.0, "Sheet1__Ra": -3.5718842402000002, "Sheet1___1": -3.2964592806500002 }, "geometry": { "type": "Point", "coordinates": [ -87.81890819916876, 42.608708088171717 ] } },
{ "type": "Feature", "properties": { "OBJECTID": 1119, "Sheet1__Tr": 1311.0, "Sheet1__Ra": -2.6226643630600002, "Sheet1___1": -3.05331053957 }, "geometry": { "type": "Point", "coordinates": [ -87.818978832338203, 42.609572270808982 ] } },
{ "type": "Feature", "properties": { "OBJECTID": 1120, "Sheet1__Tr": 1321.0, "Sheet1__Ra": -2.18894271493, "Sheet1___1": -3.2505630770799998 }, "geometry": { "type": "Point", "coordinates": [ -87.819049951363354, 42.610433798140107 ] } },
{ "type": "Feature", "properties": { "OBJECTID": 1121, "Sheet1__Tr": 1331.0, "Sheet1__Ra": -2.1278708703899998, "Sheet1___1": -3.2686443920500001 }, "geometry": { "type": "Point", "coordinates": [ -87.819122113896427, 42.611295313911306 ] } },
{ "type": "Feature", "properties": { "OBJECTID": 1122, "Sheet1__Tr": 1341.0, "Sheet1__Ra": -1.62692959469, "Sheet1___1": -3.57836636526 }, "geometry": { "type": "Point", "coordinates": [ -87.819195318866832, 42.612156865368966 ] } },
{ "type": "Feature", "properties": { "OBJECTID": 1123, "Sheet1__Tr": 1351.0, "Sheet1__Ra": -1.7985664609400001, "Sheet1___1": -3.6404145737400002 }, "geometry": { "type": "Point", "coordinates": [ -87.819270893926543, 42.613035173543231 ] } },
{ "type": "Feature", "properties": { "OBJECTID": 1124, "Sheet1__Tr": 1361.0, "Sheet1__Ra": -1.65419761273, "Sheet1___1": -2.0459109238800002 }, "geometry": { "type": "Point", "coordinates": [ -87.819347416405904, 42.613922100621473 ] } },
{ "type": "Feature", "properties": { "OBJECTID": 1125, "Sheet1__Tr": 1371.0, "Sheet1__Ra": -1.9316155877200001, "Sheet1___1": -3.1598667760299999 }, "geometry": { "type": "Point", "coordinates": [ -87.819422670422057, 42.614786319266045 ] } },
{ "type": "Feature", "properties": { "OBJECTID": 1126, "Sheet1__Tr": 1381.0, "Sheet1__Ra": -2.7568488388699999, "Sheet1___1": -3.8027879874399999 }, "geometry": { "type": "Point", "coordinates": [ -87.819498803706452, 42.615650421533168 ] } },
{ "type": "Feature", "properties": { "OBJECTID": 1127, "Sheet1__Tr": 1391.0, "Sheet1__Ra": -2.81323761745, "Sheet1___1": -2.7067508930100002 }, "geometry": { "type": "Point", "coordinates": [ -87.819575823911649, 42.616514444409624 ] } },
{ "type": "Feature", "properties": { "OBJECTID": 1128, "Sheet1__Tr": 1401.0, "Sheet1__Ra": -2.4798675720899999, "Sheet1___1": -1.62229915613 }, "geometry": { "type": "Point", "coordinates": [ -87.819653735746286, 42.6173784252898 ] } },
{ "type": "Feature", "properties": { "OBJECTID": 1129, "Sheet1__Tr": 1411.0, "Sheet1__Ra": -1.24256974589, "Sheet1___1": -1.5287217341199999 }, "geometry": { "type": "Point", "coordinates": [ -87.819654442016784, 42.618240569582973 ] } },
{ "type": "Feature", "properties": { "OBJECTID": 1130, "Sheet1__Tr": 1421.0, "Sheet1__Ra": -0.082706502518199998, "Sheet1___1": -1.14709986287 }, "geometry": { "type": "Point", "coordinates": [ -87.819502147492926, 42.61909913667192 ] } },
{ "type": "Feature", "properties": { "OBJECTID": 1131, "Sheet1__Tr": 1431.0, "Sheet1__Ra": 0.80837186187099996, "Sheet1___1": -0.46020786571099997 }, "geometry": { "type": "Point", "coordinates": [ -87.819350930185621, 42.619955904047302 ] } },
{ "type": "Feature", "properties": { "OBJECTID": 1132, "Sheet1__Tr": 1441.0, "Sheet1__Ra": 1.8108755068, "Sheet1___1": 0.50237862898600005 }, "geometry": { "type": "Point", "coordinates": [ -87.819201346669843, 42.620807879384856 ] } },
{ "type": "Feature", "properties": { "OBJECTID": 1133, "Sheet1__Tr": 1451.0, "Sheet1__Ra": 2.7525905859600002, "Sheet1___1": 1.6626248942 }, "geometry": { "type": "Point", "coordinates": [ -87.819053009837063, 42.621660041104427 ] } },
{ "type": "Feature", "properties": { "OBJECTID": 1134, "Sheet1__Tr": 1461.0, "Sheet1__Ra": 3.0809982493799999, "Sheet1___1": 0.197885394849 }, "geometry": { "type": "Point", "coordinates": [ -87.818903691517804, 42.622523803731418 ] } },
{ "type": "Feature", "properties": { "OBJECTID": 1186, "Sheet1__Tr": 1111.0, "Sheet1__Ra": -2.0357746560100001, "Sheet1___1": -6.3096787550600002 }, "geometry": { "type": "Point", "coordinates": [ -87.813651949164651, 42.592074506184261 ] } },
{ "type": "Feature", "properties": { "OBJECTID": 1187, "Sheet1__Tr": 1121.0, "Sheet1__Ra": -1.90905372652, "Sheet1___1": -6.1684418599099997 }, "geometry": { "type": "Point", "coordinates": [ -87.813876693204691, 42.593001836559807 ] } },
{ "type": "Feature", "properties": { "OBJECTID": 1188, "Sheet1__Tr": 1131.0, "Sheet1__Ra": -1.6929988649800001, "Sheet1___1": -5.0077173773299997 }, "geometry": { "type": "Point", "coordinates": [ -87.814095087995952, 42.593900831242124 ] } }
]
}
